Protein	Protein ID	Entry Name	Gene	Protein Length	Organism	Protein Existence	Description	Protein Probability	Top Peptide Probability	Combined Total Peptides	Combined Spectral Count	Combined Unique Spectral Count	Combined Total Spectral Count	RAT_NP_1 Spectral Count	RAT_NP_2 Spectral Count	RAT_NP_3 Spectral Count	RAT_SP_1 Spectral Count	RAT_SP_2 Spectral Count	RAT_SP_3 Spectral Count	RAT_NP_1 Unique Spectral Count	RAT_NP_2 Unique Spectral Count	RAT_NP_3 Unique Spectral Count	RAT_SP_1 Unique Spectral Count	RAT_SP_2 Unique Spectral Count	RAT_SP_3 Unique Spectral Count	RAT_NP_1 Total Spectral Count	RAT_NP_2 Total Spectral Count	RAT_NP_3 Total Spectral Count	RAT_SP_1 Total Spectral Count	RAT_SP_2 Total Spectral Count	RAT_SP_3 Total Spectral Count	RAT_NP_1 Intensity	RAT_NP_2 Intensity	RAT_NP_3 Intensity	RAT_SP_1 Intensity	RAT_SP_2 Intensity	RAT_SP_3 Intensity	RAT_NP_1 MaxLFQ Intensity	RAT_NP_2 MaxLFQ Intensity	RAT_NP_3 MaxLFQ Intensity	RAT_SP_1 MaxLFQ Intensity	RAT_SP_2 MaxLFQ Intensity	RAT_SP_3 MaxLFQ Intensity	Indistinguishable Proteins
sp|A0A096MJN4|SEPT4_RAT	A0A096MJN4	SEPT4_RAT	Septin4	459	Rattus norvegicus	1:Experimental evidence at protein level	Septin-4	0.9577	0.9988	2	2	0	5	0	0	0	1	0	1	0	0	0	0	0	0	0	0	0	2	1	2	1733790.1	1642686.4	2180126.5	1641407.6	1729543.0	1418332.5	1733790.1	1642686.4	2180126.5	1641407.6	1729543.0	1418332.5	
sp|A0A0G2JUG7|IQEC1_RAT	A0A0G2JUG7	IQEC1_RAT	Iqsec1	962	Rattus norvegicus	1:Experimental evidence at protein level	IQ motif and SEC7 domain-containing protein 1	0.9666	0.9989	1	4	4	4	1	0	0	1	1	1	1	0	0	1	1	1	1	0	0	1	1	1	0.0	0.0	0.0	0.0	0.0	0.0	0.0	0.0	0.0	0.0	0.0	0.0	
sp|A0A0G2K047|ACSS3_RAT	A0A0G2K047	ACSS3_RAT	Acss3	683	Rattus norvegicus	1:Experimental evidence at protein level	Acyl-CoA synthetase short-chain family member 3, mitochondrial	1.0	0.999	4	10	10	10	3	2	2	2	1	0	3	2	2	2	1	0	3	2	2	2	1	0	7924594.0	7700936.5	1.0024416E7	1.2731708E7	4052272.0	8014683.5	4449313.0	4498763.0	5852113.0	7151530.0	6210372.0	4631062.5	
sp|A0A0G2K0D3|LMOD1_RAT	A0A0G2K0D3	LMOD1_RAT	Lmod1	595	Rattus norvegicus	1:Experimental evidence at protein level	Leiomodin-1	0.7285	0.9887	1	1	1	1	1	0	0	0	0	0	1	0	0	0	0	0	1	0	0	0	0	0	2.4409672E7	0.0	0.0	1.3323431E7	0.0	2.1378058E7	2.4409672E7	0.0	0.0	1.3323431E7	0.0	2.1378058E7	
sp|A0A0G2K2P5|ZO1_RAT	A0A0G2K2P5	ZO1_RAT	Tjp1	1765	Rattus norvegicus	1:Experimental evidence at protein level	Tight junction protein ZO-1	1.0	0.999	10	37	37	37	5	7	6	6	6	7	5	7	6	6	6	7	5	7	6	6	6	7	1.08163832E8	9.5784072E7	1.07293496E8	1.3879432E8	7.6463736E7	6.9776582E8	7.6959392E7	8.1098096E7	9.0231824E7	1.23080336E8	1.1425584E8	1.3107856E8	
sp|A0A6N3IN21|SDSL_RAT	A0A6N3IN21	SDSL_RAT	Sdsl	329	Rattus norvegicus	1:Experimental evidence at protein level	Serine dehydratase-like	0.9993	0.999	2	6	6	6	2	1	1	1	0	1	2	1	1	1	0	1	2	1	1	1	0	1	2646603.5	2863982.5	2403355.2	2005146.5	1502334.4	1347127.6	2646603.5	2863982.5	2403355.2	2005146.5	1502334.4	1347127.6	
sp|A0A8I5ZNK2|OXSR1_RAT	A0A8I5ZNK2	OXSR1_RAT	Oxsr1	528	Rattus norvegicus	1:Experimental evidence at protein level	Serine/threonine-protein kinase OSR1	1.0	0.999	4	16	11	16	4	2	2	0	5	3	3	1	2	0	3	2	4	2	2	0	5	3	1.6646422E7	1.5215788E7	1.690609E7	1.765642E7	2.30124E7	2.5046952E7	5908622.5	5371486.5	5882726.0	7405045.5	8583795.0	8749954.0	
sp|A0A8I6ASZ5|TCF25_RAT	A0A8I6ASZ5	TCF25_RAT	Tcf25	666	Rattus norvegicus	1:Experimental evidence at protein level	Ribosome quality control complex subunit TCF25	0.9685	0.999	1	1	1	1	0	0	1	0	0	0	0	0	1	0	0	0	0	0	1	0	0	0	5339429.0	3239778.5	3769624.0	4264669.0	3554818.8	4207926.0	5339429.0	3239778.5	3769624.0	4264669.0	3554818.8	4207926.0	
sp|A0A8I6G705|RBPMS_RAT	A0A8I6G705	RBPMS_RAT	Rbpms	197	Rattus norvegicus	1:Experimental evidence at protein level	RNA-binding protein with multiple splicing	0.9675	0.999	1	3	3	3	1	0	1	0	1	0	1	0	1	0	1	0	1	0	1	0	1	0	1963457.1	0.0	2068376.6	2687405.2	3807721.2	2883142.0	1963457.1	0.0	2068376.6	2687405.2	3807721.2	2883142.0	
sp|A0A8I6GM68|HDAC6_RAT	A0A8I6GM68	HDAC6_RAT	Hdac6	1183	Rattus norvegicus	3:Protein inferred from homology	Protein deacetylase HDAC6	0.9685	0.999	1	4	4	4	0	1	0	1	1	1	0	1	0	1	1	1	0	1	0	1	1	1	3512113.2	4380281.0	3519603.2	4185972.8	2670254.5	4005429.2	3512113.2	4380281.0	3519603.2	4185972.8	2670254.5	4005429.2	
sp|A0JPJ7|OLA1_RAT	A0JPJ7	OLA1_RAT	Ola1	396	Rattus norvegicus	2:Experimental evidence at transcript level	Obg-like ATPase 1	1.0	0.999	11	64	64	64	11	14	10	8	10	11	11	14	10	8	10	11	11	14	10	8	10	11	2.85000768E8	2.50385312E8	2.71850592E8	2.15107872E8	2.28637216E8	2.06349616E8	5.0835948E7	5.0656752E7	5.0251988E7	4.5106212E7	4.735744E7	4.449138E7	
sp|A0JPM9|EIF3J_RAT	A0JPM9	EIF3J_RAT	Eif3j	259	Rattus norvegicus	1:Experimental evidence at protein level	Eukaryotic translation initiation factor 3 subunit J	1.0	0.999	9	50	50	50	7	10	8	8	8	9	7	10	8	8	8	9	7	10	8	8	8	9	3.7736032E8	4.52888896E8	4.45062752E8	3.15992896E8	3.47997408E8	3.45028096E8	1.18886728E8	1.46602688E8	1.48679728E8	1.0016324E8	1.12399984E8	1.09837768E8	
sp|A0JPP1|NC2A_RAT	A0JPP1	NC2A_RAT	Drap1	205	Rattus norvegicus	2:Experimental evidence at transcript level	Dr1-associated corepressor	0.7062	0.9873	1	3	3	3	0	0	0	1	1	1	0	0	0	1	1	1	0	0	0	1	1	1	3573434.2	5678007.0	4610809.5	3630019.5	4597628.0	4341620.5	3573434.2	5678007.0	4610809.5	3630019.5	4597628.0	4341620.5	
sp|A0MZ67|SHOT1_RAT	A0MZ67	SHOT1_RAT	Shtn1	633	Rattus norvegicus	1:Experimental evidence at protein level	Shootin-1	1.0	0.999	6	14	14	14	1	3	4	3	0	3	1	3	4	3	0	3	1	3	4	3	0	3	3.517236E7	2.6566732E7	2.4571698E7	2.8137448E7	2.958654E7	3.2634972E7	8373859.0	8348246.5	7603392.0	7471125.0	8253014.0	8813887.0	
sp|A1A5P0|BORG5_RAT	A1A5P0	BORG5_RAT	Cdc42ep1	388	Rattus norvegicus	1:Experimental evidence at protein level	Cdc42 effector protein 1	1.0	0.999	5	14	14	14	2	2	1	3	3	3	2	2	1	3	3	3	2	2	1	3	3	3	1.8894592E7	1.9900952E7	2.2879996E7	2.0360744E7	2.7620826E7	2.779197E7	8911850.0	9663821.0	1.1451759E7	1.027379E7	1.1884038E7	1.1100501E7	
sp|A1A5Q6|SMK_RAT	A1A5Q6	SMK_RAT	Smok	654	Rattus norvegicus	2:Experimental evidence at transcript level	Sperm motility kinase	0.6397	0.9829	1	2	2	2	0	0	1	0	0	1	0	0	1	0	0	1	0	0	1	0	0	1	7514553.0	6932116.0	9374854.0	7200068.0	6977993.0	6667359.0	7514553.0	6932116.0	9374854.0	7200068.0	6977993.0	6667359.0	
sp|A1A5R1|RFOX2_RAT	A1A5R1	RFOX2_RAT	Rbfox2	432	Rattus norvegicus	2:Experimental evidence at transcript level	RNA binding protein fox-1 homolog 2	0.9601	0.9987	1	2	2	2	0	1	1	0	0	0	0	1	1	0	0	0	0	1	1	0	0	0	0.0	0.0	7.357648E7	0.0	0.0	0.0	0.0	0.0	0.0	0.0	0.0	0.0	
sp|A1A5S1|PRP6_RAT	A1A5S1	PRP6_RAT	Prpf6	941	Rattus norvegicus	1:Experimental evidence at protein level	Pre-mRNA-processing factor 6	0.9999	0.999	2	2	2	2	0	0	0	0	0	2	0	0	0	0	0	2	0	0	0	0	0	2	883524.9	0.0	0.0	3214480.5	775592.0	4564248.0	883524.9	0.0	0.0	3214480.5	775592.0	2716750.5	
sp|A1L108|ARP5L_RAT	A1L108	ARP5L_RAT	Arpc5l	153	Rattus norvegicus	1:Experimental evidence at protein level	Actin-related protein 2/3 complex subunit 5-like protein	1.0	0.999	3	7	7	7	1	2	1	1	1	1	1	2	1	1	1	1	1	2	1	1	1	1	3.937286E7	4.6047984E7	4.4910172E7	3.2747444E7	3.242818E7	3.5963484E7	1.8183776E7	2.0914548E7	1.8544766E7	1.548623E7	1.5302583E7	1.702226E7	
sp|A1L1J9|LMF2_RAT	A1L1J9	LMF2_RAT	Lmf2	702	Rattus norvegicus	2:Experimental evidence at transcript level	Lipase maturation factor 2	0.9685	0.999	1	1	1	1	0	0	0	1	0	0	0	0	0	1	0	0	0	0	0	1	0	0	2579948.2	1055434.4	445342.06	4832008.0	4465226.5	3561816.8	2579948.2	1055434.4	445342.06	4832008.0	4465226.5	3561816.8	
sp|A1L1L2|TM214_RAT	A1L1L2	TM214_RAT	Tmem214	685	Rattus norvegicus	2:Experimental evidence at transcript level	Transmembrane protein 214	1.0	0.999	11	42	42	42	11	6	5	6	6	8	11	6	5	6	6	8	11	6	5	6	6	8	1.07608144E8	5.8179532E7	4.9492376E7	1.2809768E8	1.0488824E8	1.0563424E8	1.9624102E7	1.0239032E7	9427119.0	2.3195906E7	1.8453988E7	1.995061E7	
sp|A2RUW1|TOLIP_RAT	A2RUW1	TOLIP_RAT	Tollip	274	Rattus norvegicus	1:Experimental evidence at protein level	Toll-interacting protein	1.0	0.999	2	10	10	10	2	2	2	1	1	2	2	2	2	1	1	2	2	2	2	1	1	2	1.8353266E7	2.356346E7	2.1859356E7	2.1701188E7	2.1889752E7	2.1069388E7	1.0363837E7	1.3703723E7	1.2768931E7	1.2323845E7	1.2415023E7	1.2274202E7	
sp|A2VCW5|S38A5_RAT	A2VCW5	S38A5_RAT	Slc38a5	479	Rattus norvegicus	1:Experimental evidence at protein level	Sodium-coupled neutral amino acid transporter 5	1.0	0.999	3	6	6	6	2	0	0	2	2	0	2	0	0	2	2	0	2	0	0	2	2	0	2.2345442E7	9962028.0	5667945.0	2.3440378E7	2.071732E7	2.3290208E7	1.5061088E7	6822468.0	3791107.8	1.4997321E7	1.4183399E7	1.4608364E7	
sp|A2VCW9|AASS_RAT	A2VCW9	AASS_RAT	Aass	926	Rattus norvegicus	2:Experimental evidence at transcript level	Alpha-aminoadipic semialdehyde synthase, mitochondrial	1.0	0.999	4	8	8	8	1	2	3	1	0	1	1	2	3	1	0	1	1	2	3	1	0	1	6.2484388E7	6.3858296E7	6.0474924E7	1.7058646E7	5.1078596E7	5.121426E7	3.2378086E7	3.2620114E7	3.1066232E7	3.1762428E7	3.0351536E7	2.6651208E7	
sp|A2VCX1|TIPRL_RAT	A2VCX1	TIPRL_RAT	Tiprl	271	Rattus norvegicus	1:Experimental evidence at protein level	TIP41-like protein	1.0	0.999	3	8	8	8	3	1	1	1	1	1	3	1	1	1	1	1	3	1	1	1	1	1	4735340.0	5222834.5	4716251.0	3188852.5	4227605.0	2553294.0	2172382.5	2469788.0	2559539.8	2816108.2	5083834.5	2268123.0	
sp|A2VD12|PBIP1_RAT	A2VD12	PBIP1_RAT	Pbxip1	722	Rattus norvegicus	1:Experimental evidence at protein level	Pre-B-cell leukemia transcription factor-interacting protein 1	0.9673	0.999	1	1	1	1	0	0	0	0	0	1	0	0	0	0	0	1	0	0	0	0	0	1	0.0	0.0	0.0	0.0	0.0	0.0	0.0	0.0	0.0	0.0	0.0	0.0	
sp|A4V8B4|SAV1_RAT	A4V8B4	SAV1_RAT	Sav1	387	Rattus norvegicus	2:Experimental evidence at transcript level	Protein salvador homolog 1	0.8892	0.9962	1	3	3	3	1	0	2	0	0	0	1	0	2	0	0	0	1	0	2	0	0	0	9859755.0	0.0	1.5580585E7	0.0	0.0	0.0	9859755.0	0.0	1.5580585E7	0.0	0.0	0.0	
sp|A6HD62|CHIP_RAT	A6HD62	CHIP_RAT	Stub1	304	Rattus norvegicus	1:Experimental evidence at protein level	E3 ubiquitin-protein ligase CHIP	1.0	0.999	3	9	9	9	2	2	2	1	1	1	2	2	2	1	1	1	2	2	2	1	1	1	1.13775E7	1.171176E7	9162557.0	7856942.5	1.1029984E7	1.0090253E7	4588794.0	4603204.5	3629953.5	4561608.5	3899258.0	5881108.0	
sp|A6IPG1|EF1B_RAT	A6IPG1	EF1B_RAT	Eef1b2	225	Rattus norvegicus	1:Experimental evidence at protein level	Elongation factor 1-beta	1.0	0.999	6	72	72	72	12	14	15	9	11	11	12	14	15	9	11	11	12	14	15	9	11	11	1.66375475E9	2.00142656E9	1.96797517E9	1.32381568E9	1.65605517E9	1.73005312E9	4.12318912E8	4.88765696E8	5.0322064E8	3.58781504E8	3.89137536E8	3.98332576E8	
sp|A6K136|PPM1K_RAT	A6K136	PPM1K_RAT	Ppm1k	372	Rattus norvegicus	1:Experimental evidence at protein level	Protein phosphatase Mn(2+)-dependent 1K	0.9999	0.999	2	8	8	8	2	2	2	0	1	1	2	2	2	0	1	1	2	2	2	0	1	1	3708658.0	4392293.0	4414149.5	1281611.2	2970310.5	1842722.0	3708658.0	4392293.0	4414149.5	1281611.2	2970310.5	1842722.0	
sp|A7VJC2|ROA2_RAT	A7VJC2	ROA2_RAT	Hnrnpa2b1	353	Rattus norvegicus	1:Experimental evidence at protein level	Heterogeneous nuclear ribonucleoproteins A2/B1	1.0	0.999	16	270	227	270	45	47	44	42	45	47	39	41	38	34	37	38	45	47	44	42	45	47	2.90673178E9	3.32095002E9	3.51024E9	3.44390963E9	3.58752845E9	3.74554778E9	4.2876912E8	5.09482592E8	5.31431008E8	4.83899424E8	5.06708416E8	5.17427904E8	
sp|A9UMV8|H2AJ_RAT	A9UMV8	H2AJ_RAT	H2aj	129	Rattus norvegicus	2:Experimental evidence at transcript level	Histone H2A.J	1.0	0.999	3	37	0	37	5	8	7	6	6	5	0	0	0	0	0	0	5	8	7	6	6	5	3.6797232E8	4.55329248E8	4.3045984E8	5.15363616E8	5.5562912E8	5.12609088E8	1.5631464E8	1.91152992E8	1.83063488E8	2.12676016E8	2.29612048E8	2.1591328E8	sp|P02262|H2A1_RAT, sp|P0C169|H2A1C_RAT, sp|P0C170|H2A1E_RAT, sp|P0CC09|H2A2A_RAT, sp|Q00728|H2A4_RAT, sp|Q4FZT6|H2A3_RAT, sp|Q64598|H2A1F_RAT
sp|B0BN18|PFD2_RAT	B0BN18	PFD2_RAT	Pfdn2	154	Rattus norvegicus	2:Experimental evidence at transcript level	Prefoldin subunit 2	1.0	0.999	4	18	18	18	4	5	3	1	3	2	4	5	3	1	3	2	4	5	3	1	3	2	8.9300576E7	1.07214392E8	1.19221224E8	7.0881888E7	5.807454E7	7.9933208E7	2.5605288E7	3.1680796E7	3.4728116E7	2.138569E7	2.4308664E7	2.4232234E7	
sp|B0BN85|SGT1_RAT	B0BN85	SGT1_RAT	Sugt1	336	Rattus norvegicus	2:Experimental evidence at transcript level	Protein SGT1 homolog	1.0	0.999	8	24	24	24	3	5	3	4	4	5	3	5	3	4	4	5	3	5	3	4	4	5	5.2419816E7	5.2478964E7	5.2879712E7	4.5220228E7	4.7496652E7	4.8440432E7	1.759077E7	1.6794776E7	1.5813342E7	1.5584979E7	1.7200328E7	1.6263218E7	
sp|B0BN93|PSD13_RAT	B0BN93	PSD13_RAT	Psmd13	376	Rattus norvegicus	1:Experimental evidence at protein level	26S proteasome non-ATPase regulatory subunit 13	1.0	0.999	8	24	24	24	5	3	3	4	4	5	5	3	3	4	4	5	5	3	3	4	4	5	5.2454296E7	3.7489828E7	3.6890568E7	6.1484872E7	4.7832296E7	4.801948E7	1.1896964E7	8568431.0	7820451.0	1.3716116E7	1.1129694E7	1.0914019E7	
sp|B0BN94|F136A_RAT	B0BN94	F136A_RAT	Fam136a	138	Rattus norvegicus	1:Experimental evidence at protein level	Protein FAM136A	1.0	0.999	7	16	16	16	4	4	4	2	1	1	4	4	4	2	1	1	4	4	4	2	1	1	4.6230248E7	8.3562912E7	9.5052784E7	2.9178792E7	4.2431992E7	3.9905008E7	1.5655993E7	1.9541902E7	2.4775516E7	8608706.0	1.1012268E7	1.1372532E7	
sp|B0BNA5|COTL1_RAT	B0BNA5	COTL1_RAT	Cotl1	142	Rattus norvegicus	1:Experimental evidence at protein level	Coactosin-like protein	1.0	0.999	6	26	26	26	4	4	5	5	4	4	4	4	5	5	4	4	4	4	5	5	4	4	6.3088184E7	7.0718104E7	8.0203016E7	1.21325216E8	1.19121192E8	1.18250576E8	2.0949956E7	2.42731E7	2.6561786E7	3.6023024E7	4.0019072E7	3.7556236E7	
sp|B0BNA7|EIF3I_RAT	B0BNA7	EIF3I_RAT	Eif3i	325	Rattus norvegicus	2:Experimental evidence at transcript level	Eukaryotic translation initiation factor 3 subunit I	1.0	0.999	12	119	119	119	21	24	23	17	17	17	21	24	23	17	17	17	21	24	23	17	17	17	5.6305517E8	6.0307878E8	6.2678451E8	4.3938704E8	4.75957248E8	4.4935664E8	8.3584136E7	8.95892E7	9.423244E7	6.5373488E7	7.0136288E7	7.4372E7	
sp|B0BNE2|RPAB1_RAT	B0BNE2	RPAB1_RAT	Polr2e	210	Rattus norvegicus	2:Experimental evidence at transcript level	DNA-directed RNA polymerases I, II, and III subunit RPABC1	0.9685	0.999	1	3	3	3	1	1	0	0	1	0	1	1	0	0	1	0	1	1	0	0	1	0	3428769.2	3699003.5	3034344.2	3031929.5	4447732.0	3851966.2	3428769.2	3699003.5	3034344.2	3031929.5	4447732.0	3851966.2	
sp|B0BNE4|EPAB2_RAT	B0BNE4	EPAB2_RAT	Pabpn1l	269	Rattus norvegicus	2:Experimental evidence at transcript level	Embryonic polyadenylate-binding protein 2	0.7588	0.9903	1	4	4	4	0	1	1	1	0	1	0	1	1	1	0	1	0	1	1	1	0	1	1.2551716E7	1.7197402E7	1.8076542E7	1.4350696E7	1.1618758E7	1.7317108E7	1.2551716E7	1.7197402E7	1.8076542E7	1.4350696E7	1.1618758E7	1.7317108E7	
sp|B0BNE5|ESTD_RAT	B0BNE5	ESTD_RAT	Esd	282	Rattus norvegicus	2:Experimental evidence at transcript level	S-formylglutathione hydrolase	1.0	0.999	9	67	67	67	13	9	10	11	13	11	13	9	10	11	13	11	13	9	10	11	13	11	3.51897024E8	2.74875936E8	2.71918656E8	3.08581216E8	3.31089088E8	3.40567776E8	8.2647056E7	7.5785512E7	6.4557928E7	8.7906504E7	8.5001832E7	8.3634016E7	
sp|B0BNF1|SEPT8_RAT	B0BNF1	SEPT8_RAT	Septin8	442	Rattus norvegicus	1:Experimental evidence at protein level	Septin-8	1.0	0.999	5	9	9	26	3	0	2	1	1	2	3	0	2	1	1	2	6	2	5	4	4	5	3.4959052E7	2771971.0	2.4804252E7	1.4590458E7	1.5410222E7	2.016321E7	1.1530256E7	1.0512273E7	1.0952754E7	1.1594801E7	1.2575704E7	1.5848083E7	
sp|B0BNG0|EMC2_RAT	B0BNG0	EMC2_RAT	Emc2	297	Rattus norvegicus	2:Experimental evidence at transcript level	ER membrane protein complex subunit 2	1.0	0.999	2	12	12	12	1	2	1	3	3	2	1	2	1	3	3	2	1	2	1	3	3	2	1.512114E7	1.822801E7	1.2976676E7	5.5992096E7	5.8379616E7	6.0933188E7	7116798.5	9794157.0	1.0057539E7	3.6894992E7	3.8709228E7	4.035046E7	
sp|B0BNM1|NNRE_RAT	B0BNM1	NNRE_RAT	Naxe	282	Rattus norvegicus	2:Experimental evidence at transcript level	NAD(P)H-hydrate epimerase	1.0	0.999	5	23	23	23	4	5	5	3	4	2	4	5	5	3	4	2	4	5	5	3	4	2	8.4289232E7	8.0473472E7	7.7397992E7	6.2099004E7	7.3430328E7	6.3031708E7	3.274012E7	3.5511084E7	3.353976E7	2.5773722E7	2.8289254E7	2.4777288E7	
sp|B0BNN3|CAH1_RAT	B0BNN3	CAH1_RAT	Ca1	261	Rattus norvegicus	1:Experimental evidence at protein level	Carbonic anhydrase 1	1.0	0.999	7	29	29	29	3	4	5	5	7	5	3	4	5	5	7	5	3	4	5	5	7	5	5.2367352E7	6.4596376E7	6.22957E7	1.08990272E8	1.27967288E8	1.22410016E8	1.4738662E7	1.6584857E7	1.7479174E7	3.0980302E7	3.7397564E7	3.3801352E7	
sp|B0K019|BAG1_RAT	B0K019	BAG1_RAT	Bag1	358	Rattus norvegicus	1:Experimental evidence at protein level	BAG family molecular chaperone regulator 1	1.0	0.999	4	11	11	11	2	3	2	1	1	2	2	3	2	1	1	2	2	3	2	1	1	2	1.34637E7	1.6227495E7	1.7407668E7	1.1697883E7	1.4782057E7	1.4471014E7	5473388.5	6624651.5	7825184.0	5642051.0	5655276.0	5701637.0	
sp|B0K020|CISD1_RAT	B0K020	CISD1_RAT	Cisd1	108	Rattus norvegicus	3:Protein inferred from homology	CDGSH iron-sulfur domain-containing protein 1	0.9685	0.999	1	3	3	3	1	1	1	0	0	0	1	1	1	0	0	0	1	1	1	0	0	0	8535188.0	9932367.0	1.0358942E7	5354553.0	6546251.0	5449298.5	8535188.0	9932367.0	1.0358942E7	5354553.0	6546251.0	5449298.5	
sp|B0K036|SDHF1_RAT	B0K036	SDHF1_RAT	Sdhaf1	118	Rattus norvegicus	3:Protein inferred from homology	Succinate dehydrogenase assembly factor 1, mitochondrial	0.9685	0.999	1	1	1	1	0	1	0	0	0	0	0	1	0	0	0	0	0	1	0	0	0	0	0.0	2708939.2	2671570.2	0.0	0.0	1616956.9	0.0	2708939.2	2671570.2	0.0	0.0	1616956.9	
sp|B0LPN4|RYR2_RAT	B0LPN4	RYR2_RAT	Ryr2	4955	Rattus norvegicus	1:Experimental evidence at protein level	Ryanodine receptor 2	0.968	0.9878	2	2	2	2	1	1	0	0	0	0	1	1	0	0	0	0	1	1	0	0	0	0	2520795.8	0.0	0.0	0.0	0.0	0.0	0.0	0.0	0.0	0.0	0.0	0.0	
sp|B0LT89|STK24_RAT	B0LT89	STK24_RAT	Stk24	431	Rattus norvegicus	2:Experimental evidence at transcript level	Serine/threonine-protein kinase 24	1.0	0.999	2	11	11	11	2	2	2	2	1	2	2	2	2	2	1	2	2	2	2	2	1	2	9060421.0	8267948.0	7056002.0	1.0359748E7	1.3079823E7	1.0273851E7	5606189.5	5455377.0	4644010.5	6750081.5	8181287.0	6671178.5	
sp|B1H267|SNX5_RAT	B1H267	SNX5_RAT	Snx5	404	Rattus norvegicus	1:Experimental evidence at protein level	Sorting nexin-5	1.0	0.999	11	33	33	33	9	4	3	7	6	4	9	4	3	7	6	4	9	4	3	7	6	4	9.3747544E7	8.7611056E7	8.1380008E7	9.12382E7	7.9165152E7	8.906808E7	1.4253556E7	1.4628742E7	1.5297385E7	1.4708597E7	1.5514064E7	1.4939655E7	
sp|B1WC61|ACAD9_RAT	B1WC61	ACAD9_RAT	Acad9	625	Rattus norvegicus	1:Experimental evidence at protein level	Complex I assembly factor ACAD9, mitochondrial	0.9681	0.999	1	2	2	2	1	0	0	0	1	0	1	0	0	0	1	0	1	0	0	0	1	0	4038505.5	0.0	0.0	0.0	4756730.5	0.0	4038505.5	0.0	0.0	0.0	4756730.5	0.0	
sp|B2GUV7|IF2P_RAT	B2GUV7	IF2P_RAT	Eif5b	1216	Rattus norvegicus	1:Experimental evidence at protein level	Eukaryotic translation initiation factor 5B	1.0	0.999	19	90	90	90	17	18	15	14	13	13	17	18	15	14	13	13	17	18	15	14	13	13	7.1462406E8	6.6600352E8	6.2901043E8	7.7388941E8	7.6249504E8	7.2587539E8	3.17084384E8	2.69760512E8	3.0526896E8	2.74176928E8	2.60123936E8	2.54977536E8	
sp|B2GUY0|MA1B1_RAT	B2GUY0	MA1B1_RAT	Man1b1	657	Rattus norvegicus	2:Experimental evidence at transcript level	Endoplasmic reticulum mannosyl-oligosaccharide 1,2-alpha-mannosidase	0.8241	0.9935	1	1	1	1	0	0	0	0	1	0	0	0	0	0	1	0	0	0	0	0	1	0	0.0	0.0	0.0	0.0	596264.2	0.0	0.0	0.0	0.0	0.0	0.0	0.0	
sp|B2GUZ1|UBP4_RAT	B2GUZ1	UBP4_RAT	Usp4	961	Rattus norvegicus	1:Experimental evidence at protein level	Ubiquitin carboxyl-terminal hydrolase 4	0.8777	0.9957	1	1	0	1	0	0	1	0	0	0	0	0	0	0	0	0	0	0	1	0	0	0	2844256.2	2599222.2	2583242.0	2600554.5	2903844.5	3008616.2	2844256.2	2599222.2	2583242.0	2600554.5	2903844.5	3008616.2	sp|Q9R085|UBP15_RAT
sp|B2GUZ5|CAZA1_RAT	B2GUZ5	CAZA1_RAT	Capza1	286	Rattus norvegicus	1:Experimental evidence at protein level	F-actin-capping protein subunit alpha-1	1.0	0.999	10	40	40	58	8	7	9	5	6	5	8	7	9	5	6	5	11	10	10	9	9	9	1.06294944E8	1.01413096E8	1.05585864E8	1.00680296E8	9.413328E7	9.3656848E7	2.4463904E7	2.5774016E7	2.6047436E7	2.5483916E7	2.8616934E7	2.3924896E7	
sp|B2GV06|SCOT1_RAT	B2GV06	SCOT1_RAT	Oxct1	520	Rattus norvegicus	1:Experimental evidence at protein level	Succinyl-CoA:3-ketoacid coenzyme A transferase 1, mitochondrial	1.0	0.999	11	36	36	36	5	7	7	7	4	6	5	7	7	7	4	6	5	7	7	7	4	6	8.4466096E7	9.6071392E7	9.4800208E7	7.5566272E7	6.7773488E7	8.30776E7	1.8169142E7	1.693246E7	2.0283864E7	1.3505374E7	1.3651166E7	1.4953247E7	
sp|B2GV24|UFL1_RAT	B2GV24	UFL1_RAT	Ufl1	793	Rattus norvegicus	1:Experimental evidence at protein level	E3 UFM1-protein ligase 1	1.0	0.999	10	32	32	32	5	3	2	7	6	9	5	3	2	7	6	9	5	3	2	7	6	9	7.5134328E7	4.8006248E7	4.6218428E7	9.646764E7	8.2729488E7	9.0192712E7	1.5413617E7	1.0041466E7	9622679.0	1.9573974E7	1.7083878E7	1.6687434E7	
sp|B2GV38|UBL4A_RAT	B2GV38	UBL4A_RAT	Ubl4a	157	Rattus norvegicus	2:Experimental evidence at transcript level	Ubiquitin-like protein 4A	1.0	0.999	3	11	11	11	2	4	2	0	1	2	2	4	2	0	1	2	2	4	2	0	1	2	1.3466624E7	1.4275322E7	8082805.5	1.2522154E7	5195712.5	1.1814141E7	4720909.0	4660686.0	4485235.0	3985316.2	3037804.0	3723249.2	
sp|B2GV71|NDUF5_RAT	B2GV71	NDUF5_RAT	Ndufaf5	343	Rattus norvegicus	2:Experimental evidence at transcript level	Arginine-hydroxylase NDUFAF5, mitochondrial	0.9999	0.999	2	8	8	8	1	2	2	1	1	1	1	2	2	1	1	1	1	2	2	1	1	1	3.0863508E7	3.5795476E7	4.6967348E7	2.1901326E7	2.4309606E7	2.400356E7	3.198603E7	3.5795476E7	4.1533784E7	2.1901326E7	2.4309606E7	2.400356E7	
sp|B2GV77|NXT2_RAT	B2GV77	NXT2_RAT	Nxt2	142	Rattus norvegicus	2:Experimental evidence at transcript level	NTF2-related export protein 2	0.6994	0.9869	1	1	1	1	0	0	0	0	0	1	0	0	0	0	0	1	0	0	0	0	0	1	1853929.8	0.0	0.0	3753634.8	0.0	4016964.5	1853929.8	0.0	0.0	3753634.8	0.0	4016964.5	
sp|B2RYD2|ESRP1_RAT	B2RYD2	ESRP1_RAT	Esrp1	677	Rattus norvegicus	2:Experimental evidence at transcript level	Epithelial splicing regulatory protein 1	0.9685	0.999	1	2	2	2	1	1	0	0	0	0	1	1	0	0	0	0	1	1	0	0	0	0	3225340.2	1653462.5	2542561.8	4285010.0	5321409.0	4294542.0	3225340.2	1653462.5	2542561.8	4285010.0	5321409.0	4294542.0	
sp|B2RYF7|WASH1_RAT	B2RYF7	WASH1_RAT	Washc1	475	Rattus norvegicus	2:Experimental evidence at transcript level	WASH complex subunit 1	0.9757	0.999	2	5	5	5	1	1	1	0	1	1	1	1	1	0	1	1	1	1	1	0	1	1	4605121.5	3860804.8	5092972.0	4846925.5	597138.7	4612796.0	2688825.0	2599302.2	2577750.0	3950959.0	2028640.1	3762270.2	
sp|B2RYG1|FA32A_RAT	B2RYG1	FA32A_RAT	Fam32a	112	Rattus norvegicus	3:Protein inferred from homology	Protein FAM32A	0.9685	0.999	1	1	1	1	0	1	0	0	0	0	0	1	0	0	0	0	0	1	0	0	0	0	5950424.5	6172912.5	6512455.5	4373432.5	5791684.0	5685559.5	5950424.5	6172912.5	6512455.5	4373432.5	5791684.0	5685559.5	
sp|B2RYG6|OTUB1_RAT	B2RYG6	OTUB1_RAT	Otub1	271	Rattus norvegicus	1:Experimental evidence at protein level	Ubiquitin thioesterase OTUB1	1.0	0.999	11	62	62	62	10	12	11	10	10	9	10	12	11	10	10	9	10	12	11	10	10	9	1.64433712E8	1.7982528E8	1.7318328E8	1.4600896E8	1.86498656E8	1.50127616E8	2.9191638E7	2.8801206E7	2.7599182E7	2.7087298E7	2.7606762E7	2.730181E7	
sp|B2RYM5|BRCC3_RAT	B2RYM5	BRCC3_RAT	Brcc3	291	Rattus norvegicus	2:Experimental evidence at transcript level	Lys-63-specific deubiquitinase BRCC36	1.0	0.999	3	3	3	3	0	1	0	1	0	1	0	1	0	1	0	1	0	1	0	1	0	1	0.0	1804941.8	4136946.8	4122949.5	0.0	5804506.0	0.0	1943247.8	4453945.5	4438876.0	0.0	2666592.5	
sp|B2RYU6|TPC2L_RAT	B2RYU6	TPC2L_RAT	Trappc2l	139	Rattus norvegicus	2:Experimental evidence at transcript level	Trafficking protein particle complex subunit 2-like protein	0.9993	0.9977	2	4	4	4	0	2	0	1	0	1	0	2	0	1	0	1	0	2	0	1	0	1	0.0	2674870.2	0.0	2398487.0	1906790.9	1811769.2	0.0	2674870.2	0.0	2398487.0	1906790.9	1811769.2	
sp|B2RYW9|FAH2A_RAT	B2RYW9	FAH2A_RAT	Fahd2a	313	Rattus norvegicus	1:Experimental evidence at protein level	Oxaloacetate tautomerase Fahd2a, mitochondrial	1.0	0.999	8	27	27	27	6	7	6	4	2	2	6	7	6	4	2	2	6	7	6	4	2	2	8.3988024E7	9.2122856E7	9.61112E7	4.6653048E7	5.1461984E7	4.8905784E7	2.002386E7	2.203976E7	2.525119E7	1.2330465E7	1.2330108E7	1.184183E7	
sp|B2RZ27|SH3L3_RAT	B2RZ27	SH3L3_RAT	Sh3bgrl3	93	Rattus norvegicus	1:Experimental evidence at protein level	SH3 domain-binding glutamic acid-rich-like protein 3	0.9685	0.999	1	6	6	6	1	1	1	1	1	1	1	1	1	1	1	1	1	1	1	1	1	1	2.891788E7	3.565678E7	3.1452298E7	3.2646412E7	3.658176E7	3.6572396E7	2.891788E7	3.565678E7	3.1452298E7	3.2646412E7	3.658176E7	3.6572396E7	
sp|B2RZ37|REEP5_RAT	B2RZ37	REEP5_RAT	Reep5	189	Rattus norvegicus	1:Experimental evidence at protein level	Receptor expression-enhancing protein 5	1.0	0.999	2	18	18	18	4	3	2	4	2	3	4	3	2	4	2	3	4	3	2	4	2	3	2.77352096E8	1.89219408E8	1.79747952E8	3.56327424E8	2.50150992E8	3.59745504E8	1.85825072E8	1.4021752E8	1.52445664E8	2.48475024E8	2.03624688E8	2.31500656E8	
sp|B2RZ78|VPS29_RAT	B2RZ78	VPS29_RAT	Vps29	182	Rattus norvegicus	1:Experimental evidence at protein level	Vacuolar protein sorting-associated protein 29	1.0	0.999	7	41	41	41	6	7	6	7	7	8	6	7	6	7	7	8	6	7	6	7	7	8	8.7824408E7	9.2013328E7	9.4839544E7	8.281548E7	7.97576E7	8.5705896E7	1.97093E7	2.1326074E7	2.1836546E7	1.8689012E7	1.9987936E7	1.8877848E7	
sp|B2RZC9|KTAP2_RAT	B2RZC9	KTAP2_RAT	Krtcap2	136	Rattus norvegicus	2:Experimental evidence at transcript level	Dolichyl-diphosphooligosaccharide--protein glycosyltransferase subunit KCP2	0.9685	0.999	1	5	5	5	1	0	1	1	1	1	1	0	1	1	1	1	1	0	1	1	1	1	4858584.5	2751703.2	4840556.0	1.2099077E7	6874523.5	7711890.5	4858584.5	2751703.2	4840556.0	1.2099077E7	6874523.5	7711890.5	
sp|B3GNI6|SEP11_RAT	B3GNI6	SEP11_RAT	Septin11	431	Rattus norvegicus	1:Experimental evidence at protein level	Septin-11	1.0	0.999	9	30	24	41	4	5	6	3	5	7	3	4	5	2	4	6	6	6	8	5	7	9	1.3153E8	1.51498512E8	1.51198016E8	1.30208656E8	1.34489504E8	1.27660672E8	2.1466086E7	2.4551624E7	2.4506966E7	2.3412478E7	2.398028E7	2.2130962E7	
sp|B4F779|DP13B_RAT	B4F779	DP13B_RAT	Appl2	662	Rattus norvegicus	2:Experimental evidence at transcript level	DCC-interacting protein 13-beta	0.9685	0.999	1	3	3	3	0	1	1	1	0	0	0	1	1	1	0	0	0	1	1	1	0	0	0.0	2323036.0	0.0	0.0	0.0	0.0	0.0	0.0	0.0	0.0	0.0	0.0	
sp|B5DEN9|VPS28_RAT	B5DEN9	VPS28_RAT	Vps28	228	Rattus norvegicus	2:Experimental evidence at transcript level	Vacuolar protein sorting-associated protein 28 homolog	1.0	0.999	4	12	12	12	3	0	2	3	1	3	3	0	2	3	1	3	3	0	2	3	1	3	6072249.5	2220081.5	6212973.5	1.825352E7	8739276.0	8410908.0	5492163.0	4562654.0	3366493.2	4611679.5	3633306.5	3721793.5	
sp|B5DF89|CUL3_RAT	B5DF89	CUL3_RAT	Cul3	768	Rattus norvegicus	1:Experimental evidence at protein level	Cullin-3	0.9999	0.999	2	8	8	8	2	1	2	1	1	1	2	1	2	1	1	1	2	1	2	1	1	1	5136798.0	2810438.0	3294013.0	9048779.0	7379534.0	7371505.0	2862567.8	1564384.0	1835710.9	4881504.5	4091830.8	4026160.8	
sp|B5DF91|ELAV1_RAT	B5DF91	ELAV1_RAT	Elavl1	326	Rattus norvegicus	1:Experimental evidence at protein level	ELAV-like protein 1	1.0	0.999	7	29	29	29	4	4	4	6	5	6	4	4	4	6	5	6	4	4	4	6	5	6	5.104474E7	8.0204352E7	9.1178576E7	9.214888E7	9.4876016E7	1.01649216E8	2.0397068E7	2.2136894E7	2.2849006E7	2.2330376E7	2.322238E7	2.4594436E7	
sp|B5DFC8|EIF3C_RAT	B5DFC8	EIF3C_RAT	Eif3c	911	Rattus norvegicus	1:Experimental evidence at protein level	Eukaryotic translation initiation factor 3 subunit C	1.0	0.999	12	41	41	41	8	7	6	8	8	4	8	7	6	8	8	4	8	7	6	8	8	4	1.69958304E8	9.2203408E7	8.1049704E7	1.71268016E8	1.49090992E8	1.5386168E8	2.4654614E7	1.3405539E7	1.3845941E7	2.5943406E7	2.1583398E7	2.2419838E7	
sp|B5DFC9|NID2_RAT	B5DFC9	NID2_RAT	Nid2	1396	Rattus norvegicus	2:Experimental evidence at transcript level	Nidogen-2	0.9991	0.9986	3	4	4	4	0	0	0	1	1	2	0	0	0	1	1	2	0	0	0	1	1	2	4882984.0	6372549.0	6172415.0	4846507.0	4028492.2	7613515.5	4882984.0	6372549.0	6172415.0	4846507.0	4028492.2	0.0	
sp|B5DFN2|SAHH2_RAT	B5DFN2	SAHH2_RAT	Ahcyl1	483	Rattus norvegicus	1:Experimental evidence at protein level	S-adenosylhomocysteine hydrolase-like protein 1	1.0	0.999	8	18	18	25	4	4	4	3	1	2	4	4	4	3	1	2	5	5	5	5	2	3	4.2390852E7	3.4741248E7	3.4844584E7	2.8640092E7	3.5494128E7	4.355096E7	1.3253248E7	1.0583064E7	1.2411842E7	1.2390458E7	1.2411729E7	1.2741319E7	
sp|C9WPN6|IF2H_RAT	C9WPN6	IF2H_RAT	Eif2s3y	472	Rattus norvegicus	2:Experimental evidence at transcript level	Eukaryotic translation initiation factor 2 subunit 3, Y-linked	1.0	0.999	15	94	6	94	19	16	19	14	13	13	2	1	2	0	0	1	19	16	19	14	13	13	4.80020064E8	5.17816544E8	5.4953312E8	4.78872896E8	4.6229152E8	3.97872832E8	9.2435408E7	8.0180328E7	8.6046056E7	8.0929144E7	7.4205536E7	7.7543256E7	
sp|D2XV59|GTPB1_RAT	D2XV59	GTPB1_RAT	Gtpbp1	669	Rattus norvegicus	1:Experimental evidence at protein level	GTP-binding protein 1	0.9399	0.998	1	1	1	1	0	0	0	1	0	0	0	0	0	1	0	0	0	0	0	1	0	0	0.0	0.0	0.0	0.0	0.0	0.0	0.0	0.0	0.0	0.0	0.0	0.0	
sp|D3ZAF6|ATPK_RAT	D3ZAF6	ATPK_RAT	Atp5mf	88	Rattus norvegicus	1:Experimental evidence at protein level	ATP synthase F(0) complex subunit f, mitochondrial	1.0	0.999	2	11	11	11	3	2	1	2	1	2	3	2	1	2	1	2	3	2	1	2	1	2	5.8495612E7	3.7827912E7	3.4671212E7	3.5184692E7	3.5460728E7	3.6693668E7	2.9114536E7	2.2097678E7	1.916918E7	1.7245202E7	1.924296E7	1.9256258E7	
sp|D3ZBN0|H15_RAT	D3ZBN0	H15_RAT	H1-5	222	Rattus norvegicus	1:Experimental evidence at protein level	Histone H1.5	1.0	0.999	5	23	23	31	4	3	4	5	4	3	4	3	4	5	4	3	5	5	6	6	4	5	6.4854E7	8.084584E7	6.9553088E7	1.22331392E8	1.62368752E8	1.45493424E8	3.3041982E7	3.8643404E7	3.2095552E7	5.7887408E7	7.7758408E7	6.7936872E7	
sp|D3ZC96|TT39B_RAT	D3ZC96	TT39B_RAT	Ttc39b	617	Rattus norvegicus	3:Protein inferred from homology	Tetratricopeptide repeat protein 39B	0.9999	0.999	2	7	7	7	1	1	1	1	1	2	1	1	1	1	1	2	1	1	1	1	1	2	0.0	553294.4	0.0	0.0	0.0	0.0	0.0	0.0	0.0	0.0	0.0	0.0	
sp|D3ZCL3|RU1C_RAT	D3ZCL3	RU1C_RAT	Snrpc	159	Rattus norvegicus	3:Protein inferred from homology	U1 small nuclear ribonucleoprotein C	1.0	0.999	2	8	8	8	1	2	2	1	1	1	1	2	2	1	1	1	1	2	2	1	1	1	2.4720628E7	2.3112648E7	2.5534156E7	3.3536412E7	3.158285E7	3.014703E7	2.3373056E7	2.3112648E7	2.6008462E7	2.9459836E7	3.158285E7	2.7780082E7	
sp|D3ZD05|KANK2_RAT	D3ZD05	KANK2_RAT	Kank2	847	Rattus norvegicus	1:Experimental evidence at protein level	KN motif and ankyrin repeat domain-containing protein 2	0.947	0.9983	1	1	1	1	1	0	0	0	0	0	1	0	0	0	0	0	1	0	0	0	0	0	4.2275368E7	4.3952932E7	4.3621132E7	5.6305748E7	5.2379432E7	5.208078E7	4.2275368E7	4.3952932E7	4.3621132E7	5.6305748E7	5.2379432E7	5.208078E7	
sp|D3ZDK7|PGP_RAT	D3ZDK7	PGP_RAT	Pgp	321	Rattus norvegicus	1:Experimental evidence at protein level	Glycerol-3-phosphate phosphatase	1.0	0.999	3	4	4	4	0	1	1	1	1	0	0	1	1	1	1	0	0	1	1	1	1	0	9790590.0	1.4581491E7	9487522.0	9658610.0	1.1503007E7	1.3143511E7	5085920.0	5539089.0	4999021.5	6440042.5	6058166.5	5388253.5	
sp|D3ZF77|AK1CA_RAT	D3ZF77	AK1CA_RAT	Akr1c15	324	Rattus norvegicus	1:Experimental evidence at protein level	Aldo-keto reductase family 1 member C15	1.0	0.999	4	6	6	6	0	1	1	1	3	0	0	1	1	1	3	0	0	1	1	1	3	0	1.0283367E7	8524069.0	6894257.5	8708229.0	2688413.2	8789404.0	7769489.5	5192020.0	5661477.5	7197732.5	7224472.0	7217748.0	
sp|D3ZFD0|MY18A_RAT	D3ZFD0	MY18A_RAT	Myo18a	2044	Rattus norvegicus	1:Experimental evidence at protein level	Unconventional myosin-XVIIIa	1.0	0.999	4	10	10	10	1	1	0	3	2	3	1	1	0	3	2	3	1	1	0	3	2	3	0.0	0.0	0.0	0.0	0.0	0.0	0.0	0.0	0.0	0.0	0.0	0.0	
sp|D3ZHA0|FLNC_RAT	D3ZHA0	FLNC_RAT	Flnc	2726	Rattus norvegicus	1:Experimental evidence at protein level	Filamin-C	1.0	0.999	8	19	19	19	5	0	1	5	2	6	5	0	1	5	2	6	5	0	1	5	2	6	4.2180568E7	2.9667172E7	2.9580768E7	6.9770528E7	5.8581364E7	6.394524E7	9084060.0	6249279.5	6575844.5	1.4687661E7	1.226292E7	1.4015745E7	
sp|D3ZHV2|MACF1_RAT	D3ZHV2	MACF1_RAT	Macf1	5430	Rattus norvegicus	1:Experimental evidence at protein level	Microtubule-actin cross-linking factor 1	1.0	0.999	6	6	6	6	2	0	0	4	0	0	2	0	0	4	0	0	2	0	0	4	0	0	0.0	0.0	0.0	2.4587932E7	4094756.5	2895995.0	0.0	0.0	0.0	8594717.0	6051719.0	4280046.5	
sp|D3ZKT0|TAM41_RAT	D3ZKT0	TAM41_RAT	Tamm41	337	Rattus norvegicus	1:Experimental evidence at protein level	Phosphatidate cytidylyltransferase, mitochondrial	0.8405	0.9942	1	3	3	3	1	0	0	1	1	0	1	0	0	1	1	0	1	0	0	1	1	0	0.0	0.0	0.0	0.0	0.0	0.0	0.0	0.0	0.0	0.0	0.0	0.0	
sp|D3ZLZ7|IMDH1_RAT	D3ZLZ7	IMDH1_RAT	Impdh1	514	Rattus norvegicus	3:Protein inferred from homology	Inosine-5'-monophosphate dehydrogenase 1	1.0	0.999	13	48	41	48	9	9	13	5	7	5	8	8	11	4	6	4	9	9	13	5	7	5	1.97376992E8	1.99741344E8	2.82422656E8	2.1295208E8	1.94234144E8	1.46481536E8	5.5307064E7	6.0724372E7	6.7756104E7	4.2741756E7	4.0293988E7	4.2668768E7	
sp|D3ZMY7|5NTC_RAT	D3ZMY7	5NTC_RAT	Nt5c2	560	Rattus norvegicus	1:Experimental evidence at protein level	Cytosolic purine 5'-nucleotidase	1.0	0.999	3	7	7	7	1	0	1	2	1	2	1	0	1	2	1	2	1	0	1	2	1	2	3.1737586E7	1.5493392E7	1.5263576E7	4.9889072E7	2.2165872E7	2.142252E7	1.8638382E7	1.3122572E7	1.2861605E7	2.0382054E7	2.1365752E7	2.1238966E7	
sp|D3ZN95|HCFC1_RAT	D3ZN95	HCFC1_RAT	Hcfc1	2034	Rattus norvegicus	1:Experimental evidence at protein level	Host cell factor 1	0.9999	0.999	3	12	12	12	2	2	2	3	2	1	2	2	2	3	2	1	2	2	2	3	2	1	1.7384044E7	1.071782E7	1.1573384E7	2.282463E7	1.944602E7	1.6349603E7	1.4322211E7	1.071782E7	1.1573384E7	1.8761002E7	1.5581068E7	1.6349603E7	
sp|D3ZQG6|TRIM2_RAT	D3ZQG6	TRIM2_RAT	Trim2	744	Rattus norvegicus	1:Experimental evidence at protein level	Tripartite motif-containing protein 2	0.704	0.9872	1	1	1	1	1	0	0	0	0	0	1	0	0	0	0	0	1	0	0	0	0	0	1593546.8	0.0	944322.7	0.0	0.0	0.0	1593546.8	0.0	944322.7	0.0	0.0	0.0	
sp|D3ZQL7|TPPP_RAT	D3ZQL7	TPPP_RAT	Tppp	218	Rattus norvegicus	1:Experimental evidence at protein level	Tubulin polymerization-promoting protein	1.0	0.999	3	8	8	8	1	1	2	1	2	1	1	1	2	1	2	1	1	1	2	1	2	1	1.3094871E7	1.7014532E7	1.8108502E7	1.2527158E7	1.1672376E7	1.2265506E7	7661246.0	1.0014432E7	1.0515895E7	7169188.5	6681824.0	7149322.0	
sp|D3ZR35|SIM13_RAT	D3ZR35	SIM13_RAT	Smim13	88	Rattus norvegicus	3:Protein inferred from homology	Small integral membrane protein 13	0.9685	0.999	1	1	1	1	1	0	0	0	0	0	1	0	0	0	0	0	1	0	0	0	0	0	3997823.8	0.0	2160978.0	0.0	0.0	3079499.0	3997823.8	0.0	2160978.0	0.0	0.0	3079499.0	
sp|D3ZRC4|PLPL8_RAT	D3ZRC4	PLPL8_RAT	Pnpla8	776	Rattus norvegicus	3:Protein inferred from homology	Calcium-independent phospholipase A2-gamma	0.6461	0.9834	1	2	2	2	0	0	0	1	0	1	0	0	0	1	0	1	0	0	0	1	0	1	0.0	0.0	0.0	0.0	0.0	0.0	0.0	0.0	0.0	0.0	0.0	0.0	
sp|D3ZRP6|AP1M2_RAT	D3ZRP6	AP1M2_RAT	Ap1m2	423	Rattus norvegicus	1:Experimental evidence at protein level	AP-1 complex subunit mu-2	1.0	0.999	6	8	8	11	1	0	0	2	3	2	1	0	0	2	3	2	1	0	1	2	4	3	1.3159807E7	1.0906742E7	8461512.0	2.083651E7	1.7411424E7	1.7650858E7	8193339.0	4542793.0	5214909.0	8594608.0	7052287.0	7070541.5	
sp|D3ZTE0|FA12_RAT	D3ZTE0	FA12_RAT	F12	595	Rattus norvegicus	2:Experimental evidence at transcript level	Coagulation factor XII	0.9287	0.9976	1	3	3	3	0	0	0	1	1	1	0	0	0	1	1	1	0	0	0	1	1	1	732972.75	0.0	0.0	1521240.9	2790923.5	2301743.5	732972.75	0.0	0.0	1521240.9	2790923.5	2301743.5	
sp|D3ZTX0|TMED7_RAT	D3ZTX0	TMED7_RAT	Tmed7	226	Rattus norvegicus	1:Experimental evidence at protein level	Transmembrane emp24 domain-containing protein 7	1.0	0.999	3	23	23	23	3	4	3	5	4	4	3	4	3	5	4	4	3	4	3	5	4	4	4.1390088E7	3.5932764E7	3.2107894E7	5.9172404E7	5.0546992E7	4.5143612E7	1.8497548E7	1.6489653E7	1.380196E7	2.5627528E7	2.1031278E7	1.9557408E7	
sp|D3ZVR9|PGM5_RAT	D3ZVR9	PGM5_RAT	Pgm5	567	Rattus norvegicus	1:Experimental evidence at protein level	Phosphoglucomutase-like protein 5	0.9684	0.999	1	1	1	1	1	0	0	0	0	0	1	0	0	0	0	0	1	0	0	0	0	0	1.37270768E8	0.0	0.0	0.0	0.0	0.0	0.0	0.0	0.0	0.0	0.0	0.0	
sp|D3ZW55|ITPA_RAT	D3ZW55	ITPA_RAT	Itpa	198	Rattus norvegicus	3:Protein inferred from homology	Inosine triphosphate pyrophosphatase	1.0	0.999	5	28	28	28	7	6	5	3	4	3	7	6	5	3	4	3	7	6	5	3	4	3	1.45030928E8	1.35590544E8	6.5960968E7	1.46686624E8	1.56719856E8	1.4454256E8	6.3513444E7	6.3076644E7	6.4828288E7	6.5533096E7	7.0171632E7	6.3468804E7	
sp|D3ZWZ9|GP107_RAT	D3ZWZ9	GP107_RAT	Gpr107	551	Rattus norvegicus	1:Experimental evidence at protein level	Protein GPR107	0.779	0.9913	1	3	3	3	0	0	0	1	1	1	0	0	0	1	1	1	0	0	0	1	1	1	0.0	0.0	0.0	0.0	0.0	0.0	0.0	0.0	0.0	0.0	0.0	0.0	
sp|D3ZYR1|FCHO2_RAT	D3ZYR1	FCHO2_RAT	Fcho2	809	Rattus norvegicus	1:Experimental evidence at protein level	F-BAR domain only protein 2	0.9684	0.999	1	4	4	4	0	0	1	1	1	1	0	0	1	1	1	1	0	0	1	1	1	1	0.0	0.0	0.0	0.0	0.0	0.0	0.0	0.0	0.0	0.0	0.0	0.0	
sp|D3ZYW7|FRDA_RAT	D3ZYW7	FRDA_RAT	Fxn	208	Rattus norvegicus	1:Experimental evidence at protein level	Frataxin, mitochondrial	1.0	0.999	3	11	11	11	3	3	3	0	1	1	3	3	3	0	1	1	3	3	3	0	1	1	4.2223036E7	5.460232E7	5.8428784E7	1.7929266E7	1.3940144E7	2.3527468E7	1.960628E7	2.536503E7	2.665311E7	7847161.5	9226633.0	1.0121562E7	
sp|D3ZZL9|GCC2_RAT	D3ZZL9	GCC2_RAT	Gcc2	1679	Rattus norvegicus	1:Experimental evidence at protein level	GRIP and coiled-coil domain-containing protein 2	0.9946	0.9985	2	2	2	2	1	0	1	0	0	0	1	0	1	0	0	0	1	0	1	0	0	0	2026044.2	904053.75	0.0	2983339.8	0.0	0.0	2026044.2	904053.75	0.0	2983339.8	0.0	0.0	
sp|D4A1J4|DHRS6_RAT	D4A1J4	DHRS6_RAT	Bdh2	245	Rattus norvegicus	1:Experimental evidence at protein level	Dehydrogenase/reductase SDR family member 6	1.0	0.999	9	57	57	57	11	9	12	10	6	9	11	9	12	10	6	9	11	9	12	10	6	9	4.6267664E8	4.52247936E8	4.8507088E8	4.1213824E8	4.20156064E8	4.55034208E8	1.13613336E8	1.1301748E8	1.14531416E8	1.01439744E8	1.03493256E8	1.0993552E8	
sp|D4A1R8|CPNE1_RAT	D4A1R8	CPNE1_RAT	Cpne1	536	Rattus norvegicus	1:Experimental evidence at protein level	Copine-1	0.9999	0.9987	2	6	6	6	2	0	0	2	1	1	2	0	0	2	1	1	2	0	0	2	1	1	3478052.0	4326256.5	1338305.0	7365304.5	7201106.0	7661607.0	2003774.6	2358064.5	2034806.2	4289654.5	4131675.2	4477749.0	
sp|D4A1W8|MTP_RAT	D4A1W8	MTP_RAT	Mttp	896	Rattus norvegicus	1:Experimental evidence at protein level	Microsomal triglyceride transfer protein large subunit	0.9467	0.9983	1	1	1	1	0	1	0	0	0	0	0	1	0	0	0	0	0	1	0	0	0	0	0.0	0.0	0.0	0.0	0.0	0.0	0.0	0.0	0.0	0.0	0.0	0.0	
sp|D4A1X2|EXOSX_RAT	D4A1X2	EXOSX_RAT	Exosc10	885	Rattus norvegicus	1:Experimental evidence at protein level	Exosome complex component 10	0.9685	0.999	1	3	3	3	1	0	1	1	0	0	1	0	1	1	0	0	1	0	1	1	0	0	1.1060583E7	0.0	8742963.0	3.0306776E7	2.3134418E7	1.6207487E7	1.1060583E7	0.0	8742963.0	3.0306776E7	2.3134418E7	1.6207487E7	
sp|D4A3K5|H11_RAT	D4A3K5	H11_RAT	H1-1	214	Rattus norvegicus	1:Experimental evidence at protein level	Histone H1.1	0.9987	0.999	3	2	2	15	0	0	1	0	1	0	0	0	1	0	1	0	1	2	3	2	4	3	3.6131044E7	3.7149744E7	1.3487782E7	3.164092E7	3.5900588E7	9743071.0	2.3533786E7	2.7186334E7	9941892.0	1.6892058E7	2.2050736E7	2.0453538E7	
sp|D4A4T9|CHRD1_RAT	D4A4T9	CHRD1_RAT	Chordc1	331	Rattus norvegicus	3:Protein inferred from homology	Cysteine and histidine-rich domain-containing protein 1	1.0	0.999	3	8	8	8	3	2	1	0	1	1	3	2	1	0	1	1	3	2	1	0	1	1	1.5982842E7	1.7178072E7	1.7298104E7	6222016.0	9996710.0	8035364.0	7093551.0	8050766.5	7673722.5	4833248.5	6588289.5	5893168.5	
sp|D4AAT7|NNRD_RAT	D4AAT7	NNRD_RAT	Naxd	343	Rattus norvegicus	3:Protein inferred from homology	ATP-dependent (S)-NAD(P)H-hydrate dehydratase	1.0	0.999	6	17	17	17	5	3	5	0	1	3	5	3	5	0	1	3	5	3	5	0	1	3	4.6412532E7	4.5902716E7	5.7436672E7	3.2223954E7	3.3506752E7	2.3984048E7	1.605763E7	1.6069093E7	2.0257128E7	1.205253E7	1.2676642E7	1.1388094E7	
sp|E9PU28|IMDH2_RAT	E9PU28	IMDH2_RAT	Impdh2	514	Rattus norvegicus	1:Experimental evidence at protein level	Inosine-5'-monophosphate dehydrogenase 2	1.0	0.999	4	13	13	20	2	3	3	2	1	2	2	3	3	2	1	2	3	4	5	3	2	3	1.797398E7	3.8328452E7	3.0495918E7	3.5651352E7	1.8867752E7	1.574979E7	1.1812693E7	1.4302433E7	1.4069809E7	1.1325094E7	1.2344401E7	9348973.0	
sp|F1LM81|TM1L1_RAT	F1LM81	TM1L1_RAT	Tom1l1	475	Rattus norvegicus	1:Experimental evidence at protein level	TOM1-like protein 1	0.9504	0.9984	1	2	2	2	0	0	1	0	1	0	0	0	1	0	1	0	0	0	1	0	1	0	0.0	0.0	0.0	0.0	0.0	0.0	0.0	0.0	0.0	0.0	0.0	0.0	
sp|F1LMZ8|PSD11_RAT	F1LMZ8	PSD11_RAT	Psmd11	422	Rattus norvegicus	1:Experimental evidence at protein level	26S proteasome non-ATPase regulatory subunit 11	1.0	0.999	12	50	50	50	10	9	7	8	8	8	10	9	7	8	8	8	10	9	7	8	8	8	1.2676572E8	1.05058656E8	1.20091336E8	1.50381008E8	1.13601864E8	1.1283224E8	1.791491E7	1.598497E7	1.5448882E7	1.895484E7	1.6991544E7	1.6026763E7	
sp|F1LNI5|PPM1G_RAT	F1LNI5	PPM1G_RAT	Ppm1g	542	Rattus norvegicus	1:Experimental evidence at protein level	Protein phosphatase 1G	1.0	0.999	3	13	13	13	3	1	3	2	2	2	3	1	3	2	2	2	3	1	3	2	2	2	1.3080832E7	1.2853018E7	1.4825778E7	1.3742968E7	1.3270207E7	1.3349633E7	6297032.5	5238096.5	6560806.0	5620598.5	5425388.0	5575465.0	
sp|F1LNJ2|U520_RAT	F1LNJ2	U520_RAT	Snrnp200	2139	Rattus norvegicus	1:Experimental evidence at protein level	U5 small nuclear ribonucleoprotein 200 kDa helicase	1.0	0.999	4	5	5	5	1	1	0	2	0	1	1	1	0	2	0	1	1	1	0	2	0	1	4228150.0	0.0	0.0	4935984.5	1849067.4	5406621.5	1607067.6	0.0	0.0	2627914.8	2106488.0	2477762.8	
sp|F1LQ48|HNRPL_RAT	F1LQ48	HNRPL_RAT	Hnrnpl	623	Rattus norvegicus	1:Experimental evidence at protein level	Heterogeneous nuclear ribonucleoprotein L	1.0	0.999	15	82	82	82	14	14	10	14	17	13	14	14	10	14	17	13	14	14	10	14	17	13	3.03262688E8	2.47278944E8	2.70012E8	4.03030464E8	3.7816016E8	3.6580528E8	4.0064476E7	3.78326E7	3.663788E7	5.256098E7	5.0426904E7	4.9262372E7	
sp|F1LR10|LIMA1_RAT	F1LR10	LIMA1_RAT	Lima1	755	Rattus norvegicus	1:Experimental evidence at protein level	LIM domain and actin-binding protein 1	1.0	0.999	5	11	11	11	2	1	2	3	1	2	2	1	2	3	1	2	2	1	2	3	1	2	1.0360014E7	8421009.0	8964649.0	1.0145332E7	9548558.0	1.2613352E8	1.0406418E7	8764235.0	8944907.0	1.036749E7	1.245492E7	9909883.0	
sp|F1LRS8|CD2AP_RAT	F1LRS8	CD2AP_RAT	Cd2ap	637	Rattus norvegicus	1:Experimental evidence at protein level	CD2-associated protein	1.0	0.999	11	47	41	47	6	12	9	7	7	6	5	11	8	6	6	5	6	12	9	7	7	6	5.9834688E7	7.0112368E7	6.4694236E7	5.3747192E7	5.3881668E7	4.8127872E7	1.4046754E7	1.4186913E7	1.694796E7	1.1945922E7	1.2517978E7	1.2725298E7	
sp|F1LU71|AUHM_RAT	F1LU71	AUHM_RAT	Auh	315	Rattus norvegicus	1:Experimental evidence at protein level	Methylglutaconyl-CoA hydratase, mitochondrial	1.0	0.999	8	53	53	53	10	11	10	7	7	8	10	11	10	7	7	8	10	11	10	7	7	8	1.54534976E8	1.36036198E9	1.52587226E9	1.02801018E9	8.7228947E8	8.5817683E8	7.5810579E8	8.1646042E8	9.3418266E8	4.15502816E8	4.33715936E8	4.36485056E8	
sp|F1M3L7|EPS8_RAT	F1M3L7	EPS8_RAT	Eps8	822	Rattus norvegicus	1:Experimental evidence at protein level	Epidermal growth factor receptor kinase substrate 8	0.9998	0.999	2	2	2	2	2	0	0	0	0	0	2	0	0	0	0	0	2	0	0	0	0	0	2193963.8	0.0	866847.06	2038953.6	1783483.1	0.0	2193963.8	0.0	866847.06	2038953.6	1783483.1	0.0	
sp|F1M775|DIAP1_RAT	F1M775	DIAP1_RAT	Diaph1	1265	Rattus norvegicus	1:Experimental evidence at protein level	Protein diaphanous homolog 1	1.0	0.999	6	12	12	12	2	3	0	3	1	3	2	3	0	3	1	3	2	3	0	3	1	3	1.2949396E7	7440244.5	7556046.5	1.9194142E7	1.8657236E7	1.4601908E7	3788515.5	2602495.0	2576364.8	5927217.0	5934891.5	5497882.5	
sp|F1MA98|TPR_RAT	F1MA98	TPR_RAT	Tpr	2360	Rattus norvegicus	1:Experimental evidence at protein level	Nucleoprotein TPR	1.0	0.999	19	45	45	45	16	4	6	6	4	9	16	4	6	6	4	9	16	4	6	6	4	9	1.34321552E8	9.0486832E7	9.4314504E7	1.43381152E8	9.068284E7	1.50321184E8	2.5274532E7	2.3812418E7	2.395214E7	3.0563472E7	2.6824686E7	3.1596272E7	
sp|F2Z3T4|MBNL2_RAT	F2Z3T4	MBNL2_RAT	Mbnl2	373	Rattus norvegicus	1:Experimental evidence at protein level	Muscleblind-like protein 2	1.0	0.999	6	33	10	33	4	6	6	5	6	6	1	2	2	1	2	2	4	6	6	5	6	6	6.633282E7	9.5589648E7	9.1087888E7	7.5695336E7	1.00598032E8	9.5682456E7	2.2132488E7	2.8074632E7	2.5456476E7	2.6500466E7	3.1429688E7	2.9642184E7	
sp|G3V6S8|SRSF6_RAT	G3V6S8	SRSF6_RAT	Srsf6	339	Rattus norvegicus	1:Experimental evidence at protein level	Serine/arginine-rich splicing factor 6	1.0	0.999	6	33	27	33	7	6	4	4	6	6	6	5	3	3	5	5	7	6	4	4	6	6	1.75860576E8	2.17997664E8	2.27388464E8	1.59125616E8	1.697204E8	1.8945904E8	8.7058128E7	1.06826088E8	1.13961184E8	7.4358912E7	8.3189064E7	8.4383104E7	
sp|G3V7L1|UTRN_RAT	G3V7L1	UTRN_RAT	Utrn	3419	Rattus norvegicus	1:Experimental evidence at protein level	Utrophin	0.9994	0.9979	5	4	4	8	0	0	0	2	1	1	0	0	0	2	1	1	1	0	0	4	1	2	0.0	0.0	0.0	0.0	0.0	446316.4	0.0	0.0	0.0	0.0	0.0	0.0	
sp|G3V7P1|STX12_RAT	G3V7P1	STX12_RAT	Stx12	274	Rattus norvegicus	1:Experimental evidence at protein level	Syntaxin-12	0.9998	0.999	2	3	3	3	0	0	0	1	0	2	0	0	0	1	0	2	0	0	0	1	0	2	1603064.0	1336895.6	782371.9	4301175.0	4450670.5	4388507.0	1603064.0	1336895.6	782371.9	4301175.0	4450670.5	4388507.0	
sp|G3V7W1|PDCD6_RAT	G3V7W1	PDCD6_RAT	Pdcd6	191	Rattus norvegicus	2:Experimental evidence at transcript level	Programmed cell death protein 6	1.0	0.999	4	12	12	12	2	1	1	2	2	4	2	1	1	2	2	4	2	1	1	2	2	4	3.1342074E7	1.9835434E7	4.0648352E7	3.48699E7	3.5621104E7	4.4728752E7	1.4306505E7	1.3607181E7	1.2566697E7	1.6002146E7	1.5430227E7	1.3523237E7	
sp|G3V8D4|APOC2_RAT	G3V8D4	APOC2_RAT	Apoc2	97	Rattus norvegicus	3:Protein inferred from homology	Apolipoprotein C-II	0.9685	0.999	1	8	8	8	2	1	1	1	1	2	2	1	1	1	1	2	2	1	1	1	1	2	9984883.0	3144146.5	1.2033676E7	3940489.5	1.5342397E7	1.4111493E7	9984883.0	3144146.5	1.2033676E7	3940489.5	1.5342397E7	1.4111493E7	
sp|G3V928|LRP1_RAT	G3V928	LRP1_RAT	Lrp1	4545	Rattus norvegicus	1:Experimental evidence at protein level	Prolow-density lipoprotein receptor-related protein 1	1.0	0.999	4	7	7	7	3	0	0	2	1	1	3	0	0	2	1	1	3	0	0	2	1	1	4.097444E7	2.0081792E7	1.3694999E7	2.7224816E7	2.6941236E7	3.9249224E7	1.3098441E7	1.6802752E7	1.6317101E7	2.2260632E7	2.0795244E7	3.0888368E7	
sp|G3V9R8|HNRPC_RAT	G3V9R8	HNRPC_RAT	Hnrnpc	298	Rattus norvegicus	1:Experimental evidence at protein level	Heterogeneous nuclear ribonucleoprotein C	1.0	0.999	12	99	99	99	17	20	17	15	14	16	17	20	17	15	14	16	17	20	17	15	14	16	5.6568563E8	6.6269011E8	6.2871802E8	5.5041734E8	6.8385722E8	6.8684141E8	1.70773152E8	1.91899424E8	2.1179272E8	1.5387728E8	1.72081504E8	1.8037208E8	
sp|G3V9T7|GET3_RAT	G3V9T7	GET3_RAT	Get3	348	Rattus norvegicus	1:Experimental evidence at protein level	ATPase Get3	1.0	0.999	3	13	13	13	1	3	2	2	2	3	1	3	2	2	2	3	1	3	2	2	2	3	1.8829152E7	1.9711622E7	1.6742342E7	1.530362E7	2.1433094E7	1.9802854E7	8131403.0	9099218.0	7741898.5	7256602.0	8706485.0	9264269.0	
sp|I6L9G5|RCN3_RAT	I6L9G5	RCN3_RAT	Rcn3	328	Rattus norvegicus	1:Experimental evidence at protein level	Reticulocalbin-3	1.0	0.999	4	20	20	20	3	4	3	3	4	3	3	4	3	3	4	3	3	4	3	3	4	3	2.4415988E7	2.9729826E7	3.2759346E7	2.8734228E7	3.4847836E7	2.9009076E7	7030377.0	8079030.0	9396578.0	8439328.0	1.0310409E7	8279489.5	
sp|M0RC99|RAB5A_RAT	M0RC99	RAB5A_RAT	Rab5a	215	Rattus norvegicus	2:Experimental evidence at transcript level	Ras-related protein Rab-5A	1.0	0.999	6	33	33	33	4	5	5	6	7	6	4	5	5	6	7	6	4	5	5	6	7	6	8.0911E7	5.706248E7	5.6898304E7	6.6705088E7	6.167454E7	6.3363428E7	1.973831E7	1.705568E7	1.7959704E7	1.9297158E7	1.8000866E7	2.0011112E7	
sp|O08557|DDAH1_RAT	O08557	DDAH1_RAT	Ddah1	285	Rattus norvegicus	1:Experimental evidence at protein level	N(G),N(G)-dimethylarginine dimethylaminohydrolase 1	1.0	0.999	15	163	152	163	30	33	30	24	22	24	28	31	28	22	21	22	30	33	30	24	22	24	2.16758733E9	2.41725952E9	2.571168E9	1.90685632E9	2.07395546E9	2.11723584E9	3.61342368E8	4.12870176E8	4.25329408E8	3.16439264E8	3.51474112E8	3.56113312E8	
sp|O08587|NUP50_RAT	O08587	NUP50_RAT	Nup50	467	Rattus norvegicus	2:Experimental evidence at transcript level	Nuclear pore complex protein Nup50	0.8775	0.9957	1	1	1	1	0	1	0	0	0	0	0	1	0	0	0	0	0	1	0	0	0	0	0.0	1.5074307E7	0.0	0.0	0.0	0.0	0.0	0.0	0.0	0.0	0.0	0.0	
sp|O08590|AOC3_RAT	O08590	AOC3_RAT	Aoc3	763	Rattus norvegicus	1:Experimental evidence at protein level	Amine oxidase [copper-containing] 3	1.0	0.999	6	18	18	18	0	0	0	6	7	5	0	0	0	6	7	5	0	0	0	6	7	5	6590667.0	2109195.5	1331176.2	7.1557816E7	7.0245648E7	4.76958E7	3460622.5	1815651.1	1146731.1	1.975264E7	1.6622793E7	1.5448409E7	
sp|O08619|F13A_RAT	O08619	F13A_RAT	F13a1	732	Rattus norvegicus	2:Experimental evidence at transcript level	Coagulation factor XIII A chain	1.0	0.999	5	16	16	16	2	1	1	4	3	5	2	1	1	4	3	5	2	1	1	4	3	5	2.055016E7	1.8872126E7	2.2484092E7	4.8578128E7	4.330876E7	4.2573404E7	7242361.0	5493918.0	6856749.0	1.619671E7	1.377152E7	1.4472522E7	
sp|O08623|SQSTM_RAT	O08623	SQSTM_RAT	Sqstm1	439	Rattus norvegicus	1:Experimental evidence at protein level	Sequestosome-1	0.9685	0.999	1	4	4	4	1	1	1	1	0	0	1	1	1	1	0	0	1	1	1	1	0	0	2147500.0	2382308.0	3162222.8	1822832.0	1882612.0	1537600.5	2147500.0	2382308.0	3162222.8	1822832.0	1882612.0	1537600.5	
sp|O08629|TIF1B_RAT	O08629	TIF1B_RAT	Trim28	835	Rattus norvegicus	1:Experimental evidence at protein level	Transcription intermediary factor 1-beta	1.0	0.999	12	52	52	52	7	9	7	10	9	10	7	9	7	10	9	10	7	9	7	10	9	10	8.6571576E7	6.7557728E7	4.970312E7	1.18770032E8	1.18354096E8	1.05251416E8	1.2744586E7	1.027097E7	9651055.0	1.6895884E7	1.6746955E7	1.5984389E7	
sp|O08651|SERA_RAT	O08651	SERA_RAT	Phgdh	533	Rattus norvegicus	1:Experimental evidence at protein level	D-3-phosphoglycerate dehydrogenase	1.0	0.999	16	110	110	110	22	21	19	15	16	17	22	21	19	15	16	17	22	21	19	15	16	17	8.5423994E8	7.4611507E8	6.8009107E8	7.9685107E8	6.8830272E8	7.0671392E8	1.25846048E8	1.09882576E8	9.5721744E7	1.13645968E8	1.03615008E8	1.05918568E8	
sp|O08658|NUP88_RAT	O08658	NUP88_RAT	Nup88	742	Rattus norvegicus	1:Experimental evidence at protein level	Nuclear pore complex protein Nup88	0.9621	0.9988	1	1	1	1	0	0	1	0	0	0	0	0	1	0	0	0	0	0	1	0	0	0	0.0	0.0	0.0	0.0	0.0	0.0	0.0	0.0	0.0	0.0	0.0	0.0	
sp|O08679|MARK2_RAT	O08679	MARK2_RAT	Mark2	722	Rattus norvegicus	1:Experimental evidence at protein level	Serine/threonine-protein kinase MARK2	0.9997	0.999	1	4	4	4	1	1	1	0	1	0	1	1	1	0	1	0	1	1	1	0	1	0	5508844.0	6050017.0	3143847.5	6586452.5	4916889.0	4281085.5	4729591.0	4862686.0	3143847.5	5470253.0	4916889.0	3346010.5	
sp|O08697|ARL2_RAT	O08697	ARL2_RAT	Arl2	184	Rattus norvegicus	1:Experimental evidence at protein level	ADP-ribosylation factor-like protein 2	0.9669	0.9989	1	1	1	1	0	1	0	0	0	0	0	1	0	0	0	0	0	1	0	0	0	0	4556936.0	4007009.5	0.0	5032282.5	2245514.8	3154230.0	4556936.0	4007009.5	0.0	5032282.5	2245514.8	3154230.0	
sp|O08701|ARGI2_RAT	O08701	ARGI2_RAT	Arg2	354	Rattus norvegicus	1:Experimental evidence at protein level	Arginase-2, mitochondrial	1.0	0.999	6	20	20	20	6	5	7	1	0	1	6	5	7	1	0	1	6	5	7	1	0	1	1.1021308E8	1.11560584E8	1.25493808E8	4.11016E7	4.7624908E7	4.4989068E7	8.3195384E7	7.9025568E7	9.30808E7	2.398583E7	2.3737874E7	2.8042278E7	
sp|O08719|EVL_RAT	O08719	EVL_RAT	Evl	420	Rattus norvegicus	1:Experimental evidence at protein level	Ena/VASP-like protein	0.9997	0.999	2	2	2	2	0	0	0	0	1	1	0	0	0	0	1	1	0	0	0	0	1	1	5124138.5	6937094.0	6560906.0	4742172.0	6024062.0	4828928.0	5124138.5	6937094.0	6560906.0	4742172.0	6024062.0	4828928.0	
sp|O08730|GLYG_RAT	O08730	GLYG_RAT	Gyg1	333	Rattus norvegicus	2:Experimental evidence at transcript level	Glycogenin-1	0.9994	0.999	2	4	4	4	1	0	2	0	0	1	1	0	2	0	0	1	1	0	2	0	0	1	1.7670746E7	3421787.5	8189860.0	6448722.0	4137377.8	4487562.0	4966430.5	4320247.5	4599841.0	8141965.5	5223730.5	5665863.0	
sp|O08776|NDUF3_RAT	O08776	NDUF3_RAT	Ndufaf3	185	Rattus norvegicus	2:Experimental evidence at transcript level	NADH dehydrogenase [ubiquinone] 1 alpha subcomplex assembly factor 3	0.9999	0.999	2	9	9	9	1	1	3	2	1	1	1	1	3	2	1	1	1	1	3	2	1	1	5277649.0	4630369.0	2.0742156E7	9064362.0	1.2483668E7	3655279.8	5277649.0	4630369.0	2.0742156E7	9064362.0	1.2483668E7	3655279.8	
sp|O08815|SLK_RAT	O08815	SLK_RAT	Slk	1206	Rattus norvegicus	1:Experimental evidence at protein level	STE20-like serine/threonine-protein kinase	1.0	0.999	9	22	19	22	4	5	3	4	5	1	4	5	3	3	3	1	4	5	3	4	5	1	6100933.5	2.2585572E7	1.135605E7	2.0810244E7	2.1642664E7	1.3569101E7	6603577.5	6419338.5	8759199.0	1.1854774E7	1.0940862E7	1.2359074E7	
sp|O08836|IGBP1_RAT	O08836	IGBP1_RAT	Igbp1	340	Rattus norvegicus	2:Experimental evidence at transcript level	Immunoglobulin-binding protein 1	1.0	0.999	2	6	6	6	2	1	1	0	1	1	2	1	1	0	1	1	2	1	1	0	1	1	7383495.0	6659781.5	2389721.0	2662241.5	6492631.0	1986823.8	4140966.0	3812878.2	2389721.0	2662241.5	3565318.2	1986823.8	
sp|O08837|CDC5L_RAT	O08837	CDC5L_RAT	Cdc5l	802	Rattus norvegicus	1:Experimental evidence at protein level	Cell division cycle 5-like protein	1.0	0.999	4	12	12	12	3	2	1	2	2	2	3	2	1	2	2	2	3	2	1	2	2	2	1.5525475E7	2.0313502E7	1.7959952E7	1.9806232E7	1.6970412E7	1.8940474E7	7559654.0	7740313.5	7955230.0	7952796.5	8038470.5	7548499.0	
sp|O08839|BIN1_RAT	O08839	BIN1_RAT	Bin1	588	Rattus norvegicus	1:Experimental evidence at protein level	Myc box-dependent-interacting protein 1	1.0	0.999	5	15	15	15	4	3	1	1	3	3	4	3	1	1	3	3	4	3	1	1	3	3	2.6661228E7	1.9777466E7	2.6600706E7	1.821069E7	2.5339134E7	2.3454704E7	1.0118726E7	9489793.0	1.1027715E7	9316538.0	9815874.0	8758899.0	
sp|O08874|PKN2_RAT	O08874	PKN2_RAT	Pkn2	985	Rattus norvegicus	1:Experimental evidence at protein level	Serine/threonine-protein kinase N2	0.9997	0.9981	3	6	6	6	2	1	2	1	0	0	2	1	2	1	0	0	2	1	2	1	0	0	4.5619112E7	4.635486E7	4.9185888E7	6.1623788E7	7.2686312E7	0.0	4.5619112E7	4.635486E7	4.9185888E7	6.1623788E7	7.2686312E7	0.0	
sp|O09175|AMPB_RAT	O09175	AMPB_RAT	Rnpep	650	Rattus norvegicus	1:Experimental evidence at protein level	Aminopeptidase B	1.0	0.999	10	43	43	43	7	7	5	9	8	7	7	7	5	9	8	7	7	7	5	9	8	7	1.03075664E8	1.02558016E8	9.7696296E7	1.33697728E8	1.26894272E8	1.24103224E8	2.5742384E7	2.1080154E7	2.1245778E7	2.9289674E7	2.6805664E7	2.7635858E7	
sp|O35077|GPDA_RAT	O35077	GPDA_RAT	Gpd1	349	Rattus norvegicus	1:Experimental evidence at protein level	Glycerol-3-phosphate dehydrogenase [NAD(+)], cytoplasmic	1.0	0.999	11	39	39	39	5	2	2	10	10	10	5	2	2	10	10	10	5	2	2	10	10	10	4.8205024E7	3.9714968E7	2.7902628E7	2.56663072E8	2.45265376E8	2.48131584E8	1.3807054E7	1.18355E7	1.0248782E7	5.7835268E7	5.5812124E7	5.4851808E7	
sp|O35094|TIM44_RAT	O35094	TIM44_RAT	Timm44	453	Rattus norvegicus	1:Experimental evidence at protein level	Mitochondrial import inner membrane translocase subunit TIM44	0.9999	0.999	2	7	7	7	1	2	1	1	1	1	1	2	1	1	1	1	1	2	1	1	1	1	1.27957872E8	7504227.0	1.4415444E7	1.81871328E8	1.978244E8	2.28237824E8	8.9759864E7	1.5414489E7	2.888837E7	1.03540088E8	8.6375416E7	1.06381296E8	
sp|O35112|CD166_RAT	O35112	CD166_RAT	Alcam	583	Rattus norvegicus	1:Experimental evidence at protein level	CD166 antigen	1.0	0.999	5	19	19	19	4	2	2	2	3	6	4	2	2	2	3	6	4	2	2	2	3	6	3.338526E7	2.544731E7	1.104278E7	4.683332E7	4.0999992E7	4.2338512E7	9120474.0	7226041.5	3749563.8	1.3012375E7	1.1247676E7	1.1361334E7	
sp|O35142|COPB2_RAT	O35142	COPB2_RAT	Copb2	905	Rattus norvegicus	1:Experimental evidence at protein level	Coatomer subunit beta'	1.0	0.999	18	88	88	88	19	11	10	19	15	14	19	11	10	19	15	14	19	11	10	19	15	14	3.96963168E8	2.7210032E8	1.88566304E8	3.66682016E8	2.92744864E8	2.93075264E8	7.8552544E7	5.0430832E7	4.1778264E7	9.3109568E7	8.2016832E7	8.296624E7	
sp|O35162|HSP13_RAT	O35162	HSP13_RAT	Hspa13	471	Rattus norvegicus	1:Experimental evidence at protein level	Heat shock 70 kDa protein 13	1.0	0.999	5	17	17	17	5	3	4	1	1	3	5	3	4	1	1	3	5	3	4	1	1	3	3.6870352E7	3.6267848E7	3.277291E7	2.0545068E7	2.2059808E7	2.596972E7	1.4568872E7	1.2852552E7	1.1749861E7	1.042777E7	1.1200922E7	9889802.0	
sp|O35244|PRDX6_RAT	O35244	PRDX6_RAT	Prdx6	224	Rattus norvegicus	1:Experimental evidence at protein level	Peroxiredoxin-6	1.0	0.999	12	119	119	119	20	21	19	19	20	20	20	21	19	19	20	20	20	21	19	19	20	20	7.7996986E8	9.3316621E8	9.6408422E8	7.2918694E8	8.4687565E8	8.1144531E8	1.7987592E8	2.1258808E8	2.1545832E8	1.76607248E8	1.96816432E8	1.88450016E8	
sp|O35263|PA1B3_RAT	O35263	PA1B3_RAT	Pafah1b3	232	Rattus norvegicus	1:Experimental evidence at protein level	Platelet-activating factor acetylhydrolase IB subunit alpha1	1.0	0.999	4	15	15	15	3	2	2	2	2	4	3	2	2	2	2	4	3	2	2	2	2	4	1.4855312E7	1.827765E7	1.9353048E7	1.8013632E7	1.878198E7	2.2398514E7	5987252.5	6843893.5	7335003.5	6700986.0	7100971.0	7625363.5	
sp|O35264|PA1B2_RAT	O35264	PA1B2_RAT	Pafah1b2	229	Rattus norvegicus	1:Experimental evidence at protein level	Platelet-activating factor acetylhydrolase IB subunit alpha2	1.0	0.999	4	18	18	18	2	3	3	2	2	6	2	3	3	2	2	6	2	3	3	2	2	6	1.67695888E8	1.90907424E8	1.92749648E8	1.84674464E8	1.67178592E8	1.68898864E8	6.647762E7	7.4460896E7	7.1983072E7	7.2381488E7	6.5532244E7	6.7370048E7	
sp|O35303|DNM1L_RAT	O35303	DNM1L_RAT	Dnm1l	755	Rattus norvegicus	1:Experimental evidence at protein level	Dynamin-1-like protein	1.0	0.999	2	6	6	6	1	2	0	1	1	1	1	2	0	1	1	1	1	2	0	1	1	1	3138101.0	2249713.8	2660455.8	0.0	3309999.5	1557492.2	3138101.0	2249713.8	2660455.8	0.0	3309999.5	1557492.2	
sp|O35331|PDXK_RAT	O35331	PDXK_RAT	Pdxk	312	Rattus norvegicus	1:Experimental evidence at protein level	Pyridoxal kinase	1.0	0.999	7	43	43	43	9	6	9	5	6	8	9	6	9	5	6	8	9	6	9	5	6	8	1.57625264E8	1.57790176E8	1.92491648E8	1.1490936E8	1.30758448E8	1.46361392E8	3.4162428E7	3.1767136E7	3.9478172E7	2.6425418E7	2.8100358E7	2.8628386E7	
sp|O35397|CASP6_RAT	O35397	CASP6_RAT	Casp6	277	Rattus norvegicus	2:Experimental evidence at transcript level	Caspase-6	1.0	0.999	6	15	12	25	3	4	4	1	2	1	2	3	3	1	2	1	5	6	5	3	3	3	3.7099208E7	3.8033728E7	3.8537024E7	3.3577628E7	3.2840396E7	3.81527E7	9905789.0	1.016706E7	1.0648448E7	9146281.0	9046371.0	9899164.0	
sp|O35413|SRBS2_RAT	O35413	SRBS2_RAT	Sorbs2	1196	Rattus norvegicus	1:Experimental evidence at protein level	Sorbin and SH3 domain-containing protein 2	1.0	0.999	6	11	11	11	1	2	3	0	3	2	1	2	3	0	3	2	1	2	3	0	3	2	2.9718212E7	3.2399208E7	4.008022E7	4.4090124E7	4.2046828E7	4.235412E7	1.3692027E7	1.5069233E7	1.6527717E7	1.5024884E7	1.459378E7	1.5497112E7	
sp|O35433|TRPV1_RAT	O35433	TRPV1_RAT	Trpv1	838	Rattus norvegicus	1:Experimental evidence at protein level	Transient receptor potential cation channel subfamily V member 1	0.8882	0.9961	1	5	5	5	1	1	1	1	1	0	1	1	1	1	1	0	1	1	1	1	1	0	5207688.0	3800812.5	6281655.5	3975099.5	4826527.0	4077792.2	5207688.0	3800812.5	6281655.5	3975099.5	4826527.0	4077792.2	
sp|O35509|RB11B_RAT	O35509	RB11B_RAT	Rab11b	218	Rattus norvegicus	1:Experimental evidence at protein level	Ras-related protein Rab-11B	1.0	0.999	8	33	1	33	6	7	5	5	5	5	0	0	1	0	0	0	6	7	5	5	5	5	1.94471488E8	2.4282904E8	2.4950552E8	3.15954272E8	3.18096E8	3.44191072E8	6.304034E7	6.5831796E7	7.253924E7	7.860752E7	7.8814712E7	8.0894056E7	
sp|O35550|RABE1_RAT	O35550	RABE1_RAT	Rabep1	862	Rattus norvegicus	1:Experimental evidence at protein level	Rab GTPase-binding effector protein 1	0.9677	0.999	1	4	4	4	1	1	1	0	1	0	1	1	1	0	1	0	1	1	1	0	1	0	0.0	0.0	5710601.5	0.0	0.0	0.0	0.0	0.0	0.0	0.0	0.0	0.0	
sp|O35552|F263_RAT	O35552	F263_RAT	Pfkfb3	555	Rattus norvegicus	2:Experimental evidence at transcript level	6-phosphofructo-2-kinase/fructose-2,6-bisphosphatase 3	0.9845	0.9961	2	8	3	8	2	2	0	1	1	2	1	1	0	0	0	1	2	2	0	1	1	2	5.6770528E7	6.412004E7	5.6381084E7	1.4847849E7	1.5051905E7	3.2184268E7	2.8830592E7	3.1187202E7	2.8690926E7	2.3079178E7	2.3396358E7	1.9361398E7	
sp|O35567|PUR9_RAT	O35567	PUR9_RAT	Atic	592	Rattus norvegicus	1:Experimental evidence at protein level	Bifunctional purine biosynthesis protein ATIC	1.0	0.999	26	133	133	133	25	25	25	20	17	21	25	25	25	20	17	21	25	25	25	20	17	21	5.01530048E8	4.50527232E8	5.00101504E8	4.8486464E8	5.0425216E8	4.91600352E8	5.296942E7	4.8257104E7	5.2923952E7	5.3638224E7	5.2542036E7	5.2383816E7	
sp|O35760|IDI1_RAT	O35760	IDI1_RAT	Idi1	227	Rattus norvegicus	2:Experimental evidence at transcript level	Isopentenyl-diphosphate Delta-isomerase 1	1.0	0.999	3	9	9	9	1	1	4	1	1	1	1	1	4	1	1	1	1	1	4	1	1	1	2.942267E7	1.1275732E7	2.6748348E7	7312778.5	8846714.0	1.0330374E7	8276058.5	8895806.0	1.0972324E7	5614514.0	7044348.5	8173799.0	
sp|O35763|MOES_RAT	O35763	MOES_RAT	Msn	577	Rattus norvegicus	1:Experimental evidence at protein level	Moesin	1.0	0.999	17	111	73	111	23	17	14	16	20	21	16	11	9	10	13	14	23	17	14	16	20	21	4.3287616E8	3.69091104E8	4.15354304E8	4.51811072E8	4.75650976E8	4.84066304E8	6.708034E7	6.6140644E7	7.6338048E7	8.5165728E7	8.7004472E7	8.5370128E7	
sp|O35775|SYCN_RAT	O35775	SYCN_RAT	Sycn	134	Rattus norvegicus	1:Experimental evidence at protein level	Syncollin	1.0	0.999	5	88	88	88	11	13	13	17	19	15	11	13	13	17	19	15	11	13	13	17	19	15	3.3930432E9	3.51461043E9	3.51063603E9	8.5666729E9	8.8121815E9	9.194281E9	1.11108634E9	1.24051072E9	1.14956173E9	2.70515814E9	2.77134874E9	2.83650048E9	
sp|O35783|CALU_RAT	O35783	CALU_RAT	Calu	315	Rattus norvegicus	1:Experimental evidence at protein level	Calumenin	1.0	0.999	6	40	40	40	4	10	10	6	5	5	4	10	10	6	5	5	4	10	10	6	5	5	2.42434848E8	3.22001504E8	3.4872224E8	2.00911392E8	1.91869232E8	2.23583472E8	6.6817184E7	8.5620736E7	9.0859784E7	5.412208E7	6.5500972E7	5.9244604E7	
sp|O35796|C1QBP_RAT	O35796	C1QBP_RAT	C1qbp	279	Rattus norvegicus	1:Experimental evidence at protein level	Complement component 1 Q subcomponent-binding protein, mitochondrial	1.0	0.999	5	65	65	65	13	16	16	6	7	7	13	16	16	6	7	7	13	16	16	6	7	7	3.40530944E8	3.86767712E8	4.71776448E8	1.86603024E8	2.56509456E8	2.12322112E8	8.2311312E7	9.1688928E7	1.16031904E8	4.5106204E7	5.554078E7	5.1186604E7	
sp|O35814|STIP1_RAT	O35814	STIP1_RAT	Stip1	543	Rattus norvegicus	1:Experimental evidence at protein level	Stress-induced-phosphoprotein 1	1.0	0.999	22	123	123	123	20	26	21	20	17	19	20	26	21	20	17	19	20	26	21	20	17	19	6.2798662E8	6.1904608E8	5.8577843E8	5.5113056E8	4.6249072E8	5.3698682E8	8.7604896E7	8.415788E7	7.9355144E7	7.6892432E7	8.0721552E7	7.7761424E7	
sp|O35820|DNPH1_RAT	O35820	DNPH1_RAT	Dnph1	163	Rattus norvegicus	1:Experimental evidence at protein level	5-hydroxymethyl-dUMP N-hydrolase	1.0	0.999	5	15	15	15	2	4	4	1	2	2	2	4	4	1	2	2	2	4	4	1	2	2	3.9648464E7	5.5987048E7	5.924376E7	3.1284308E7	3.0597636E7	3.5826536E7	2.1987908E7	2.8265984E7	2.9293376E7	1.6555046E7	1.7328798E7	2.0302044E7	
sp|O35821|MBB1A_RAT	O35821	MBB1A_RAT	Mybbp1a	1344	Rattus norvegicus	1:Experimental evidence at protein level	Myb-binding protein 1A	1.0	0.999	10	21	21	21	7	1	2	5	4	2	7	1	2	5	4	2	7	1	2	5	4	2	1.6101139E7	7082442.5	9671392.0	2.674055E7	1.9987814E7	1.6751969E7	5415063.0	2844289.8	3309892.8	8574640.0	8137415.0	5880602.5	
sp|O35824|DNJA2_RAT	O35824	DNJA2_RAT	Dnaja2	412	Rattus norvegicus	1:Experimental evidence at protein level	DnaJ homolog subfamily A member 2	1.0	0.999	6	21	21	21	4	5	4	2	2	4	4	5	4	2	2	4	4	5	4	2	2	4	5.7744344E7	6.9684008E7	7.2639024E7	5.4800152E7	5.5728828E7	6.1399824E7	1.6831228E7	1.9974916E7	2.0125952E7	1.597307E7	1.871036E7	1.7778784E7	
sp|O35828|CORO7_RAT	O35828	CORO7_RAT	Coro7	922	Rattus norvegicus	1:Experimental evidence at protein level	Coronin-7	1.0	0.999	6	12	12	12	3	2	1	1	2	3	3	2	1	1	2	3	3	2	1	1	2	3	1.1874469E7	1.2080624E7	8022416.0	1.5704261E7	1.5352024E7	1.6300161E7	3653238.8	4088404.2	4309256.5	6586323.5	6671513.5	6866476.0	
sp|O35831|CDK17_RAT	O35831	CDK17_RAT	Cdk17	523	Rattus norvegicus	1:Experimental evidence at protein level	Cyclin-dependent kinase 17	0.9958	0.9987	2	3	0	3	1	0	1	0	1	0	0	0	0	0	0	0	1	0	1	0	1	0	0.0	0.0	0.0	0.0	0.0	0.0	0.0	0.0	0.0	0.0	0.0	0.0	sp|O35832|CDK18_RAT, sp|Q63686|CDK16_RAT
sp|O35854|BCAT2_RAT	O35854	BCAT2_RAT	Bcat2	393	Rattus norvegicus	1:Experimental evidence at protein level	Branched-chain-amino-acid aminotransferase, mitochondrial	1.0	0.999	12	152	152	152	34	35	29	19	17	18	34	35	29	19	17	18	34	35	29	19	17	18	1.93670554E9	1.67682086E9	1.50693722E9	1.18788186E9	1.08971251E9	1.06942061E9	3.27126144E8	2.84557792E8	2.69436256E8	1.95827936E8	1.77814E8	1.83437744E8	
sp|O35889|AFAD_RAT	O35889	AFAD_RAT	Afdn	1829	Rattus norvegicus	1:Experimental evidence at protein level	Afadin	1.0	0.999	5	11	11	11	4	1	2	1	3	0	4	1	2	1	3	0	4	1	2	1	3	0	1.0973077E7	5259633.5	0.0	4020592.5	6.285818E7	3396048.0	8112504.0	1.0219529E7	0.0	7812058.0	6693809.0	6598561.0	
sp|O35952|GLO2_RAT	O35952	GLO2_RAT	Hagh	309	Rattus norvegicus	1:Experimental evidence at protein level	Hydroxyacylglutathione hydrolase, mitochondrial	1.0	0.999	8	36	36	36	10	7	8	3	4	4	10	7	8	3	4	4	10	7	8	3	4	4	2.02776432E8	2.18299072E8	2.28458784E8	1.29095232E8	1.65456752E8	1.51398336E8	4.2993268E7	4.9949104E7	4.7797612E7	2.8304194E7	3.4716256E7	3.2768034E7	
sp|O35964|SH3G1_RAT	O35964	SH3G1_RAT	Sh3gl1	368	Rattus norvegicus	1:Experimental evidence at protein level	Endophilin-A2	0.9685	0.999	1	1	1	1	0	1	0	0	0	0	0	1	0	0	0	0	0	1	0	0	0	0	1917477.4	2578683.5	1955437.8	4682419.0	3858259.2	3687215.2	1917477.4	2578683.5	1955437.8	4682419.0	3858259.2	3687215.2	
sp|O35986|ZRAB2_RAT	O35986	ZRAB2_RAT	Zranb2	330	Rattus norvegicus	1:Experimental evidence at protein level	Zinc finger Ran-binding domain-containing protein 2	1.0	0.999	4	11	11	11	2	3	3	1	1	1	2	3	3	1	1	1	2	3	3	1	1	1	1.9556156E7	3.4082144E7	2.7649104E7	1.4018316E7	1.8594878E7	2.3650388E7	1.0165152E7	1.1715978E7	1.2753792E7	7974702.5	9621598.0	9692293.0	
sp|O35987|NSF1C_RAT	O35987	NSF1C_RAT	Nsfl1c	370	Rattus norvegicus	1:Experimental evidence at protein level	NSFL1 cofactor p47	1.0	0.999	14	99	99	99	17	18	18	15	16	15	17	18	18	15	16	15	17	18	18	15	16	15	3.6086352E8	4.31349184E8	4.76791456E8	3.39434976E8	3.94986304E8	3.93555744E8	4.2831284E7	5.1479344E7	5.8407892E7	4.0878156E7	4.737504E7	4.706818E7	
sp|O43790|KRT86_HUMAN	O43790	KRT86_HUMAN	KRT86	486	Homo sapiens	1:Experimental evidence at protein level	Keratin, type II cuticular Hb6	1.0	0.999	12	6	0	18	5	0	0	0	1	0	0	0	0	0	0	0	12	1	1	1	2	1	1.04201336E8	7942028.0	9643587.0	8739498.0	3530527.5	3730751.5	1.0048033E7	5548985.0	4826192.5	6167197.0	7728551.5	8166854.5	
sp|O54772|SMRD2_RAT	O54772	SMRD2_RAT	Smarcd2	531	Rattus norvegicus	1:Experimental evidence at protein level	SWI/SNF-related matrix-associated actin-dependent regulator of chromatin subfamily D member 2	1.0	0.999	2	3	3	3	1	0	0	1	1	0	1	0	0	1	1	0	1	0	0	1	1	0	1587626.5	0.0	734089.6	0.0	775705.2	0.0	1587626.5	0.0	734089.6	0.0	775705.2	0.0	
sp|O54842|NUPR1_RAT	O54842	NUPR1_RAT	Nupr1	80	Rattus norvegicus	2:Experimental evidence at transcript level	Nuclear protein 1	0.9685	0.999	1	1	1	1	0	0	0	0	0	1	0	0	0	0	0	1	0	0	0	0	0	1	0.0	0.0	0.0	0.0	1.082225E7	1.6977406E7	0.0	0.0	0.0	0.0	1.082225E7	1.6977406E7	
sp|O54889|RPA1_RAT	O54889	RPA1_RAT	Polr1a	1716	Rattus norvegicus	1:Experimental evidence at protein level	DNA-directed RNA polymerase I subunit RPA1	0.9473	0.9983	1	1	1	1	0	0	0	0	0	1	0	0	0	0	0	1	0	0	0	0	0	1	0.0	0.0	0.0	0.0	0.0	0.0	0.0	0.0	0.0	0.0	0.0	0.0	
sp|O54975|XPP1_RAT	O54975	XPP1_RAT	Xpnpep1	623	Rattus norvegicus	1:Experimental evidence at protein level	Xaa-Pro aminopeptidase 1	1.0	0.999	12	47	47	47	9	6	7	10	7	8	9	6	7	10	7	8	9	6	7	10	7	8	9.2135128E7	7.0653568E7	9.8544256E7	1.02009496E8	1.01548272E8	7.9317888E7	1.8224228E7	1.4485075E7	1.4517329E7	2.0005064E7	1.783518E7	1.9162654E7	
sp|O55004|RNAS4_RAT	O55004	RNAS4_RAT	Rnase4	147	Rattus norvegicus	1:Experimental evidence at protein level	Ribonuclease 4	1.0	0.999	4	13	13	13	2	2	0	4	2	3	2	2	0	4	2	3	2	2	0	4	2	3	9805648.0	9013533.0	4666824.5	4.9305608E7	5.4674552E7	5.4538756E7	5390857.5	8209955.0	8172735.0	2.3940874E7	2.75586E7	2.6692556E7	
sp|O55012|PICAL_RAT	O55012	PICAL_RAT	Picalm	640	Rattus norvegicus	1:Experimental evidence at protein level	Phosphatidylinositol-binding clathrin assembly protein	0.9685	0.999	1	1	1	1	1	0	0	0	0	0	1	0	0	0	0	0	1	0	0	0	0	0	2497075.8	1156313.4	3034783.2	1620921.0	2907251.2	1506205.2	2497075.8	1156313.4	3034783.2	1620921.0	2907251.2	1506205.2	
sp|O55035|PPIG_RAT	O55035	PPIG_RAT	Ppig	752	Rattus norvegicus	1:Experimental evidence at protein level	Peptidyl-prolyl cis-trans isomerase G	1.0	0.999	2	6	6	6	1	2	1	1	1	0	1	2	1	1	1	0	1	2	1	1	1	0	5135769.0	4821971.0	6881388.0	7144805.0	5910264.0	3668470.8	2737296.5	2556698.5	3611429.5	3546057.8	3161241.5	4103878.5	
sp|O55096|DPP3_RAT	O55096	DPP3_RAT	Dpp3	738	Rattus norvegicus	1:Experimental evidence at protein level	Dipeptidyl peptidase 3	1.0	0.999	19	114	114	114	20	20	17	17	18	22	20	20	17	17	18	22	20	20	17	17	18	22	2.6406456E8	1.98873712E8	1.93994112E8	2.80585344E8	2.6393192E8	2.28949056E8	2.7446496E7	2.1837594E7	2.1470784E7	2.9330642E7	2.8383112E7	2.5616762E7	
sp|O55156|CLIP2_RAT	O55156	CLIP2_RAT	Clip2	1046	Rattus norvegicus	1:Experimental evidence at protein level	CAP-Gly domain-containing linker protein 2	0.9683	0.999	1	1	1	1	0	0	1	0	0	0	0	0	1	0	0	0	0	0	1	0	0	0	0.0	0.0	5370593.0	0.0	0.0	0.0	0.0	0.0	0.0	0.0	0.0	0.0	
sp|O55159|EPCAM_RAT	O55159	EPCAM_RAT	Epcam	315	Rattus norvegicus	1:Experimental evidence at protein level	Epithelial cell adhesion molecule	1.0	0.999	2	6	6	6	1	1	0	1	1	2	1	1	0	1	1	2	1	1	0	1	1	2	3937016.2	2181801.2	2026221.5	9742294.0	9359654.0	9123117.0	3937016.2	2181801.2	2026221.5	9742294.0	9359654.0	9123117.0	
sp|O55166|VPS52_RAT	O55166	VPS52_RAT	Vps52	723	Rattus norvegicus	1:Experimental evidence at protein level	Vacuolar protein sorting-associated protein 52 homolog	0.9869	0.9946	2	3	3	3	1	1	0	0	1	0	1	1	0	0	1	0	1	1	0	0	1	0	1.1454721E7	8687040.0	7772328.5	1.0793416E7	7629371.5	9483125.0	1.1454721E7	8687040.0	7772328.5	1.0793416E7	7629371.5	9483125.0	
sp|O55171|ACOT2_RAT	O55171	ACOT2_RAT	Acot2	453	Rattus norvegicus	1:Experimental evidence at protein level	Acyl-coenzyme A thioesterase 2, mitochondrial	1.0	0.999	4	16	7	16	2	2	2	2	4	4	1	1	1	0	2	2	2	2	2	2	4	4	2.1299132E7	2.3819854E7	2.5907208E7	2.8658438E7	2.859546E7	2.1703856E7	9310938.0	1.034897E7	8865388.0	9128539.0	9719721.0	8735424.0	
sp|O70196|PPCE_RAT	O70196	PPCE_RAT	Prep	710	Rattus norvegicus	1:Experimental evidence at protein level	Prolyl endopeptidase	1.0	0.999	12	50	50	50	10	8	8	9	8	7	10	8	8	9	8	7	10	8	8	9	8	7	8.3461376E7	7.807424E7	7.2433328E7	9.1106592E7	1.0659888E8	9.5451232E7	2.9573174E7	2.6454464E7	2.347589E7	2.959321E7	2.99485E7	3.001106E7	
sp|O70199|UGDH_RAT	O70199	UGDH_RAT	Ugdh	493	Rattus norvegicus	1:Experimental evidence at protein level	UDP-glucose 6-dehydrogenase	1.0	0.999	3	5	5	5	0	0	0	2	2	1	0	0	0	2	2	1	0	0	0	2	2	1	8109654.5	1045305.56	5864165.5	2.0563144E7	1.3646349E7	2.1006676E7	3300883.0	3372400.0	2527591.0	7821376.0	5768185.0	7646688.0	
sp|O70351|HCD2_RAT	O70351	HCD2_RAT	Hsd17b10	261	Rattus norvegicus	1:Experimental evidence at protein level	3-hydroxyacyl-CoA dehydrogenase type-2	1.0	0.999	11	106	106	106	20	21	19	18	12	16	20	21	19	18	12	16	20	21	19	18	12	16	9.8691462E8	9.2851008E8	9.2123456E8	5.6206605E8	5.29276352E8	5.06600768E8	1.13613728E8	1.049412E8	1.06897768E8	6.7693488E7	6.4020304E7	6.2856032E7	
sp|O70377|SNP23_RAT	O70377	SNP23_RAT	Snap23	210	Rattus norvegicus	1:Experimental evidence at protein level	Synaptosomal-associated protein 23	1.0	0.999	3	6	6	6	1	1	0	3	1	0	1	1	0	3	1	0	1	1	0	3	1	0	1.573299E7	1.175155E7	1.0249594E7	1.7133372E7	1.544396E7	1.5416666E7	1.0574133E7	8936314.0	8237240.0	1.3444603E7	1.2811692E7	1.2625649E7	
sp|O70454|BUD31_RAT	O70454	BUD31_RAT	Bud31	144	Rattus norvegicus	2:Experimental evidence at transcript level	Protein BUD31 homolog	0.9986	0.9988	2	3	3	3	1	0	0	0	1	1	1	0	0	0	1	1	1	0	0	0	1	1	2407093.5	2499769.8	1981457.4	1908378.1	2885271.2	2964620.5	2407093.5	2499769.8	1981457.4	1908378.1	2885271.2	2964620.5	
sp|O70511|ANK3_RAT	O70511	ANK3_RAT	Ank3	2622	Rattus norvegicus	1:Experimental evidence at protein level	Ankyrin-3	1.0	0.999	5	7	7	7	2	0	0	2	2	1	2	0	0	2	2	1	2	0	0	2	2	1	2.6622662E7	2751408.5	5119159.5	3.43105E7	3.2074724E7	5536555.0	7158068.5	4511007.5	4657749.5	1.0736318E7	9064902.0	8809533.0	
sp|O70513|LG3BP_RAT	O70513	LG3BP_RAT	Lgals3bp	574	Rattus norvegicus	1:Experimental evidence at protein level	Galectin-3-binding protein	0.9685	0.999	1	5	5	5	1	0	1	1	1	1	1	0	1	1	1	1	1	0	1	1	1	1	2176904.2	1648740.4	1972408.6	5131996.5	3018039.0	3654093.8	2176904.2	1648740.4	1972408.6	5131996.5	3018039.0	3654093.8	
sp|O70593|SGTA_RAT	O70593	SGTA_RAT	Sgta	314	Rattus norvegicus	1:Experimental evidence at protein level	Small glutamine-rich tetratricopeptide repeat-containing protein alpha	1.0	0.999	6	22	22	22	4	4	5	4	4	1	4	4	5	4	4	1	4	4	5	4	4	1	3.2059578E7	3.306512E7	3.0732432E7	2.6247422E7	2.8788244E7	2.8851078E7	8664187.0	9227683.0	8965300.0	8081998.5	8462883.0	7910732.0	
sp|O76013|KRT36_HUMAN	O76013	KRT36_HUMAN	KRT36	467	Homo sapiens	1:Experimental evidence at protein level	Keratin, type I cuticular Ha6	0.9933	0.9988	5	1	1	14	1	0	0	0	0	0	1	0	0	0	0	0	6	2	1	2	2	1	1.4738037E7	0.0	0.0	0.0	0.0	0.0	0.0	0.0	0.0	0.0	0.0	0.0	
sp|O77727|K1C15_SHEEP	O77727	K1C15_SHEEP	KRT15	453	Ovis aries	2:Experimental evidence at transcript level	Keratin, type I cytoskeletal 15	0.9944	0.999	5	3	3	22	1	1	0	1	0	0	1	1	0	1	0	0	6	5	1	4	3	3	0.0	0.0	0.0	0.0	0.0	0.0	0.0	0.0	0.0	0.0	0.0	0.0	
sp|O88350|RBBP9_RAT	O88350	RBBP9_RAT	Rbbp9	186	Rattus norvegicus	1:Experimental evidence at protein level	Serine hydrolase RBBP9	1.0	0.999	2	11	11	11	2	3	1	2	2	1	2	3	1	2	2	1	2	3	1	2	2	1	1.5158981E7	1.4729839E7	1.3119671E7	1.082144E7	1.4988241E7	1.4754212E7	1.3579879E7	1.3788609E7	1.3119671E7	1.082144E7	1.4016075E7	1.0279512E7	
sp|O88370|PI42C_RAT	O88370	PI42C_RAT	Pip4k2c	420	Rattus norvegicus	1:Experimental evidence at protein level	Phosphatidylinositol 5-phosphate 4-kinase type-2 gamma	0.5783	0.978	1	2	2	2	1	0	1	0	0	0	1	0	1	0	0	0	1	0	1	0	0	0	0.0	0.0	3928163.2	0.0	0.0	0.0	0.0	0.0	0.0	0.0	0.0	0.0	
sp|O88377|PI42B_RAT	O88377	PI42B_RAT	Pip4k2b	416	Rattus norvegicus	1:Experimental evidence at protein level	Phosphatidylinositol 5-phosphate 4-kinase type-2 beta	0.9685	0.999	1	1	0	1	0	0	0	1	0	0	0	0	0	0	0	0	0	0	0	1	0	0	0.0	0.0	0.0	3131103.0	0.0	0.0	0.0	0.0	0.0	0.0	0.0	0.0	sp|Q9R0I8|PI42A_RAT
sp|O88422|GALT5_RAT	O88422	GALT5_RAT	Galnt5	930	Rattus norvegicus	2:Experimental evidence at transcript level	Polypeptide N-acetylgalactosaminyltransferase 5	0.5539	0.9758	1	1	1	1	0	0	0	1	0	0	0	0	0	1	0	0	0	0	0	1	0	0	7.2502352E7	7.2222392E7	7.673244E7	4.2898108E7	3.8142308E7	4.496806E7	7.2502352E7	7.2222392E7	7.673244E7	4.2898108E7	3.8142308E7	4.496806E7	
sp|O88453|SAFB1_RAT	O88453	SAFB1_RAT	Safb	931	Rattus norvegicus	1:Experimental evidence at protein level	Scaffold attachment factor B1	1.0	0.999	3	6	6	6	1	2	1	1	1	0	1	2	1	1	1	0	1	2	1	1	1	0	6337103.0	1.1729218E7	1.037327E7	1.096507E7	7248001.0	1.5340956E7	4981361.0	5180548.5	4569933.0	4876819.0	4008656.8	6903088.5	
sp|O88506|STK39_RAT	O88506	STK39_RAT	Stk39	553	Rattus norvegicus	1:Experimental evidence at protein level	STE20/SPS1-related proline-alanine-rich protein kinase	0.9975	0.999	3	4	4	9	1	0	0	2	0	1	1	0	0	2	0	1	2	1	0	2	2	2	1.423406E7	1.3128017E7	1.29911E7	1.4700428E7	0.0	8949273.0	9762277.0	1.3128017E7	1.29911E7	9537299.0	0.0	8949273.0	
sp|O88600|HSP74_RAT	O88600	HSP74_RAT	Hspa4	840	Rattus norvegicus	1:Experimental evidence at protein level	Heat shock 70 kDa protein 4	1.0	0.999	22	109	107	109	20	20	18	20	16	15	20	20	18	19	15	15	20	20	18	20	16	15	3.09222784E8	2.77427424E8	2.52904192E8	3.2637856E8	2.77615552E8	3.076344E8	2.8128506E7	2.3872468E7	2.429432E7	3.2308172E7	2.828478E7	3.1301702E7	
sp|O88637|PCY2_RAT	O88637	PCY2_RAT	Pcyt2	404	Rattus norvegicus	1:Experimental evidence at protein level	Ethanolamine-phosphate cytidylyltransferase	1.0	0.999	4	7	7	7	3	1	2	0	0	1	3	1	2	0	0	1	3	1	2	0	0	1	1.3448091E7	1.1535552E7	1.2523981E7	8747309.0	8397791.0	9002258.0	6531939.5	4894788.0	6317839.5	4149467.5	4691750.5	4380806.5	
sp|O88656|ARC1B_RAT	O88656	ARC1B_RAT	Arpc1b	372	Rattus norvegicus	1:Experimental evidence at protein level	Actin-related protein 2/3 complex subunit 1B	1.0	0.999	7	42	38	42	6	6	6	8	9	7	5	6	5	7	9	6	6	6	6	8	9	7	6.7691336E7	5.8183408E7	5.5067828E7	9.0872872E7	8.793348E7	1.1170848E8	1.4206444E7	1.3355618E7	1.222037E7	2.0600528E7	2.000517E7	2.0602434E7	
sp|O88761|PSMD1_RAT	O88761	PSMD1_RAT	Psmd1	953	Rattus norvegicus	1:Experimental evidence at protein level	26S proteasome non-ATPase regulatory subunit 1	1.0	0.999	6	22	22	22	5	2	0	5	6	4	5	2	0	5	6	4	5	2	0	5	6	4	1.9082178E7	1.5975052E7	1.2331597E7	3.4770204E7	3.3209744E7	3.5803948E7	8171618.5	4458555.0	4608252.0	1.0139223E7	9539497.0	1.0894152E7	
sp|O88767|PARK7_RAT	O88767	PARK7_RAT	Park7	189	Rattus norvegicus	1:Experimental evidence at protein level	Parkinson disease protein 7 homolog	1.0	0.999	11	153	153	153	26	30	29	21	24	23	26	30	29	21	24	23	26	30	29	21	24	23	1.56903206E9	2.00789069E9	2.00453837E9	1.4954921E9	1.77057843E9	1.64043597E9	2.58330256E8	3.13126112E8	3.09479072E8	2.43997904E8	2.77319104E8	2.69706176E8	
sp|O88794|PNPO_RAT	O88794	PNPO_RAT	Pnpo	261	Rattus norvegicus	1:Experimental evidence at protein level	Pyridoxine-5'-phosphate oxidase	1.0	0.999	6	25	25	25	5	6	6	2	4	2	5	6	6	2	4	2	5	6	6	2	4	2	7.5102048E7	1.31544232E8	1.02743072E8	7.0128088E7	8.2484352E7	9.2486208E7	2.4328864E7	2.824005E7	2.8432342E7	1.6115023E7	1.7893834E7	1.9821774E7	
sp|O88797|DAB2_RAT	O88797	DAB2_RAT	Dab2	768	Rattus norvegicus	1:Experimental evidence at protein level	Disabled homolog 2	1.0	0.999	6	20	20	20	1	2	3	4	6	4	1	2	3	4	6	4	1	2	3	4	6	4	1.6129999E7	1.7630328E7	2.1034978E7	2.773235E7	3.3115782E7	2.9581718E7	4472957.0	5113214.5	5751304.5	8301428.0	9032442.0	9262107.0	
sp|O88801|HOME2_RAT	O88801	HOME2_RAT	Homer2	354	Rattus norvegicus	1:Experimental evidence at protein level	Homer protein homolog 2	1.0	0.999	2	4	2	4	0	2	2	0	0	0	0	1	1	0	0	0	0	2	2	0	0	0	3565251.8	6730550.0	6695154.5	1561275.1	2095036.1	4802249.0	2009211.9	3757742.2	3894227.0	2434246.8	1953582.2	2895044.2	
sp|O88813|ACSL5_RAT	O88813	ACSL5_RAT	Acsl5	683	Rattus norvegicus	1:Experimental evidence at protein level	Long-chain-fatty-acid--CoA ligase 5	0.9999	0.999	4	2	2	10	0	0	0	1	1	0	0	0	0	1	1	0	1	1	1	3	3	1	0.0	0.0	0.0	5068704.0	0.0	0.0	0.0	0.0	0.0	0.0	0.0	0.0	
sp|O88941|MOGS_RAT	O88941	MOGS_RAT	Mogs	834	Rattus norvegicus	1:Experimental evidence at protein level	Mannosyl-oligosaccharide glucosidase	1.0	0.999	15	50	50	50	9	5	5	14	9	8	9	5	5	14	9	8	9	5	5	14	9	8	1.20062776E8	8.9568128E7	7.6453104E7	2.32947264E8	2.2063024E8	2.02963168E8	5.729744E7	3.914364E7	3.1226738E7	8.0771568E7	6.84932E7	7.2676928E7	
sp|O88989|MDHC_RAT	O88989	MDHC_RAT	Mdh1	334	Rattus norvegicus	1:Experimental evidence at protein level	Malate dehydrogenase, cytoplasmic	1.0	0.999	12	127	127	127	21	22	21	21	20	22	21	22	21	21	20	22	21	22	21	21	20	22	1.90328973E9	1.92278182E9	1.92161178E9	2.22588698E9	2.25814477E9	2.36652262E9	3.09434656E8	3.1721392E8	3.12122688E8	3.6042176E8	3.52666304E8	3.7309888E8	
sp|O88994|MARC2_RAT	O88994	MARC2_RAT	Mtarc2	338	Rattus norvegicus	2:Experimental evidence at transcript level	Mitochondrial amidoxime reducing component 2	0.8666	0.9953	1	2	2	2	1	0	0	1	0	0	1	0	0	1	0	0	1	0	0	1	0	0	1599038.0	1706606.6	1203066.5	875421.2	1083286.1	1349346.2	1599038.0	1706606.6	1203066.5	875421.2	1083286.1	1349346.2	
sp|O89046|COR1B_RAT	O89046	COR1B_RAT	Coro1b	484	Rattus norvegicus	1:Experimental evidence at protein level	Coronin-1B	1.0	0.999	3	24	24	24	4	4	4	4	4	4	4	4	4	4	4	4	4	4	4	4	4	4	4.0020544E7	3.6107796E7	4.0525592E7	4.285342E7	4.6597956E7	4.2664164E7	1.5193803E7	1.4863919E7	1.604077E7	1.7945044E7	1.944354E7	1.7081852E7	
sp|O89049|TRXR1_RAT	O89049	TRXR1_RAT	Txnrd1	499	Rattus norvegicus	1:Experimental evidence at protein level	Thioredoxin reductase 1, cytoplasmic	1.0	0.999	5	20	15	20	4	4	3	4	2	3	3	3	2	3	1	3	4	4	3	4	2	3	3.5238628E7	4.2315304E7	3.247304E7	4.9866388E7	4.6874252E7	5.0293452E7	1.0476091E7	1.2515755E7	1.0863194E7	1.4997846E7	1.4377048E7	1.4439029E7	
sp|P00173|CYB5_RAT	P00173	CYB5_RAT	Cyb5a	134	Rattus norvegicus	1:Experimental evidence at protein level	Cytochrome b5	1.0	0.999	5	50	13	50	9	10	10	7	7	7	3	3	3	1	1	2	9	10	10	7	7	7	4.4692032E8	4.94422976E8	5.03007328E8	3.99445152E8	4.2211008E8	4.81316224E8	1.34259216E8	1.53034208E8	1.52658032E8	1.4028336E8	1.49373648E8	1.4509616E8	
sp|P00388|NCPR_RAT	P00388	NCPR_RAT	Por	678	Rattus norvegicus	1:Experimental evidence at protein level	NADPH--cytochrome P450 reductase	1.0	0.999	4	5	5	5	0	0	0	2	2	1	0	0	0	2	2	1	0	0	0	2	2	1	8261487.5	3709718.5	4591994.0	2.2087894E7	2.4145802E7	1.1934976E7	3779603.5	2501890.0	2206326.5	6767661.0	6590107.5	5713990.5	
sp|P00406|COX2_RAT	P00406	COX2_RAT	Mt-co2	227	Rattus norvegicus	1:Experimental evidence at protein level	Cytochrome c oxidase subunit 2	0.9683	0.999	1	1	1	1	1	0	0	0	0	0	1	0	0	0	0	0	1	0	0	0	0	0	5417459.5	3156764.2	2772370.5	9248856.0	5399262.5	5939652.5	5417459.5	3156764.2	2772370.5	9248856.0	5399262.5	5939652.5	
sp|P00507|AATM_RAT	P00507	AATM_RAT	Got2	430	Rattus norvegicus	1:Experimental evidence at protein level	Aspartate aminotransferase, mitochondrial	1.0	0.999	13	61	61	61	12	12	11	10	6	10	12	12	11	10	6	10	12	12	11	10	6	10	4.95134304E8	4.72907712E8	4.33536224E8	3.60130752E8	3.10989824E8	3.3602944E8	7.598936E7	7.2718352E7	6.8862712E7	5.6057996E7	4.8930704E7	5.6395448E7	
sp|P00564|KCRM_RAT	P00564	KCRM_RAT	Ckm	381	Rattus norvegicus	1:Experimental evidence at protein level	Creatine kinase M-type	1.0	0.999	7	23	6	29	6	6	4	3	2	2	1	1	1	1	1	1	7	7	5	4	3	3	4.4547492E7	5.2024392E7	5.4874836E7	1.4340112E7	2.3975164E7	2.1682704E7	1.0613105E7	1.2754031E7	1.2392142E7	4888254.0	7033259.0	6212273.5	
sp|P00684|RNS1B_RAT	P00684	RNS1B_RAT	Rnase1	152	Rattus norvegicus	1:Experimental evidence at protein level	Ribonuclease pancreatic beta-type	1.0	0.999	5	641	641	641	103	104	109	105	109	111	103	104	109	105	109	111	103	104	109	105	109	111	1.63588854E10	1.98746092E10	2.06222889E10	2.59042652E10	2.77534147E10	2.73746309E10	4.05681792E9	4.9288023E9	5.0079212E9	6.178113E9	6.5951432E9	6.5924096E9	
sp|P00689|AMYP_RAT	P00689	AMYP_RAT	Amy2	508	Rattus norvegicus	2:Experimental evidence at transcript level	Pancreatic alpha-amylase	1.0	0.999	26	3633	2636	3633	538	524	516	687	677	691	401	391	388	480	483	493	538	524	516	687	677	691	1.35938367E11	1.30261557E11	1.37807528E11	2.55739003E11	2.45187314E11	2.52307554E11	1.32748278E10	1.248781E10	1.25552845E10	2.45789778E10	2.50385695E10	2.56136212E10	
sp|P00697|LYSC1_RAT	P00697	LYSC1_RAT	Lyz1	148	Rattus norvegicus	1:Experimental evidence at protein level	Lysozyme C-1	1.0	0.999	5	16	10	16	0	1	0	4	6	5	0	1	0	3	3	3	0	1	0	4	6	5	6528033.0	7839636.5	8080135.0	6.5317988E7	8.8786096E7	6.5946208E7	3233368.8	3718816.2	3814834.8	2.2840046E7	2.9534722E7	3.049135E7	
sp|P00731|CBPA1_RAT	P00731	CBPA1_RAT	Cpa1	419	Rattus norvegicus	2:Experimental evidence at transcript level	Carboxypeptidase A1	1.0	0.999	20	1143	1143	1196	173	182	178	203	209	198	173	182	178	203	209	198	179	189	185	212	219	212	3.7049258E10	3.7465641E10	3.9219933E10	6.1673734E10	6.1588636E10	6.0314247E10	3.96731418E9	4.19729818E9	4.26241101E9	6.5619599E9	6.571114E9	6.684863E9	
sp|P00758|KLK1_RAT	P00758	KLK1_RAT	Ngfg	261	Rattus norvegicus	2:Experimental evidence at transcript level	Kallikrein-1	1.0	0.999	5	88	88	88	11	12	11	19	17	18	11	12	11	19	17	18	11	12	11	19	17	18	8.6107885E8	8.777968E8	8.980407E8	2.07225395E9	2.18183987E9	2.13602816E9	3.11688928E8	3.171248E8	3.01851776E8	7.1590592E8	8.1547411E8	7.1889216E8	
sp|P00761|TRYP_PIG	P00761	TRYP_PIG		231	Sus scrofa	1:Experimental evidence at protein level	Trypsin	1.0	0.999	4	106	106	106	17	17	15	21	16	20	17	17	15	21	16	20	17	17	15	21	16	20	6.4751857E9	7.4115185E9	7.0002284E9	1.02469663E10	1.13341583E10	1.0729344E10	6.4728207E9	6.5859564E9	5.9730534E9	1.0132777E10	1.13382615E10	1.03799767E10	
sp|P00762|TRY1_RAT	P00762	TRY1_RAT	Prss1	246	Rattus norvegicus	1:Experimental evidence at protein level	Serine protease 1	1.0	0.999	5	635	635	635	83	98	87	130	120	117	83	98	87	130	120	117	83	98	87	130	120	117	2.37584957E10	2.48569426E10	2.54081659E10	4.2970571E10	4.5884375E10	4.3589308E10	1.17931274E10	1.36620206E10	1.29760348E10	2.28996751E10	2.44831519E10	2.21132984E10	
sp|P00763|TRY2_RAT	P00763	TRY2_RAT	Prss2	246	Rattus norvegicus	1:Experimental evidence at protein level	Anionic trypsin-2	1.0	0.999	5	261	261	261	39	39	34	51	48	50	39	39	34	51	48	50	39	39	34	51	48	50	1.97010253E9	2.02147699E9	2.13941658E9	4.0412503E9	3.86156211E9	4.24039629E9	5.8506899E8	6.2353568E8	6.5922208E8	1.06832346E9	1.06283571E9	1.1428073E9	
sp|P00766|CTRA_BOVIN	P00766	CTRA_BOVIN		245	Bos taurus	1:Experimental evidence at protein level	Chymotrypsinogen A	1.0	0.999	1	135	135	135	18	21	17	27	28	24	18	21	17	27	28	24	18	21	17	27	28	24	1.82401126E9	2.17652838E9	1.25235917E9	5.3381898E9	3.12576486E9	4.7038807E9	1.62227533E9	3.02252262E9	7.1615656E7	7.5825777E9	2.81309747E9	7.3746591E9	
sp|P00767|CTRB_BOVIN	P00767	CTRB_BOVIN		245	Bos taurus	1:Experimental evidence at protein level	Chymotrypsinogen B	1.0	0.999	2	81	81	127	8	14	10	15	19	15	8	14	10	15	19	15	15	21	19	25	25	22	7.7728454E8	1.34680368E8	9.2646669E8	1.34454246E9	1.42769805E9	1.57254672E8	4.42182752E8	8.9873784E7	7.408272E8	5.9788422E8	6.2275693E8	8.245112E7	
sp|P00773|CELA1_RAT	P00773	CELA1_RAT	Cela1	266	Rattus norvegicus	1:Experimental evidence at protein level	Chymotrypsin-like elastase family member 1	1.0	0.999	7	360	360	360	52	54	50	77	66	61	52	54	50	77	66	61	52	54	50	77	66	61	7.772799E9	7.0315607E9	6.8184888E9	1.30741453E10	1.19181548E10	1.24169687E10	3.80119373E9	3.38387814E9	3.31842867E9	6.3039432E9	6.0671078E9	5.7343821E9	
sp|P00774|CEL2A_RAT	P00774	CEL2A_RAT	Cela2a	271	Rattus norvegicus	2:Experimental evidence at transcript level	Chymotrypsin-like elastase family member 2A	1.0	0.999	10	2344	2344	2344	339	395	374	400	414	422	339	395	374	400	414	422	339	395	374	400	414	422	1.68886723E10	1.67179786E10	1.62528236E10	2.72647148E10	2.78051246E10	2.70414561E10	6.3755059E9	6.6072146E9	6.2362353E9	1.04398244E10	1.10072576E10	1.04713032E10	
sp|P00786|CATH_RAT	P00786	CATH_RAT	Ctsh	333	Rattus norvegicus	1:Experimental evidence at protein level	Pro-cathepsin H	1.0	0.999	2	7	7	7	1	1	2	1	1	1	1	1	2	1	1	1	1	1	2	1	1	1	1.7305474E7	1.7081472E7	2.0681368E7	2.3161922E7	3.0680908E7	2.2679488E7	1.5188973E7	1.3289461E7	1.5733979E7	2.3161922E7	2.8955798E7	2.2679488E7	
sp|P00787|CATB_RAT	P00787	CATB_RAT	Ctsb	339	Rattus norvegicus	1:Experimental evidence at protein level	Cathepsin B	1.0	0.999	8	61	61	61	9	7	7	12	12	14	9	7	7	12	12	14	9	7	7	12	12	14	1.95178768E8	2.2076056E8	2.35412336E8	3.7387808E8	3.852152E8	3.99767328E8	5.1311744E7	5.7186196E7	6.1199384E7	9.789136E7	1.01542048E8	1.02727576E8	
sp|P00884|ALDOB_RAT	P00884	ALDOB_RAT	Aldob	364	Rattus norvegicus	1:Experimental evidence at protein level	Fructose-bisphosphate aldolase B	1.0	0.999	11	67	67	74	11	12	12	11	11	10	11	12	12	11	11	10	12	13	13	12	12	12	3.53825984E8	3.15891936E8	3.47042976E8	3.06690336E8	3.26559168E8	3.18169984E8	5.2391212E7	5.0855908E7	5.1913796E7	4.623066E7	4.6217312E7	4.617214E7	
sp|P01008|ANT3_HUMAN	P01008	ANT3_HUMAN	SERPINC1	464	Homo sapiens	1:Experimental evidence at protein level	Antithrombin-III	1.0	0.9989	3	13	13	13	3	1	0	3	3	3	3	1	0	3	3	3	3	1	0	3	3	3	2.3063262E7	2.1049992E7	2.3728892E7	4.872316E7	4.6434964E7	4.5176024E7	1.0662166E7	9435037.0	1.0047078E7	2.048364E7	2.0677022E7	1.9305642E7	
sp|P01015|ANGT_RAT	P01015	ANGT_RAT	Agt	477	Rattus norvegicus	1:Experimental evidence at protein level	Angiotensinogen	1.0	0.999	7	21	21	21	0	0	0	7	8	6	0	0	0	7	8	6	0	0	0	7	8	6	1.1554179E7	1.1477697E7	1.7167236E7	1.72961376E8	1.79339824E8	1.59277376E8	3517145.8	3268411.2	3962234.0	3.5025884E7	3.482524E7	3.4160784E7	
sp|P01026|CO3_RAT	P01026	CO3_RAT	C3	1663	Rattus norvegicus	1:Experimental evidence at protein level	Complement C3	1.0	0.999	60	246	246	246	28	24	21	57	56	60	28	24	21	57	56	60	28	24	21	57	56	60	5.8717459E8	4.7639888E8	5.6448557E8	2.47255859E9	2.47182285E9	2.46007962E9	3.7079736E7	3.1000768E7	3.3067608E7	1.56273744E8	1.5111016E8	1.5267616E8	
sp|P01041|CYTB_RAT	P01041	CYTB_RAT	Cstb	98	Rattus norvegicus	1:Experimental evidence at protein level	Cystatin-B	1.0	0.999	3	8	8	8	3	1	1	1	1	1	3	1	1	1	1	1	3	1	1	1	1	1	9.031E7	1.16508312E8	1.166824E8	8.9505576E7	1.00913288E8	1.06569216E8	6.4567468E7	1.06784584E8	1.0430632E8	7.2272496E7	8.7092776E7	7.9114224E7	
sp|P01048|KNT1_RAT	P01048	KNT1_RAT	Map1	430	Rattus norvegicus	1:Experimental evidence at protein level	T-kininogen 1	1.0	0.999	12	20	20	52	0	0	1	5	6	8	0	0	1	5	6	8	0	1	1	14	16	20	2885480.5	7860246.0	7091324.0	1.75060384E8	1.78415552E8	1.8737496E8	4940931.0	5607866.0	4690296.5	5.020656E7	5.5984728E7	5.6673452E7	
sp|P01322|INS1_RAT	P01322	INS1_RAT	Ins1	110	Rattus norvegicus	1:Experimental evidence at protein level	Insulin-1	1.0	0.999	4	39	26	39	7	7	7	6	6	6	4	5	5	4	4	4	7	7	7	6	6	6	5.4151834E8	5.5060243E8	5.23591392E8	1.02053274E9	9.2850554E8	8.1979533E8	2.61795728E8	2.61964832E8	2.11629536E8	5.4936128E8	5.30500544E8	4.02208992E8	
sp|P01323|INS2_RAT	P01323	INS2_RAT	Ins2	110	Rattus norvegicus	1:Experimental evidence at protein level	Insulin-2	1.0	0.999	3	20	20	33	4	3	3	4	3	3	4	3	3	4	3	3	7	5	5	6	5	5	1.71749936E8	1.61771472E8	1.50387072E8	2.81773696E8	2.5865112E8	2.19094816E8	7.341568E7	6.9856704E7	6.2363232E7	1.39216016E8	1.14408448E8	9.5613224E7	
sp|P01835|KACB_RAT	P01835	KACB_RAT		106	Rattus norvegicus	1:Experimental evidence at protein level	Ig kappa chain C region, B allele	1.0	0.999	4	34	15	34	5	5	4	6	6	8	2	2	2	3	3	3	5	5	4	6	6	8	1.00262048E8	1.25440928E8	1.32473512E8	2.26351376E8	2.21331344E8	2.5827336E8	3.1439866E7	3.4813052E7	3.8938616E7	7.2076904E7	6.9074096E7	7.5242E7	
sp|P01946|HBA_RAT	P01946	HBA_RAT	Hba1	142	Rattus norvegicus	1:Experimental evidence at protein level	Hemoglobin subunit alpha-1/2	1.0	0.999	8	491	418	491	69	69	69	88	101	95	58	58	57	75	88	82	69	69	69	88	101	95	1.80470497E10	1.77585295E10	1.77752924E10	3.902591E10	4.210167E10	4.1021682E10	2.7216983E9	2.66002586E9	2.63539328E9	5.6029133E9	6.3203645E9	5.8685701E9	
sp|P02091|HBB1_RAT	P02091	HBB1_RAT	Hbb	147	Rattus norvegicus	1:Experimental evidence at protein level	Hemoglobin subunit beta-1	1.0	0.999	11	551	176	551	74	80	73	104	109	111	25	26	23	31	33	38	74	80	73	104	109	111	1.9214846E10	1.99991112E10	1.98563267E10	4.3525472E10	4.6643126E10	4.5222474E10	3.02755174E9	3.1974633E9	3.14571853E9	6.4555484E9	7.1692375E9	6.8309745E9	
sp|P02401|RLA2_RAT	P02401	RLA2_RAT	Rplp2	115	Rattus norvegicus	1:Experimental evidence at protein level	Large ribosomal subunit protein P2	1.0	0.999	5	189	189	189	32	39	38	23	29	28	32	39	38	23	29	28	32	39	38	23	29	28	6.8824663E9	7.364607E9	8.3962035E9	5.2859218E9	5.8553533E9	5.4470866E9	2.27426253E9	2.47808435E9	2.88790323E9	1.69460941E9	1.83718669E9	1.76655629E9	
sp|P02438|KRB2A_SHEEP	P02438	KRB2A_SHEEP		172	Ovis aries	1:Experimental evidence at protein level	Keratin, high-sulfur matrix protein, B2A	0.9685	0.999	1	1	0	1	1	0	0	0	0	0	0	0	0	0	0	0	1	0	0	0	0	0	5354431.0	0.0	0.0	0.0	0.0	0.0	0.0	0.0	0.0	0.0	0.0	0.0	sp|P02439|KRB2B_SHEEP, sp|P02440|KRB2C_SHEEP, sp|P08131|KRB2D_SHEEP
sp|P02443|KRA3A_SHEEP	P02443	KRA3A_SHEEP		130	Ovis aries	1:Experimental evidence at protein level	Keratin, high-sulfur matrix protein, IIIA3A	0.9984	0.999	2	2	1	2	2	0	0	0	0	0	1	0	0	0	0	0	2	0	0	0	0	0	1.1415355E7	0.0	0.0	0.0	0.0	0.0	0.0	0.0	0.0	0.0	0.0	0.0	
sp|P02444|KRA33_SHEEP	P02444	KRA33_SHEEP		98	Ovis aries	1:Experimental evidence at protein level	Keratin, high sulfur matrix protein, IIIB3	0.9685	0.999	1	1	0	1	1	0	0	0	0	0	0	0	0	0	0	0	1	0	0	0	0	0	6860521.0	0.0	0.0	0.0	0.0	0.0	0.0	0.0	0.0	0.0	0.0	0.0	sp|P02445|KRA34_SHEEP
sp|P02454|CO1A1_RAT	P02454	CO1A1_RAT	Col1a1	1453	Rattus norvegicus	1:Experimental evidence at protein level	Collagen alpha-1(I) chain	1.0	0.999	3	10	10	10	1	1	3	1	3	1	1	1	3	1	3	1	1	1	3	1	3	1	9769539.0	1.0229163E7	1.3009408E7	9675879.0	1.0689694E7	1.0877469E7	5404588.0	4953874.5	6833512.0	5274874.5	5921127.0	5998584.0	
sp|P02534|K1M1_SHEEP	P02534	K1M1_SHEEP		412	Ovis aries	1:Experimental evidence at protein level	Keratin, type I microfibrillar 48 kDa, component 8C-1	1.0	0.999	15	15	2	28	15	0	0	0	0	0	2	0	0	0	0	0	19	3	1	2	2	1	6.1379674E8	0.0	433851.5	0.0	0.0	1.8539194E7	4.7846464E7	0.0	1568517.6	0.0	0.0	1.9122246E7	
sp|P02539|K2M1_SHEEP	P02539	K2M1_SHEEP		109	Ovis aries	1:Experimental evidence at protein level	Keratin, type II microfibrillar (Fragment)	1.0	0.999	4	2	2	5	2	0	0	0	0	0	2	0	0	0	0	0	5	0	0	0	0	0	3.2255674E7	0.0	0.0	0.0	0.0	0.0	0.0	0.0	0.0	0.0	0.0	0.0	
sp|P02625|PRVA_RAT	P02625	PRVA_RAT	Pvalb	110	Rattus norvegicus	1:Experimental evidence at protein level	Parvalbumin alpha	0.9678	0.999	1	2	2	2	1	0	1	0	0	0	1	0	1	0	0	0	1	0	1	0	0	0	5435075.5	5952393.0	6224500.5	2429077.5	2695191.0	3285824.0	5435075.5	5952393.0	6224500.5	2429077.5	2695191.0	3285824.0	
sp|P02634|S100G_RAT	P02634	S100G_RAT	S100g	79	Rattus norvegicus	1:Experimental evidence at protein level	Protein S100-G	0.9685	0.999	1	2	2	2	0	1	1	0	0	0	0	1	1	0	0	0	0	1	1	0	0	0	2347344.2	3190548.8	3858634.0	507468.12	0.0	660052.7	2347344.2	3190548.8	3858634.0	507468.12	0.0	660052.7	
sp|P02650|APOE_RAT	P02650	APOE_RAT	Apoe	312	Rattus norvegicus	1:Experimental evidence at protein level	Apolipoprotein E	1.0	0.999	11	59	59	59	7	8	5	14	12	13	7	8	5	14	12	13	7	8	5	14	12	13	1.96681104E8	2.07262256E8	2.50457648E8	7.9763078E8	8.272711E8	7.3955814E8	4.2512716E7	4.890286E7	5.6291956E7	1.56470208E8	1.73979696E8	1.8348016E8	
sp|P02651|APOA4_RAT	P02651	APOA4_RAT	Apoa4	391	Rattus norvegicus	1:Experimental evidence at protein level	Apolipoprotein A-IV	1.0	0.999	11	55	55	55	10	8	8	9	9	11	10	8	8	9	9	11	10	8	8	9	9	11	1.42415056E8	1.55134096E8	1.65075952E8	1.61367744E8	1.89559264E8	1.88285648E8	2.5353974E7	2.762054E7	2.9154844E7	2.8082068E7	3.3042678E7	3.4032124E7	
sp|P02680|FIBG_RAT	P02680	FIBG_RAT	Fgg	445	Rattus norvegicus	1:Experimental evidence at protein level	Fibrinogen gamma chain	1.0	0.999	14	72	72	72	10	8	8	17	15	14	10	8	8	17	15	14	10	8	8	17	15	14	1.3382208E8	1.190848E8	1.3354852E8	7.6847821E8	6.7741158E8	6.7782842E8	2.606434E7	2.2828878E7	2.3213958E7	1.43343376E8	1.39003136E8	1.37995984E8	
sp|P02692|FABPL_RAT	P02692	FABPL_RAT	Fabp1	127	Rattus norvegicus	1:Experimental evidence at protein level	Fatty acid-binding protein, liver	0.9685	0.999	1	3	3	3	1	1	1	0	0	0	1	1	1	0	0	0	1	1	1	0	0	0	3440124.0	3895515.8	2205986.0	0.0	0.0	2897781.0	3440124.0	3895515.8	2205986.0	0.0	0.0	2897781.0	
sp|P02696|RET1_RAT	P02696	RET1_RAT	Rbp1	135	Rattus norvegicus	1:Experimental evidence at protein level	Retinol-binding protein 1	1.0	0.999	2	7	7	7	1	2	1	0	2	1	1	2	1	0	2	1	1	2	1	0	2	1	8685567.0	9842287.0	1.0999684E7	1.0395648E7	8964255.0	1.1359828E7	6090602.0	6660493.0	7305529.0	7626807.5	6081283.0	7369447.5	
sp|P02761|MUP_RAT	P02761	MUP_RAT		181	Rattus norvegicus	1:Experimental evidence at protein level	Major urinary protein	1.0	0.999	6	38	38	38	5	6	6	6	7	8	5	6	6	6	7	8	5	6	6	6	7	8	5.64104E7	5.167072E7	6.5133952E7	8.0735408E7	1.06226608E8	1.0712616E8	1.2471533E7	1.3383973E7	1.6494395E7	1.8767002E7	2.3795048E7	2.3531864E7	
sp|P02764|A1AG_RAT	P02764	A1AG_RAT	Orm1	205	Rattus norvegicus	2:Experimental evidence at transcript level	Alpha-1-acid glycoprotein	1.0	0.999	4	13	13	13	0	1	1	4	3	4	0	1	1	4	3	4	0	1	1	4	3	4	9510085.0	1.6640796E7	1.7429378E7	1.02258016E8	1.23679784E8	1.2378068E8	5103388.5	6407654.5	7286184.5	3.7922504E7	4.4968604E7	4.7010576E7	
sp|P02767|TTHY_RAT	P02767	TTHY_RAT	Ttr	147	Rattus norvegicus	1:Experimental evidence at protein level	Transthyretin	1.0	0.999	5	104	104	104	14	17	17	17	19	20	14	17	17	17	19	20	14	17	17	17	19	20	8.9970445E8	9.9056262E8	1.0764585E9	2.56847872E9	2.96153318E9	2.83025741E9	2.15224336E8	2.37273248E8	2.54986448E8	6.4310534E8	7.4222822E8	7.0184186E8	
sp|P02769|ALBU_BOVIN	P02769	ALBU_BOVIN	ALB	607	Bos taurus	1:Experimental evidence at protein level	Albumin	1.0	0.999	3	39	39	69	4	6	5	8	8	8	4	6	5	8	8	8	8	10	9	13	14	15	8.5402003E8	7.0443981E8	7.5836186E8	2.74778189E9	2.7901097E9	2.72252851E9	8.2389658E8	7.8469338E8	8.5098797E8	2.36270208E9	2.43436416E9	2.58048077E9	
sp|P02770|ALBU_RAT	P02770	ALBU_RAT	Alb	608	Rattus norvegicus	1:Experimental evidence at protein level	Albumin	1.0	0.999	34	975	900	975	145	126	130	196	181	197	134	115	120	182	168	181	145	126	130	196	181	197	1.93136742E10	1.54304102E10	1.69895045E10	5.7679008E10	5.4209151E10	5.272483E10	2.0505303E9	1.68461709E9	1.88478451E9	6.0332206E9	5.6002529E9	5.5424123E9	
sp|P02783|SVS4_RAT	P02783	SVS4_RAT	Svs4	112	Rattus norvegicus	1:Experimental evidence at protein level	Seminal vesicle secretory protein 4	0.9685	0.999	1	3	3	3	1	1	1	0	0	0	1	1	1	0	0	0	1	1	1	0	0	0	6497688.0	5479666.5	8649299.0	0.0	0.0	0.0	6497688.0	5479666.5	8649299.0	0.0	0.0	0.0	
sp|P02803|MT1_RAT	P02803	MT1_RAT	Mt1	61	Rattus norvegicus	1:Experimental evidence at protein level	Metallothionein-1	1.0	0.999	2	10	10	10	2	1	3	1	1	2	2	1	3	1	1	2	2	1	3	1	1	2	4.398056E7	4.1334356E7	2.5569352E7	7.4665576E7	1.0223264E8	9.4302576E7	3.5976852E7	3.7534976E7	2.56616E7	6.316542E7	8.0163584E7	8.3576784E7	
sp|P04041|GPX1_RAT	P04041	GPX1_RAT	Gpx1	201	Rattus norvegicus	1:Experimental evidence at protein level	Glutathione peroxidase 1	1.0	0.999	10	62	62	62	10	12	12	10	8	10	10	12	12	10	8	10	10	12	12	10	8	10	5.411337E8	6.2970854E8	6.8928819E8	3.18101216E8	3.06777088E8	3.01715936E8	1.16836936E8	1.36478128E8	1.50593936E8	6.8092808E7	7.3790136E7	7.6064056E7	
sp|P04055|PA21B_RAT	P04055	PA21B_RAT	Pla2g1b	146	Rattus norvegicus	1:Experimental evidence at protein level	Phospholipase A2	1.0	0.999	7	277	277	277	50	50	53	40	41	43	50	50	53	40	41	43	50	50	53	40	41	43	5.3723581E9	6.3673344E9	6.4470554E9	4.9603256E9	5.6930314E9	5.7054551E9	1.2888937E9	1.61340774E9	1.56999603E9	1.19141107E9	1.37471526E9	1.38409101E9	
sp|P04166|CYB5B_RAT	P04166	CYB5B_RAT	Cyb5b	146	Rattus norvegicus	1:Experimental evidence at protein level	Cytochrome b5 type B	1.0	0.999	3	14	14	14	2	2	1	3	3	3	2	2	1	3	3	3	2	2	1	3	3	3	6.9930104E7	5.9316968E7	5.9021488E7	9.3872208E7	1.10949152E8	4.9617892E7	4.9827672E7	4.2454012E7	5.0571236E7	4.1078312E7	6.3567492E7	3.8504688E7	
sp|P04182|OAT_RAT	P04182	OAT_RAT	Oat	439	Rattus norvegicus	1:Experimental evidence at protein level	Ornithine aminotransferase, mitochondrial	1.0	0.999	3	11	11	11	2	3	2	1	2	1	2	3	2	1	2	1	2	3	2	1	2	1	1.6179419E7	1.9929318E7	1.8440628E7	1.5643838E7	1.437994E7	1.8052554E7	1.1432222E7	1.0934413E7	1.0124477E7	7462524.0	7434360.0	9987397.0	
sp|P04256|ROA1_RAT	P04256	ROA1_RAT	Hnrnpa1	320	Rattus norvegicus	1:Experimental evidence at protein level	Heterogeneous nuclear ribonucleoprotein A1	1.0	0.999	10	75	75	120	11	14	12	12	12	14	11	14	12	12	12	14	17	20	19	21	20	23	3.39134528E8	3.64295104E8	3.87899872E8	3.9408768E8	3.9518896E8	3.99310208E8	7.8450272E7	8.8717472E7	9.2483432E7	9.1056272E7	9.4324784E7	8.9834584E7	
sp|P04264|K2C1_HUMAN	P04264	K2C1_HUMAN	KRT1	644	Homo sapiens	1:Experimental evidence at protein level	Keratin, type II cytoskeletal 1	1.0	0.999	21	130	85	149	20	22	24	19	24	21	15	16	16	10	14	14	24	25	27	22	27	24	7.8799674E8	7.9286285E8	8.4218304E8	7.8475046E8	1.06616102E9	8.6488397E8	1.00174896E8	1.02609528E8	1.07482344E8	1.0252224E8	1.33609704E8	1.28401192E8	
sp|P04276|VTDB_RAT	P04276	VTDB_RAT	Gc	476	Rattus norvegicus	1:Experimental evidence at protein level	Vitamin D-binding protein	1.0	0.999	19	117	117	117	14	11	17	28	24	23	14	11	17	28	24	23	14	11	17	28	24	23	3.26892896E8	3.4033616E8	3.88190912E8	9.244448E8	9.6176282E8	9.9425363E8	4.1583604E7	4.3275104E7	4.9054204E7	1.1359956E8	1.20978328E8	1.22778584E8	
sp|P04355|MT2_RAT	P04355	MT2_RAT	Mt2	61	Rattus norvegicus	1:Experimental evidence at protein level	Metallothionein-2	1.0	0.999	3	36	36	36	3	3	3	9	8	10	3	3	3	9	8	10	3	3	3	9	8	10	5.3563108E7	6.539816E7	5.3085764E7	2.47423488E8	3.13002464E8	3.38168448E8	3.8469732E7	5.0227036E7	3.5819588E7	1.45602016E8	1.89529632E8	2.0377928E8	
sp|P04550|PTMS_RAT	P04550	PTMS_RAT	Ptms	102	Rattus norvegicus	1:Experimental evidence at protein level	Parathymosin	1.0	0.999	2	26	26	26	5	4	6	4	4	3	5	4	6	4	4	3	5	4	6	4	4	3	3.20953312E8	3.67072544E8	3.96956E8	2.9151168E8	3.71022464E8	3.44114656E8	2.80073376E8	3.24004032E8	3.84569408E8	2.80421088E8	3.66768384E8	3.18057152E8	
sp|P04636|MDHM_RAT	P04636	MDHM_RAT	Mdh2	338	Rattus norvegicus	1:Experimental evidence at protein level	Malate dehydrogenase, mitochondrial	1.0	0.999	18	248	248	248	49	49	54	30	31	35	49	49	54	30	31	35	49	49	54	30	31	35	5.0383918E9	4.8816835E9	5.3079373E9	2.98054374E9	2.98961613E9	2.85585997E9	5.4275418E8	5.4630976E8	5.7993549E8	3.0404016E8	3.12212384E8	3.23849088E8	
sp|P04639|APOA1_RAT	P04639	APOA1_RAT	Apoa1	259	Rattus norvegicus	1:Experimental evidence at protein level	Apolipoprotein A-I	1.0	0.999	12	102	102	102	13	13	12	19	23	22	13	13	12	19	23	22	13	13	12	19	23	22	2.5465624E8	2.70527744E8	2.7059584E8	9.6590368E8	1.16724813E9	1.0982985E9	3.545886E7	3.6256564E7	3.7783E7	1.35963696E8	1.540388E8	1.43349328E8	
sp|P04642|LDHA_RAT	P04642	LDHA_RAT	Ldha	332	Rattus norvegicus	1:Experimental evidence at protein level	L-lactate dehydrogenase A chain	1.0	0.999	15	86	69	86	15	11	12	16	17	15	12	9	9	13	13	13	15	11	12	16	17	15	7.3079213E8	5.7391456E8	4.65694048E8	9.6627258E8	8.7671776E8	8.815632E8	1.02787048E8	8.3994624E7	7.9480704E7	1.39760592E8	1.3212364E8	1.2811356E8	
sp|P04644|RS17_RAT	P04644	RS17_RAT	Rps17	135	Rattus norvegicus	1:Experimental evidence at protein level	Small ribosomal subunit protein eS17	1.0	0.999	5	121	121	121	22	20	28	16	18	17	22	20	28	16	18	17	22	20	28	16	18	17	2.35908915E9	2.41946291E9	2.29321344E9	1.86879168E9	1.88633114E9	1.70097715E9	4.598192E8	4.8633584E8	4.49302176E8	3.53528608E8	3.6607072E8	3.210376E8	
sp|P04646|RL35A_RAT	P04646	RL35A_RAT	Rpl35a	110	Rattus norvegicus	1:Experimental evidence at protein level	Large ribosomal subunit protein eL33	1.0	0.9989	6	35	35	35	7	7	5	6	6	4	7	7	5	6	6	4	7	7	5	6	6	4	1.32395366E9	1.12753613E9	1.05302515E9	9.9562381E8	9.9928064E8	1.01452237E9	3.40192E8	3.00972288E8	2.76852448E8	2.66595504E8	2.60631344E8	2.77764992E8	
sp|P04692|TPM1_RAT	P04692	TPM1_RAT	Tpm1	284	Rattus norvegicus	1:Experimental evidence at protein level	Tropomyosin alpha-1 chain	1.0	0.999	6	9	9	24	2	1	1	2	1	2	2	1	1	2	1	2	4	4	4	5	3	4	2.7880992E7	3.1587268E7	4.2126748E7	3.6028612E7	3.8841064E7	3.1094022E7	1.8462564E7	1.8256652E7	2.3701364E7	1.7965642E7	2.0882118E7	1.6703999E7	
sp|P04762|CATA_RAT	P04762	CATA_RAT	Cat	527	Rattus norvegicus	1:Experimental evidence at protein level	Catalase	1.0	0.999	20	89	45	89	12	15	10	12	16	24	6	8	5	6	8	12	12	15	10	12	16	24	1.79094512E8	1.69569408E8	1.95024016E8	3.46961344E8	2.43779376E8	2.81220032E8	4.3742672E7	4.5464084E7	4.6780756E7	6.084722E7	6.2454768E7	6.1476132E7	
sp|P04764|ENOA_RAT	P04764	ENOA_RAT	Eno1	434	Rattus norvegicus	1:Experimental evidence at protein level	Alpha-enolase	1.0	0.999	20	313	226	313	53	55	50	51	52	52	39	39	37	36	37	38	53	55	50	51	52	52	2.7206848E9	2.72891597E9	3.10814234E9	3.07049216E9	3.37842074E9	3.11486925E9	2.50217984E8	2.5492464E8	2.89416E8	2.61839232E8	2.9168064E8	2.80890048E8	
sp|P04785|PDIA1_RAT	P04785	PDIA1_RAT	P4hb	509	Rattus norvegicus	1:Experimental evidence at protein level	Protein disulfide-isomerase	1.0	0.999	24	903	903	903	165	181	162	132	124	139	165	181	162	132	124	139	165	181	162	132	124	139	2.23630111E10	2.35035238E10	2.31961006E10	1.92557302E10	1.94059981E10	1.96466524E10	1.97979558E9	2.07663603E9	2.03084378E9	1.59307648E9	1.6340512E9	1.60580954E9	
sp|P04797|G3P_RAT	P04797	G3P_RAT	Gapdh	333	Rattus norvegicus	1:Experimental evidence at protein level	Glyceraldehyde-3-phosphate dehydrogenase	1.0	0.999	13	285	254	285	41	50	48	43	48	55	37	44	43	38	42	50	41	50	48	43	48	55	3.14099661E9	3.51672781E9	3.59995315E9	4.17406848E9	4.5312829E9	4.4293028E9	5.62704E8	6.3248192E8	6.3098323E8	6.716743E8	7.653705E8	7.6060166E8	
sp|P04897|GNAI2_RAT	P04897	GNAI2_RAT	Gnai2	355	Rattus norvegicus	1:Experimental evidence at protein level	Guanine nucleotide-binding protein G(i) subunit alpha-2	1.0	0.999	3	6	1	8	0	0	0	3	2	1	0	0	0	1	0	0	0	1	1	3	2	1	3085978.5	1003245.44	1772223.6	1.3057518E7	9775513.0	1.0996446E7	2627733.8	3440928.2	1509061.6	6679707.5	4771823.0	5168248.0	
sp|P04904|GSTA3_RAT	P04904	GSTA3_RAT	Gsta3	221	Rattus norvegicus	1:Experimental evidence at protein level	Glutathione S-transferase alpha-3	1.0	0.999	8	41	10	41	8	6	6	5	8	8	1	2	1	0	3	3	8	6	6	5	8	8	2.50505664E8	2.9530592E8	2.97459328E8	3.17778688E8	3.29354624E8	3.05134752E8	5.9857084E7	6.6431312E7	6.787856E7	7.800944E7	8.2532456E7	7.899608E7	
sp|P04905|GSTM1_RAT	P04905	GSTM1_RAT	Gstm1	218	Rattus norvegicus	1:Experimental evidence at protein level	Glutathione S-transferase Mu 1	1.0	0.999	13	58	46	74	10	9	10	10	10	9	8	7	8	8	8	7	13	12	13	13	12	11	3.27776608E8	3.31100992E8	3.38860032E8	4.8469296E8	4.79646112E8	4.77593856E8	9.274108E7	8.1829912E7	8.1919904E7	9.8054464E7	9.5026168E7	9.7025712E7	
sp|P04906|GSTP1_RAT	P04906	GSTP1_RAT	Gstp1	210	Rattus norvegicus	1:Experimental evidence at protein level	Glutathione S-transferase P	1.0	0.999	8	131	114	131	22	24	23	19	19	24	19	21	20	17	17	20	22	24	23	19	19	24	1.87335258E9	1.67730048E9	1.60130432E9	2.05176435E9	2.03967104E9	1.93246886E9	5.6975526E8	5.6157184E8	5.8936909E8	5.8524627E8	5.7615853E8	5.7779878E8	
sp|P04916|RET4_RAT	P04916	RET4_RAT	Rbp4	201	Rattus norvegicus	1:Experimental evidence at protein level	Retinol-binding protein 4	1.0	0.999	5	13	13	13	1	0	1	2	4	5	1	0	1	2	4	5	1	0	1	2	4	5	1.6489817E7	1.9339396E7	1.8765676E7	4.75422E7	4.6116812E7	4.8533248E7	5602761.0	6213134.0	6306171.5	1.3831893E7	1.3752178E7	1.4942729E7	
sp|P04937|FINC_RAT	P04937	FINC_RAT	Fn1	2477	Rattus norvegicus	1:Experimental evidence at protein level	Fibronectin	1.0	0.999	21	50	50	50	0	1	0	16	14	19	0	1	0	16	14	19	0	1	0	16	14	19	1.0073689E7	1.2970496E7	1.51443872E8	1.3256E9	2.37509504E8	1.34494067E9	2.803345E7	2.6758798E7	2.3828736E7	1.75229328E8	1.76260992E8	1.90540544E8	
sp|P04961|PCNA_RAT	P04961	PCNA_RAT	Pcna	261	Rattus norvegicus	1:Experimental evidence at protein level	Proliferating cell nuclear antigen	1.0	0.999	6	17	17	17	2	4	5	2	1	3	2	4	5	2	1	3	2	4	5	2	1	3	2.8461116E7	4.0987836E7	3.780252E7	2.7948044E7	1.6955252E7	1.7840436E7	1.1061736E7	1.3529696E7	1.1540688E7	8518466.0	8260857.0	7552769.0	
sp|P05065|ALDOA_RAT	P05065	ALDOA_RAT	Aldoa	364	Rattus norvegicus	1:Experimental evidence at protein level	Fructose-bisphosphate aldolase A	1.0	0.999	16	116	43	116	18	18	15	21	20	24	6	7	5	9	7	9	18	18	15	21	20	24	6.4755872E8	6.2029894E8	6.0182848E8	9.2555392E8	9.615465E8	9.9137894E8	1.19697752E8	1.16108608E8	1.15884664E8	1.84789504E8	1.90969648E8	1.899256E8	
sp|P05197|EF2_RAT	P05197	EF2_RAT	Eef2	858	Rattus norvegicus	1:Experimental evidence at protein level	Elongation factor 2	1.0	0.999	41	601	601	601	112	105	98	98	94	94	112	105	98	98	94	94	112	105	98	98	94	94	1.20205486E10	9.0535926E9	8.1528858E9	1.20509829E10	1.10891315E10	1.08501432E10	7.3123962E8	5.6178202E8	5.11311424E8	6.8556838E8	6.2673376E8	6.2100269E8	
sp|P05369|FPPS_RAT	P05369	FPPS_RAT	Fdps	353	Rattus norvegicus	2:Experimental evidence at transcript level	Farnesyl pyrophosphate synthase	1.0	0.999	5	28	28	28	6	4	2	5	5	6	6	4	2	5	5	6	6	4	2	5	5	6	8.0121344E7	9.473464E7	7.6059904E7	1.28025752E8	1.00377176E8	1.1817896E8	5.0305572E7	3.9546492E7	3.4618344E7	4.6025348E7	4.121674E7	4.0921152E7	
sp|P05370|G6PD_RAT	P05370	G6PD_RAT	G6pdx	515	Rattus norvegicus	1:Experimental evidence at protein level	Glucose-6-phosphate 1-dehydrogenase	1.0	0.999	11	26	26	26	5	3	5	3	4	6	5	3	5	3	4	6	5	3	5	3	4	6	5.2949832E7	4.0928616E7	5.5026256E7	7.5292208E7	7.2821968E7	6.9235528E7	1.0456246E7	9156547.0	1.0552481E7	1.4560601E7	1.3284522E7	1.2761778E7	
sp|P05371|CLUS_RAT	P05371	CLUS_RAT	Clu	447	Rattus norvegicus	1:Experimental evidence at protein level	Clusterin	1.0	0.999	14	197	197	197	15	14	12	51	50	55	15	14	12	51	50	55	15	14	12	51	50	55	4.28898144E8	4.98425472E8	4.8352288E8	6.7557714E9	7.597802E9	7.3953004E9	4.916592E7	5.0643688E7	5.1340064E7	6.9431155E8	7.8367386E8	7.5794861E8	
sp|P05426|RL7_RAT	P05426	RL7_RAT	Rpl7	260	Rattus norvegicus	1:Experimental evidence at protein level	Large ribosomal subunit protein uL30	1.0	0.999	11	106	106	106	20	16	20	17	17	16	20	16	20	17	17	16	20	16	20	17	17	16	1.94384102E9	1.52911654E9	2.20322483E9	2.19360794E9	1.87920179E9	1.89887667E9	6.4904218E8	5.3877958E8	5.19610784E8	4.78862912E8	4.44550592E8	4.21992032E8	
sp|P05539|CO2A1_RAT	P05539	CO2A1_RAT	Col2a1	1419	Rattus norvegicus	1:Experimental evidence at protein level	Collagen alpha-1(II) chain	0.6391	0.9829	1	4	4	4	1	1	1	0	0	1	1	1	1	0	0	1	1	1	1	0	0	1	0.0	0.0	0.0	0.0	0.0	0.0	0.0	0.0	0.0	0.0	0.0	0.0	
sp|P05544|SPA3L_RAT	P05544	SPA3L_RAT	Serpina3l	413	Rattus norvegicus	1:Experimental evidence at protein level	Serine protease inhibitor A3L	1.0	0.999	15	68	50	105	9	8	9	14	13	15	6	6	6	11	10	11	15	14	15	20	19	22	2.85698464E8	2.80339808E8	2.41050464E8	7.4957248E8	6.8950816E8	7.5276096E8	6.7288592E7	7.6011712E7	7.7185888E7	1.57499488E8	1.8875136E8	1.76810608E8	
sp|P05545|SPA3K_RAT	P05545	SPA3K_RAT	Serpina3k	416	Rattus norvegicus	1:Experimental evidence at protein level	Serine protease inhibitor A3K	1.0	0.999	13	119	82	119	16	15	15	25	25	23	10	9	9	19	19	16	16	15	15	25	25	23	5.9794778E8	6.0096006E8	6.1450349E8	1.59979955E9	1.6070464E9	1.47112205E9	7.520488E7	7.7300128E7	7.8412448E7	2.0295048E8	2.19793504E8	2.0401688E8	
sp|P05708|HXK1_RAT	P05708	HXK1_RAT	Hk1	918	Rattus norvegicus	1:Experimental evidence at protein level	Hexokinase-1	1.0	0.999	3	4	4	4	2	1	1	0	0	0	2	1	1	0	0	0	2	1	1	0	0	0	2936074.8	2903026.5	2971848.5	0.0	0.0	0.0	0.0	2903026.5	2971848.5	0.0	0.0	0.0	
sp|P05712|RAB2A_RAT	P05712	RAB2A_RAT	Rab2a	212	Rattus norvegicus	2:Experimental evidence at transcript level	Ras-related protein Rab-2A	1.0	0.999	10	76	76	76	15	16	13	12	8	12	15	16	13	12	8	12	15	16	13	12	8	12	3.08309472E8	2.60966624E8	2.46976544E8	3.18158656E8	2.79071104E8	2.85839232E8	5.24065E7	4.4779516E7	4.1309552E7	4.946206E7	4.6139728E7	4.7095644E7	
sp|P05765|RS21_RAT	P05765	RS21_RAT	Rps21	83	Rattus norvegicus	1:Experimental evidence at protein level	Small ribosomal subunit protein eS21	1.0	0.999	4	105	105	105	18	24	20	11	16	16	18	24	20	11	16	16	18	24	20	11	16	16	2.31914803E9	2.72692659E9	2.49880141E9	1.96447462E9	2.25813453E9	2.23682816E9	6.6812224E8	7.7885152E8	6.8799238E8	5.05455008E8	6.1335501E8	6.1029222E8	
sp|P05942|S10A4_RAT	P05942	S10A4_RAT	S100a4	101	Rattus norvegicus	2:Experimental evidence at transcript level	Protein S100-A4	0.9999	0.999	2	9	9	9	1	1	2	2	2	1	1	1	2	2	2	1	1	1	2	2	2	1	1.0290671E7	9752361.0	1.020623E7	1.4755386E7	1.2754919E7	1.1120873E7	1.0290671E7	9752361.0	1.020623E7	1.4755386E7	1.2754919E7	1.1120873E7	
sp|P05943|S10AA_RAT	P05943	S10AA_RAT	S100a10	95	Rattus norvegicus	1:Experimental evidence at protein level	Protein S100-A10	1.0	0.999	2	13	13	13	3	2	3	2	2	1	3	2	3	2	2	1	3	2	3	2	2	1	2.8342278E7	3.6967212E7	2.6510992E7	4.1991072E7	4.7077124E7	3.975542E7	1.266728E7	1.6842586E7	1.1713063E7	1.9319578E7	2.1535374E7	2.192574E7	
sp|P05964|S10A6_RAT	P05964	S10A6_RAT	S100a6	89	Rattus norvegicus	1:Experimental evidence at protein level	Protein S100-A6	1.0	0.999	4	22	22	22	3	5	2	3	5	4	3	5	2	3	5	4	3	5	2	3	5	4	2.03378704E8	1.97450272E8	2.23247296E8	2.72235744E8	2.76859872E8	2.65054448E8	6.9720768E7	7.7782616E7	9.6170072E7	1.37977296E8	1.40051088E8	1.29609056E8	
sp|P05982|NQO1_RAT	P05982	NQO1_RAT	Nqo1	274	Rattus norvegicus	1:Experimental evidence at protein level	NAD(P)H dehydrogenase [quinone] 1	0.9685	0.999	1	2	2	2	1	0	0	0	0	1	1	0	0	0	0	1	1	0	0	0	0	1	0.0	0.0	0.0	0.0	0.0	0.0	0.0	0.0	0.0	0.0	0.0	0.0	
sp|P06214|HEM2_RAT	P06214	HEM2_RAT	Alad	330	Rattus norvegicus	1:Experimental evidence at protein level	Delta-aminolevulinic acid dehydratase	1.0	0.999	9	38	38	38	6	6	7	7	5	7	6	6	7	7	5	7	6	6	7	7	5	7	1.2094596E8	1.37891984E8	1.23680288E8	1.19146464E8	1.14655872E8	1.29966664E8	2.5496222E7	2.3705332E7	2.6341484E7	2.1710164E7	2.0679304E7	2.2180654E7	
sp|P06238|A2MG_RAT	P06238	A2MG_RAT	A2m	1472	Rattus norvegicus	2:Experimental evidence at transcript level	Alpha-2-macroglobulin	1.0	0.999	26	65	65	89	0	0	0	22	22	21	0	0	0	22	22	21	1	4	3	27	28	26	3657463.5	2060772.8	878741.2	4.2389872E8	3.63176416E8	4.00622464E8	4309782.5	2858394.0	1852019.6	2.5524436E7	2.0210066E7	2.2150494E7	
sp|P06302|PTMA_RAT	P06302	PTMA_RAT	Ptma	112	Rattus norvegicus	1:Experimental evidence at protein level	Prothymosin alpha	1.0	0.999	3	50	50	50	6	8	8	9	9	10	6	8	8	9	9	10	6	8	8	9	9	10	2.13563456E8	6.8109299E8	2.7373008E8	7.0326464E8	8.9260435E8	7.9264627E8	2.92673504E8	3.11247872E8	3.6059104E8	3.15098592E8	3.99006848E8	3.3243232E8	
sp|P06303|PAHO_RAT	P06303	PAHO_RAT	Ppy	98	Rattus norvegicus	3:Protein inferred from homology	Pancreatic polypeptide prohormone	0.7969	0.9922	1	4	4	4	1	1	1	0	1	0	1	1	1	0	1	0	1	1	1	0	1	0	1.2329432E7	9985040.0	1.2865803E7	4965297.5	7208565.0	6190486.0	1.2329432E7	9985040.0	1.2865803E7	4965297.5	7208565.0	6190486.0	
sp|P06399|FIBA_RAT	P06399	FIBA_RAT	Fga	782	Rattus norvegicus	1:Experimental evidence at protein level	Fibrinogen alpha chain	1.0	0.999	19	114	114	114	12	9	8	28	30	27	12	9	8	28	30	27	12	9	8	28	30	27	1.65881792E8	1.13060456E8	1.40478432E8	1.16100122E9	1.15020582E9	1.2012905E9	2.0344478E7	1.8238906E7	1.971676E7	1.34903184E8	1.32415048E8	1.3862912E8	
sp|P06685|AT1A1_RAT	P06685	AT1A1_RAT	Atp1a1	1023	Rattus norvegicus	1:Experimental evidence at protein level	Sodium/potassium-transporting ATPase subunit alpha-1	1.0	0.999	17	49	24	49	10	1	2	14	9	13	4	1	1	9	4	5	10	1	2	14	9	13	1.12418712E8	4.6151068E7	2.7805058E7	2.33014928E8	1.7668816E8	2.19922592E8	1.3118174E7	6134736.5	4006685.2	2.7889826E7	2.203142E7	2.482332E7	
sp|P06757|ADH1_RAT	P06757	ADH1_RAT	Adh1	376	Rattus norvegicus	1:Experimental evidence at protein level	Alcohol dehydrogenase 1	0.9674	0.999	1	1	1	1	0	0	0	0	1	0	0	0	0	0	1	0	0	0	0	0	1	0	0.0	0.0	2726405.2	4031267.0	3123521.0	0.0	0.0	0.0	2726405.2	4031267.0	3123521.0	0.0	
sp|P06761|BIP_RAT	P06761	BIP_RAT	Hspa5	654	Rattus norvegicus	1:Experimental evidence at protein level	Endoplasmic reticulum chaperone BiP	1.0	0.999	24	697	617	697	126	134	130	98	107	102	111	119	117	84	96	90	126	134	130	98	107	102	2.00684278E10	2.165137E10	2.33655747E10	1.8023895E10	1.94527498E10	1.95003064E10	1.62737037E9	1.78503424E9	1.91273446E9	1.42356032E9	1.54516672E9	1.56055731E9	
sp|P06762|HMOX1_RAT	P06762	HMOX1_RAT	Hmox1	289	Rattus norvegicus	1:Experimental evidence at protein level	Heme oxygenase 1	1.0	0.999	4	7	7	7	0	0	0	3	3	1	0	0	0	3	3	1	0	0	0	3	3	1	0.0	0.0	0.0	2.8969136E7	2.5395438E7	2.6508166E7	0.0	0.0	0.0	9812013.0	8554499.0	8513055.0	
sp|P06765|PLF4_RAT	P06765	PLF4_RAT	Pf4	105	Rattus norvegicus	1:Experimental evidence at protein level	Platelet factor 4	0.9997	0.999	2	5	5	5	0	0	0	1	2	2	0	0	0	1	2	2	0	0	0	1	2	2	4417365.0	4551507.0	3028955.0	1.2255344E7	1.4390606E7	1.4365E7	3363397.8	2442353.5	3028955.0	9487345.0	1.0939739E7	1.1017046E7	
sp|P06866|HPT_RAT	P06866	HPT_RAT	Hp	347	Rattus norvegicus	1:Experimental evidence at protein level	Haptoglobin	1.0	0.999	14	58	58	58	7	7	6	14	13	11	7	7	6	14	13	11	7	7	6	14	13	11	7.450104E7	8.8414768E7	1.00240736E8	5.6084909E8	6.8105082E8	5.9131603E8	1.3060097E7	1.5388245E7	1.6319556E7	9.2590192E7	1.08702088E8	1.12644184E8	
sp|P06883|GLUC_RAT	P06883	GLUC_RAT	Gcg	180	Rattus norvegicus	1:Experimental evidence at protein level	Pro-glucagon	1.0	0.999	6	76	76	76	14	14	17	11	10	10	14	14	17	11	10	10	14	14	17	11	10	10	6.9216282E8	7.6721267E8	8.7592691E8	6.7494048E8	6.4486202E8	6.229817E8	2.13507568E8	2.49850336E8	2.76644768E8	2.00299136E8	2.14305296E8	1.8332736E8	
sp|P07150|ANXA1_RAT	P07150	ANXA1_RAT	Anxa1	346	Rattus norvegicus	1:Experimental evidence at protein level	Annexin A1	1.0	0.999	15	110	107	110	17	16	18	20	19	20	17	16	18	19	18	19	17	16	18	20	19	20	3.7481744E8	3.40345312E8	3.39725184E8	9.8049478E8	9.6962496E8	9.3678925E8	6.3594644E7	5.9137632E7	6.102362E7	1.64004688E8	1.5851856E8	1.58530272E8	
sp|P07151|B2MG_RAT	P07151	B2MG_RAT	B2m	119	Rattus norvegicus	1:Experimental evidence at protein level	Beta-2-microglobulin	1.0	0.999	2	5	5	5	0	1	1	1	1	1	0	1	1	1	1	1	0	1	1	1	1	1	7690415.5	1.3763998E7	9130736.0	1.928015E7	2.6496702E7	2.3771448E7	7690415.5	8892150.0	9130736.0	1.2431243E7	1.7017534E7	1.5357981E7	
sp|P07153|RPN1_RAT	P07153	RPN1_RAT	Rpn1	605	Rattus norvegicus	2:Experimental evidence at transcript level	Dolichyl-diphosphooligosaccharide--protein glycosyltransferase subunit 1	1.0	0.999	26	112	112	112	20	14	13	25	22	18	20	14	13	25	22	18	20	14	13	25	22	18	3.51732416E8	2.05694064E8	1.93283104E8	7.8239283E8	6.5897299E8	6.7770931E8	4.9986684E7	2.8806248E7	2.9448618E7	1.08185056E8	8.9127944E7	9.3368752E7	
sp|P07154|CATL1_RAT	P07154	CATL1_RAT	Ctsl	334	Rattus norvegicus	1:Experimental evidence at protein level	Procathepsin L	1.0	0.999	10	60	60	60	7	7	6	12	14	14	7	7	6	12	14	14	7	7	6	12	14	14	6.4288992E7	6.5861096E7	8.0990552E7	3.35548576E8	3.4056432E8	3.2458336E8	1.1444993E7	1.4631078E7	1.4033161E7	6.225614E7	6.5921748E7	6.2213664E7	
sp|P07314|GGT1_RAT	P07314	GGT1_RAT	Ggt1	568	Rattus norvegicus	1:Experimental evidence at protein level	Glutathione hydrolase 1 proenzyme	1.0	0.999	11	77	77	77	12	14	11	13	13	14	12	14	11	13	13	14	12	14	11	13	13	14	2.51285952E8	2.3402544E8	2.23721632E8	3.395912E8	3.59305664E8	3.59427552E8	7.2963416E7	6.768416E7	6.6215048E7	1.05167304E8	1.05768632E8	1.10734832E8	
sp|P07323|ENOG_RAT	P07323	ENOG_RAT	Eno2	434	Rattus norvegicus	1:Experimental evidence at protein level	Gamma-enolase	1.0	0.999	6	5	3	37	3	0	1	0	0	1	2	0	0	0	0	1	8	6	5	6	5	7	1.644067E7	5837058.0	2.1463062E7	1.2372038E7	9699708.0	5.1037296E7	9308268.0	5691303.0	1.1029659E7	1.4187062E7	1.0453543E7	9900997.0	
sp|P07335|KCRB_RAT	P07335	KCRB_RAT	Ckb	381	Rattus norvegicus	1:Experimental evidence at protein level	Creatine kinase B-type	1.0	0.999	14	90	84	90	16	18	18	13	15	10	15	17	17	12	14	9	16	18	18	13	15	10	3.08588832E8	3.59508352E8	4.16020544E8	3.1843168E8	3.18883456E8	3.33293984E8	4.9790656E7	5.1776572E7	6.00472E7	5.1219344E7	5.248852E7	4.9786756E7	
sp|P07338|CTRB1_RAT	P07338	CTRB1_RAT	Ctrb1	263	Rattus norvegicus	1:Experimental evidence at protein level	Chymotrypsinogen B	1.0	0.999	10	2092	2046	2092	307	326	333	374	382	370	300	319	324	364	376	363	307	326	333	374	382	370	2.61275238E10	2.8334676E10	2.9209858E10	4.6071902E10	4.7070921E10	4.9201508E10	4.5124639E9	4.9622154E9	5.0116357E9	7.384085E9	7.7462528E9	7.8034708E9	
sp|P07379|PCKGC_RAT	P07379	PCKGC_RAT	Pck1	622	Rattus norvegicus	1:Experimental evidence at protein level	Phosphoenolpyruvate carboxykinase, cytosolic [GTP]	1.0	0.999	1	10	10	10	3	2	2	1	1	1	3	2	2	1	1	1	3	2	2	1	1	1	5.150668E7	4.8252844E7	5.0952264E7	2.4442356E7	2.0516936E7	2.5691946E7	3.1671422E7	2.910023E7	3.1493724E7	1.5619517E7	1.299891E7	1.5530522E7	
sp|P07632|SODC_RAT	P07632	SODC_RAT	Sod1	154	Rattus norvegicus	1:Experimental evidence at protein level	Superoxide dismutase [Cu-Zn]	1.0	0.999	7	88	82	88	13	15	14	13	17	16	12	14	13	12	16	15	13	15	14	13	17	16	1.21610586E9	1.49945933E9	1.59350477E9	1.26745715E9	1.53065702E9	1.54982861E9	2.62829344E8	3.2790176E8	3.4080544E8	2.64054976E8	3.1644352E8	3.26924192E8	
sp|P07633|PCCB_RAT	P07633	PCCB_RAT	Pccb	541	Rattus norvegicus	2:Experimental evidence at transcript level	Propionyl-CoA carboxylase beta chain, mitochondrial	1.0	0.999	20	110	110	110	26	25	20	14	12	13	26	25	20	14	12	13	26	25	20	14	12	13	7.4227341E8	7.144697E8	6.3298592E8	3.9337088E8	3.62181728E8	4.75887584E8	8.8855976E7	8.7270408E7	8.617864E7	5.1912688E7	4.7566996E7	5.0401684E7	
sp|P07687|HYEP_RAT	P07687	HYEP_RAT	Ephx1	455	Rattus norvegicus	1:Experimental evidence at protein level	Epoxide hydrolase 1	1.0	0.999	5	10	10	10	2	0	0	4	3	1	2	0	0	4	3	1	2	0	0	4	3	1	9005251.0	6185619.0	4263736.5	1.755224E7	1.3509057E7	5.502988E7	7020677.0	4798718.5	3199218.2	9133066.0	1.0383395E7	1.0355735E7	
sp|P07871|THIKB_RAT	P07871	THIKB_RAT	Acaa1b	424	Rattus norvegicus	1:Experimental evidence at protein level	3-ketoacyl-CoA thiolase B, peroxisomal	1.0	0.999	5	24	0	24	3	5	6	5	2	3	0	0	0	0	0	0	3	5	6	5	2	3	4.6458616E7	2.7845908E7	6.0519584E7	2.8326654E7	5.2182884E7	2.71789408E8	3.1463726E7	2.432972E7	3.6512712E7	2.616079E7	2.7613478E7	3.2042272E7	sp|P21775|THIKA_RAT
sp|P07872|ACOX1_RAT	P07872	ACOX1_RAT	Acox1	661	Rattus norvegicus	1:Experimental evidence at protein level	Peroxisomal acyl-coenzyme A oxidase 1	1.0	0.999	2	3	3	3	0	0	0	1	1	1	0	0	0	1	1	1	0	0	0	1	1	1	0.0	0.0	0.0	4749504.0	2848442.5	1490368.9	0.0	0.0	0.0	3257408.8	2064700.5	1490368.9	
sp|P07882|CEL_RAT	P07882	CEL_RAT	Cel	612	Rattus norvegicus	1:Experimental evidence at protein level	Bile salt-activated lipase	1.0	0.999	25	1432	1432	1432	224	224	217	267	258	242	224	224	217	267	258	242	224	224	217	267	258	242	3.14552422E10	3.00199793E10	3.05943613E10	4.7405642E10	4.6186824E10	4.6235009E10	2.74123034E9	2.7004009E9	2.77563162E9	4.21658086E9	4.21420314E9	4.1319191E9	
sp|P07895|SODM_RAT	P07895	SODM_RAT	Sod2	222	Rattus norvegicus	1:Experimental evidence at protein level	Superoxide dismutase [Mn], mitochondrial	1.0	0.999	8	123	123	123	22	21	21	20	20	19	22	21	21	20	20	19	22	21	21	20	20	19	9.9939066E8	1.04274253E9	9.3057645E8	1.07400282E9	1.13858458E9	1.08748774E9	2.40091808E8	2.64026256E8	2.5793368E8	2.59455632E8	2.63017328E8	2.62494608E8	
sp|P07943|ALDR_RAT	P07943	ALDR_RAT	Akr1b1	316	Rattus norvegicus	1:Experimental evidence at protein level	Aldo-keto reductase family 1 member B1	1.0	0.999	16	95	95	95	16	18	16	14	14	17	16	18	16	14	14	17	16	18	16	14	14	17	8.1700582E8	8.4822157E8	8.0662829E8	8.7044806E8	8.7278918E8	8.7859962E8	1.28038304E8	1.35856496E8	1.2873824E8	1.39667888E8	1.3907616E8	1.3957888E8	
sp|P08009|GSTM7_RAT	P08009	GSTM7_RAT	Gstm7	218	Rattus norvegicus	1:Experimental evidence at protein level	Glutathione S-transferase Mu 7	1.0	0.999	12	22	22	89	5	5	3	3	3	3	5	5	3	3	3	3	16	15	15	15	14	14	8.1455664E7	7.5575816E7	7.3712272E7	9.4263536E7	6.310132E7	8.4985264E7	2.9545636E7	2.6865208E7	2.747015E7	3.5095372E7	2.7657826E7	3.1921428E7	
sp|P08010|GSTM2_RAT	P08010	GSTM2_RAT	Gstm2	218	Rattus norvegicus	1:Experimental evidence at protein level	Glutathione S-transferase Mu 2	1.0	0.999	14	120	54	120	19	20	20	21	20	20	8	10	8	9	9	10	19	20	20	21	20	20	1.73443072E9	1.57594675E9	1.49095552E9	1.71499763E9	1.73584768E9	1.64828595E9	2.9650656E8	2.77871872E8	2.51449152E8	3.14018592E8	2.96843936E8	2.99535264E8	
sp|P08081|CLCA_RAT	P08081	CLCA_RAT	Clta	248	Rattus norvegicus	1:Experimental evidence at protein level	Clathrin light chain A	1.0	0.999	4	12	12	12	1	2	3	2	1	3	1	2	3	2	1	3	1	2	3	2	1	3	1.265606E8	1.49153024E8	1.73947168E8	1.05067344E8	1.62142096E8	1.78771824E8	3.7629104E7	4.5111288E7	5.269466E7	4.1563248E7	4.8160436E7	5.4010632E7	
sp|P08082|CLCB_RAT	P08082	CLCB_RAT	Cltb	229	Rattus norvegicus	1:Experimental evidence at protein level	Clathrin light chain B	1.0	0.999	7	35	35	35	7	5	7	6	5	5	7	5	7	6	5	5	7	5	7	6	5	5	3.60158688E8	3.69369728E8	4.23583424E8	6.3096998E8	6.6240518E8	6.9971213E8	3.12216896E8	3.59408576E8	3.86743712E8	3.25521664E8	3.55103008E8	3.635976E8	
sp|P08426|TRY3_RAT	P08426	TRY3_RAT	Try3	247	Rattus norvegicus	2:Experimental evidence at transcript level	Cationic trypsin-3	1.0	0.999	10	916	916	916	125	143	130	164	178	176	125	143	130	164	178	176	125	143	130	164	178	176	2.88584151E10	3.09152072E10	3.14971505E10	5.4148039E10	5.7406702E10	5.6764203E10	8.0238572E9	8.6191288E9	8.8486093E9	1.52062607E10	1.59685069E10	1.6447488E10	
sp|P08461|ODP2_RAT	P08461	ODP2_RAT	Dlat	632	Rattus norvegicus	1:Experimental evidence at protein level	Dihydrolipoyllysine-residue acetyltransferase component of pyruvate dehydrogenase complex, mitochondrial	1.0	0.999	10	51	51	51	12	9	8	7	7	8	12	9	8	7	7	8	12	9	8	7	7	8	2.12315648E8	1.78338688E8	1.7377352E8	1.35504816E8	1.32760152E8	1.60840336E8	6.3402736E7	6.5947028E7	6.136548E7	5.1066468E7	4.8701188E7	5.1431936E7	
sp|P08494|MGP_RAT	P08494	MGP_RAT	Mgp	103	Rattus norvegicus	1:Experimental evidence at protein level	Matrix Gla protein	0.9685	0.999	1	2	2	2	0	0	0	0	1	1	0	0	0	0	1	1	0	0	0	0	1	1	1289135.1	0.0	0.0	0.0	5885722.5	5522681.5	1289135.1	0.0	0.0	0.0	5885722.5	5522681.5	
sp|P08503|ACADM_RAT	P08503	ACADM_RAT	Acadm	421	Rattus norvegicus	1:Experimental evidence at protein level	Medium-chain specific acyl-CoA dehydrogenase, mitochondrial	1.0	0.999	8	28	28	28	7	7	6	2	2	4	7	7	6	2	2	4	7	7	6	2	2	4	1.31494304E8	1.32978424E8	1.28746864E8	5.46567E7	6.4341896E7	8.5248048E7	2.511193E7	2.550797E7	2.5077894E7	1.6538445E7	1.3738909E7	1.6727688E7	
sp|P08592|A4_RAT	P08592	A4_RAT	App	770	Rattus norvegicus	1:Experimental evidence at protein level	Amyloid-beta precursor protein	1.0	0.999	3	6	6	6	1	0	0	3	1	1	1	0	0	3	1	1	1	0	0	3	1	1	7305649.0	6649520.0	6658062.5	1.2482367E7	7760967.0	5862898.5	4315079.5	3939386.5	4245594.0	5184455.5	3279984.8	3433731.0	
sp|P08649|CO4_RAT	P08649	CO4_RAT	C4	1737	Rattus norvegicus	1:Experimental evidence at protein level	Complement C4	1.0	0.999	3	7	7	7	0	1	1	2	1	2	0	1	1	2	1	2	0	1	1	2	1	2	6132564.0	5516163.5	9643613.0	1.1823301E7	1.3810155E7	1.328267E7	3389956.5	2034830.5	4036049.8	4528714.5	5074005.5	5016703.0	
sp|P08650|CO5_RAT	P08650	CO5_RAT	C5	1681	Rattus norvegicus	1:Experimental evidence at protein level	Complement C5	1.0	0.999	3	6	3	6	0	2	2	0	0	2	0	1	1	0	0	1	0	2	2	0	0	2	6942136.5	7868438.0	9020935.0	7600058.0	1.1161555E7	7814465.0	6942136.5	7868438.0	6345949.0	5195790.0	6254023.5	4868017.0	
sp|P08699|LEG3_RAT	P08699	LEG3_RAT	Lgals3	262	Rattus norvegicus	1:Experimental evidence at protein level	Galectin-3	1.0	0.999	4	34	34	34	3	4	3	9	7	8	3	4	3	9	7	8	3	4	3	9	7	8	5.3251784E7	6.3213344E7	5.9329976E7	3.20088608E8	1.74256016E8	1.95720528E8	1.6856932E7	1.987201E7	1.9782534E7	5.522554E7	5.43665E7	6.1404188E7	
sp|P08721|OSTP_RAT	P08721	OSTP_RAT	Spp1	317	Rattus norvegicus	1:Experimental evidence at protein level	Osteopontin	0.9673	0.999	1	1	1	1	0	0	0	1	0	0	0	0	0	1	0	0	0	0	0	1	0	0	0.0	0.0	0.0	7281293.0	0.0	0.0	0.0	0.0	0.0	0.0	0.0	0.0	
sp|P08753|GNAI3_RAT	P08753	GNAI3_RAT	Gnai3	354	Rattus norvegicus	1:Experimental evidence at protein level	Guanine nucleotide-binding protein G(i) subunit alpha-3	1.0	0.999	5	16	14	16	3	3	2	3	2	3	3	2	1	3	2	3	3	3	2	3	2	3	3.594482E7	1.688779E7	2.253367E7	6.269466E7	4.8717112E7	5.58277E7	1.823573E7	1.2489932E7	1.1124847E7	2.5757998E7	2.0886766E7	2.3350492E7	
sp|P08758|ANXA5_HUMAN	P08758	ANXA5_HUMAN	ANXA5	320	Homo sapiens	1:Experimental evidence at protein level	Annexin A5	0.9998	0.999	11	3	3	87	1	0	0	1	0	1	1	0	0	1	0	1	13	18	18	13	12	13	4838313.0	0.0	3283839.5	2057535.0	0.0	4205234.5	4838313.0	0.0	3283839.5	2057535.0	0.0	4205234.5	
sp|P08932|KNT2_RAT	P08932	KNT2_RAT		430	Rattus norvegicus	1:Experimental evidence at protein level	T-kininogen 2	1.0	0.999	14	61	20	61	1	2	1	17	18	22	0	0	0	6	6	8	1	2	1	17	18	22	4.1090656E7	4.4059328E7	5.2359384E7	7.1031757E8	7.5223584E8	7.3942042E8	7038754.5	7136187.5	7827743.0	8.6418832E7	9.1247152E7	9.101328E7	
sp|P08934|KNG1_RAT	P08934	KNG1_RAT	Kng1	639	Rattus norvegicus	2:Experimental evidence at transcript level	Kininogen-1	1.0	0.999	6	11	11	20	0	0	1	3	4	3	0	0	1	3	4	3	1	1	2	5	6	5	8955960.0	9898123.0	7744721.5	4.2397976E7	5.780112E7	3.9709472E7	4327775.5	3784252.0	4089726.0	1.2358385E7	1.6214187E7	1.3241609E7	
sp|P09006|SPA3N_RAT	P09006	SPA3N_RAT	Serpina3n	418	Rattus norvegicus	1:Experimental evidence at protein level	Serine protease inhibitor A3N	1.0	0.999	17	97	97	97	4	6	5	27	26	29	4	6	5	27	26	29	4	6	5	27	26	29	8.7122088E7	1.09585568E8	1.0386208E8	1.74917926E9	1.96045773E9	1.86713382E9	1.2396874E7	1.4986273E7	1.5194796E7	2.34315072E8	2.44805584E8	2.36228176E8	
sp|P09117|ALDOC_RAT	P09117	ALDOC_RAT	Aldoc	363	Rattus norvegicus	1:Experimental evidence at protein level	Fructose-bisphosphate aldolase C	0.9789	0.9962	4	3	3	20	0	0	0	1	1	1	0	0	0	1	1	1	3	2	1	5	3	6	0.0	0.0	0.0	0.0	0.0	0.0	0.0	0.0	0.0	0.0	0.0	0.0	
sp|P09330|PRPS2_RAT	P09330	PRPS2_RAT	Prps2	318	Rattus norvegicus	1:Experimental evidence at protein level	Ribose-phosphate pyrophosphokinase 2	0.9802	0.9964	5	1	1	26	0	0	1	0	0	0	0	0	1	0	0	0	4	4	5	5	4	4	1938425.9	1924281.5	2432136.8	833295.75	0.0	0.0	1938425.9	1924281.5	2432136.8	833295.75	0.0	0.0	
sp|P09414|NFIA_RAT	P09414	NFIA_RAT	Nfia	509	Rattus norvegicus	1:Experimental evidence at protein level	Nuclear factor 1 A-type	0.966	0.9989	1	2	2	2	0	0	0	0	1	1	0	0	0	0	1	1	0	0	0	0	1	1	1.4248925E7	1.3491505E7	1.2367646E7	1.7959372E7	1.6094346E7	1.5674053E7	1.4248925E7	1.3491505E7	1.2367646E7	1.7959372E7	1.6094346E7	1.5674053E7	
sp|P09456|KAP0_RAT	P09456	KAP0_RAT	Prkar1a	381	Rattus norvegicus	1:Experimental evidence at protein level	cAMP-dependent protein kinase type I-alpha regulatory subunit	1.0	0.999	5	18	13	18	4	4	3	3	0	4	3	3	2	2	0	3	4	4	3	3	0	4	4.3405332E7	3.9776628E7	4.0549456E7	3.918024E7	4.3524704E7	4.5021224E7	1.158381E7	1.1032704E7	1.1267448E7	1.2052821E7	1.2640955E7	1.2183271E7	
sp|P09495|TPM4_RAT	P09495	TPM4_RAT	Tpm4	248	Rattus norvegicus	1:Experimental evidence at protein level	Tropomyosin alpha-4 chain	1.0	0.999	13	60	46	81	10	11	12	11	8	8	7	9	9	9	6	6	13	15	15	15	11	12	3.35056896E8	3.78232896E8	4.06048928E8	4.36274048E8	4.82708224E8	5.01345056E8	5.1047376E7	5.8201008E7	5.9512152E7	6.6748116E7	7.3057152E7	7.5598824E7	
sp|P09527|RAB7A_RAT	P09527	RAB7A_RAT	Rab7a	207	Rattus norvegicus	1:Experimental evidence at protein level	Ras-related protein Rab-7a	1.0	0.999	9	66	66	66	12	12	13	10	9	10	12	12	13	10	9	10	12	12	13	10	9	10	2.37013392E8	2.29718976E8	2.11224832E8	2.25691264E8	2.3937408E8	2.4110304E8	4.8750764E7	4.252414E7	4.2688608E7	4.7737416E7	4.4338576E7	4.5065884E7	
sp|P09605|KCRS_RAT	P09605	KCRS_RAT	Ckmt2	419	Rattus norvegicus	1:Experimental evidence at protein level	Creatine kinase S-type, mitochondrial	0.9685	0.999	1	6	0	6	1	1	1	1	1	1	0	0	0	0	0	0	1	1	1	1	1	1	8503750.0	1.065939E7	1.0636331E7	1.0103683E7	1.0309387E7	8184631.5	8503750.0	1.065939E7	1.0636331E7	1.0103683E7	1.0309387E7	8184631.5	sp|P25809|KCRU_RAT
sp|P09606|GLNA_RAT	P09606	GLNA_RAT	Glul	373	Rattus norvegicus	1:Experimental evidence at protein level	Glutamine synthetase	1.0	0.999	10	39	39	39	5	3	3	9	10	9	5	3	3	9	10	9	5	3	3	9	10	9	6.7570008E7	5.51563E7	5.8905632E7	2.34007232E8	2.12009376E8	2.15842848E8	1.7682588E7	1.606221E7	1.5553816E7	5.4862684E7	5.0135348E7	5.1901888E7	
sp|P09650|MCPT1_RAT	P09650	MCPT1_RAT	Mcpt1	260	Rattus norvegicus	1:Experimental evidence at protein level	Mast cell protease 1	1.0	0.999	4	18	18	18	1	2	2	4	3	6	1	2	2	4	3	6	1	2	2	4	3	6	1.2862871E7	1.2620365E7	919684.94	2.3146172E7	2.0019136E7	2.2063018E7	5369703.0	6309441.5	2181459.2	1.3568513E7	1.1579744E7	1.222863E7	
sp|P09655|ISK1_RAT	P09655	ISK1_RAT	Spink1	79	Rattus norvegicus	1:Experimental evidence at protein level	Serine protease inhibitor Kazal-type 1	1.0	0.999	3	32	32	32	5	5	4	4	8	6	5	5	4	4	8	6	5	5	4	4	8	6	1.10126176E8	1.2939124E8	1.25643144E8	2.78006112E8	3.08905504E8	2.12241856E8	4.6821192E7	5.2794644E7	5.0261032E7	1.23600864E8	1.3597368E8	1.121376E8	
sp|P09656|ISK1L_RAT	P09656	ISK1L_RAT	Spink1l	79	Rattus norvegicus	1:Experimental evidence at protein level	Serine protease inhibitor Kazal-type 1-like	1.0	0.999	3	33	33	33	4	4	5	6	7	7	4	4	5	6	7	7	4	4	5	6	7	7	1.55300384E8	1.72667888E8	1.60529328E8	4.53412192E8	5.35855008E8	5.4295194E8	7.7410816E7	9.5970656E7	8.4707688E7	2.21460176E8	2.77911488E8	2.81385664E8	
sp|P09812|PYGM_RAT	P09812	PYGM_RAT	Pygm	842	Rattus norvegicus	1:Experimental evidence at protein level	Glycogen phosphorylase, muscle form	0.9986	0.999	5	4	4	14	1	0	0	1	1	1	1	0	0	1	1	1	3	1	0	3	3	4	3.5931392E7	3.7085616E7	4.8610308E7	2.0091958E7	2.3345748E7	1.917532E7	3.5931392E7	3.7085616E7	4.8610308E7	2.0091958E7	2.3345748E7	1.917532E7	
sp|P09895|RL5_RAT	P09895	RL5_RAT	Rpl5	297	Rattus norvegicus	1:Experimental evidence at protein level	Large ribosomal subunit protein uL18	1.0	0.999	12	234	234	234	45	45	42	34	34	34	45	45	42	34	34	34	45	45	42	34	34	34	4.23386086E9	4.4793882E9	4.28131021E9	3.7703849E9	3.93356339E9	3.72031462E9	6.5865235E8	6.890457E8	6.750464E8	5.3907155E8	5.7315002E8	5.5316038E8	
sp|P0C0A2|VPS36_RAT	P0C0A2	VPS36_RAT	Vps36	386	Rattus norvegicus	1:Experimental evidence at protein level	Vacuolar protein-sorting-associated protein 36	0.9653	0.9989	1	5	5	5	1	1	0	1	1	1	1	1	0	1	1	1	1	1	0	1	1	1	987621.8	1042467.1	1846744.5	1763093.2	0.0	2384603.0	987621.8	1042467.1	1846744.5	1763093.2	0.0	2384603.0	
sp|P0C0A9|SVIP_RAT	P0C0A9	SVIP_RAT	Svip	76	Rattus norvegicus	1:Experimental evidence at protein level	Small VCP/p97-interacting protein	0.9685	0.999	1	2	2	2	1	0	0	1	0	0	1	0	0	1	0	0	1	0	0	1	0	0	0.0	2182889.0	1431991.6	2937818.0	1989235.0	2265892.0	0.0	2182889.0	1431991.6	2937818.0	1989235.0	2265892.0	
sp|P0C1X8|AAK1_RAT	P0C1X8	AAK1_RAT	Aak1	962	Rattus norvegicus	1:Experimental evidence at protein level	AP2-associated protein kinase 1	0.9685	0.999	1	6	6	6	1	1	1	1	1	1	1	1	1	1	1	1	1	1	1	1	1	1	5272301.5	4315927.5	4697888.0	3553609.0	4422084.5	5748500.0	5272301.5	4315927.5	4697888.0	3553609.0	4422084.5	5748500.0	
sp|P0C2X9|AL4A1_RAT	P0C2X9	AL4A1_RAT	Aldh4a1	563	Rattus norvegicus	1:Experimental evidence at protein level	Delta-1-pyrroline-5-carboxylate dehydrogenase, mitochondrial	1.0	0.999	5	15	15	15	3	4	3	1	1	3	3	4	3	1	1	3	3	4	3	1	1	3	3.4676508E7	3.7393848E7	3.5823464E7	1.626587E7	1.5328088E7	1.7640608E7	1.160413E7	1.1696956E7	1.1495592E7	7306802.5	6841331.0	6839021.5	
sp|P0C548|PLPL2_RAT	P0C548	PLPL2_RAT	Pnpla2	478	Rattus norvegicus	1:Experimental evidence at protein level	Patatin-like phospholipase domain-containing protein 2	0.9677	0.999	1	1	1	1	0	0	0	0	1	0	0	0	0	0	1	0	0	0	0	0	1	0	0.0	0.0	0.0	0.0	0.0	0.0	0.0	0.0	0.0	0.0	0.0	0.0	
sp|P0C5E3|PALLD_RAT	P0C5E3	PALLD_RAT	Palld	603	Rattus norvegicus	1:Experimental evidence at protein level	Palladin (Fragment)	0.9668	0.9989	1	1	1	1	0	0	0	0	0	1	0	0	0	0	0	1	0	0	0	0	0	1	0.0	0.0	3856728.2	4302276.0	0.0	4321612.0	0.0	0.0	3856728.2	4302276.0	0.0	4321612.0	
sp|P0C5H9|MANF_RAT	P0C5H9	MANF_RAT	Manf	179	Rattus norvegicus	1:Experimental evidence at protein level	Mesencephalic astrocyte-derived neurotrophic factor	1.0	0.999	8	54	54	54	10	11	8	8	8	9	10	11	8	8	8	9	10	11	8	8	8	9	7.3399226E8	7.7260998E8	8.6629536E8	5.9890944E8	6.2218118E8	6.2484422E8	1.887844E8	2.03796192E8	2.29968672E8	1.48703968E8	1.49957968E8	1.56462768E8	
sp|P0C6P5|ARG28_RAT	P0C6P5	ARG28_RAT	Arhgef28	1700	Rattus norvegicus	1:Experimental evidence at protein level	Rho guanine nucleotide exchange factor 28	0.9829	0.9928	3	6	6	6	2	0	0	2	1	1	2	0	0	2	1	1	2	0	0	2	1	1	0.0	0.0	0.0	0.0	0.0	0.0	0.0	0.0	0.0	0.0	0.0	0.0	
sp|P0C6P6|TYY2_RAT	P0C6P6	TYY2_RAT	Yy2	376	Rattus norvegicus	3:Protein inferred from homology	Transcription factor YY2	0.9999	0.9989	2	3	3	3	0	0	0	1	0	2	0	0	0	1	0	2	0	0	0	1	0	2	2.40791E7	2659897.2	2.0638398E7	2.0274504E7	1.9338104E7	1.844959E7	1.4412192E7	1.7420306E7	1.4663697E7	1.2555351E7	1.4138177E7	1.3020747E7	
sp|P0CE43|GRB10_RAT	P0CE43	GRB10_RAT	Grb10	599	Rattus norvegicus	3:Protein inferred from homology	Growth factor receptor-bound protein 10	0.9992	0.999	2	2	2	2	0	0	0	0	2	0	0	0	0	0	2	0	0	0	0	0	2	0	5955999.0	1606024.9	1295543.8	5971842.5	1.063494E7	8469546.0	3466954.8	2894614.0	2335019.2	4788262.5	5519223.0	6790937.5	
sp|P0DMW0|HS71A_RAT	P0DMW0	HS71A_RAT	Hspa1a	641	Rattus norvegicus	1:Experimental evidence at protein level	Heat shock 70 kDa protein 1A	1.0	0.999	16	34	0	128	1	1	0	10	13	9	0	0	0	0	0	0	17	18	16	27	28	22	4.438564E7	4.929756E7	4.5144752E7	2.39579344E8	3.34962432E8	2.48676E8	1.0206292E7	1.3386519E7	1.3653134E7	8.088708E7	8.3718472E7	8.2803224E7	sp|P0DMW1|HS71B_RAT
sp|P0DP29|CALM1_RAT	P0DP29	CALM1_RAT	Calm1	149	Rattus norvegicus	1:Experimental evidence at protein level	Calmodulin-1	1.0	0.999	6	109	0	109	15	33	33	8	11	9	0	0	0	0	0	0	15	33	33	8	11	9	1.66453171E9	1.89436134E9	2.20090854E9	1.29620454E9	1.57171712E9	1.39032512E9	8.2506893E8	1.06732518E9	1.31349734E9	6.0962528E8	6.3114445E8	7.2505325E8	sp|P0DP30|CALM2_RAT, sp|P0DP31|CALM3_RAT
sp|P0DTE7|AMY1B_HUMAN	P0DTE7	AMY1B_HUMAN	AMY1B	511	Homo sapiens	1:Experimental evidence at protein level	Alpha-amylase 1B	1.0	0.999	10	27	0	1024	2	5	5	3	5	7	0	0	0	0	0	0	139	138	133	210	199	205	3.70519904E8	2.82231552E8	1.6558239E7	9.6758112E8	9.9299731E8	1.20014221E9	2.44303184E8	2.4158256E8	4.65347392E8	6.2646643E8	3.64812992E8	6.5064813E8	sp|P0DTE8|AMY1C_HUMAN, sp|P0DUB6|AMY1A_HUMAN
sp|P0DW89|ZTRF1_RAT	P0DW89	ZTRF1_RAT	Zftraf1	399	Rattus norvegicus	3:Protein inferred from homology	Zinc finger TRAF-type-containing protein 1	0.9685	0.999	1	2	2	2	1	1	0	0	0	0	1	1	0	0	0	0	1	1	0	0	0	0	9331074.0	0.0	0.0	0.0	0.0	0.0	0.0	0.0	0.0	0.0	0.0	0.0	
sp|P10111|PPIA_RAT	P10111	PPIA_RAT	Ppia	164	Rattus norvegicus	1:Experimental evidence at protein level	Peptidyl-prolyl cis-trans isomerase A	1.0	0.999	7	254	96	254	45	46	49	35	40	39	19	17	18	12	14	16	45	46	49	35	40	39	4.6125486E9	4.456471E9	4.4418836E9	4.5607439E9	5.0632904E9	5.5036769E9	9.9087027E8	1.05611866E9	1.09886694E9	9.1905203E8	1.03489997E9	1.11447142E9	
sp|P10362|SCG2_RAT	P10362	SCG2_RAT	Scg2	619	Rattus norvegicus	1:Experimental evidence at protein level	Secretogranin-2	1.0	0.999	4	6	6	6	1	0	1	0	3	1	1	0	1	0	3	1	1	0	1	0	3	1	5109756.0	7263630.5	9609094.0	6728450.5	7613508.0	8064266.0	2808575.2	2794742.0	5137490.5	3729227.2	4664632.5	4441880.5	
sp|P10536|RAB1B_RAT	P10536	RAB1B_RAT	Rab1b	201	Rattus norvegicus	1:Experimental evidence at protein level	Ras-related protein Rab-1B	1.0	0.999	10	22	22	66	4	4	3	3	4	4	4	4	3	3	4	4	13	12	11	9	11	10	9.2332096E7	7.354408E7	6.7082688E7	8.1307816E7	7.4340816E7	5.9632096E7	3.2085274E7	2.4313726E7	2.2701088E7	2.9964946E7	2.5365998E7	1.8241254E7	
sp|P10631|PYY_RAT	P10631	PYY_RAT	Pyy	98	Rattus norvegicus	1:Experimental evidence at protein level	Peptide YY	0.9675	0.999	1	2	2	2	0	0	1	1	0	0	0	0	1	1	0	0	0	0	1	1	0	0	0.0	0.0	1002793.4	0.0	0.0	0.0	0.0	0.0	0.0	0.0	0.0	0.0	
sp|P10686|PLCG1_RAT	P10686	PLCG1_RAT	Plcg1	1290	Rattus norvegicus	1:Experimental evidence at protein level	1-phosphatidylinositol 4,5-bisphosphate phosphodiesterase gamma-1	0.9685	0.999	1	5	5	5	1	1	0	1	1	1	1	1	0	1	1	1	1	1	0	1	1	1	1.6283674E7	9100732.0	1.0786545E7	9832364.0	8189534.0	8092474.0	1.6283674E7	9100732.0	1.0786545E7	9832364.0	8189534.0	8092474.0	
sp|P10687|PLCB1_RAT	P10687	PLCB1_RAT	Plcb1	1216	Rattus norvegicus	1:Experimental evidence at protein level	1-phosphatidylinositol 4,5-bisphosphate phosphodiesterase beta-1	0.9999	0.999	2	3	3	3	1	0	0	0	1	1	1	0	0	0	1	1	1	0	0	0	1	1	4250586.0	3578384.5	3280813.5	3254097.2	3682211.5	5183449.0	2787431.5	2107922.8	2125549.8	2003507.2	2450137.5	3425328.8	
sp|P10688|PLCD1_RAT	P10688	PLCD1_RAT	Plcd1	756	Rattus norvegicus	1:Experimental evidence at protein level	1-phosphatidylinositol 4,5-bisphosphate phosphodiesterase delta-1	0.9685	0.999	1	3	3	3	0	0	0	1	1	1	0	0	0	1	1	1	0	0	0	1	1	1	0.0	0.0	0.0	0.0	0.0	0.0	0.0	0.0	0.0	0.0	0.0	0.0	
sp|P10719|ATPB_RAT	P10719	ATPB_RAT	Atp5f1b	529	Rattus norvegicus	1:Experimental evidence at protein level	ATP synthase F(1) complex catalytic subunit beta, mitochondrial	1.0	0.999	22	440	440	440	86	89	90	60	57	58	86	89	90	60	57	58	86	89	90	60	57	58	6.0781783E9	6.9844746E9	6.1586437E9	3.8580841E9	4.6896881E9	4.14199552E9	6.3567315E8	7.341225E8	6.3529709E8	4.14925792E8	4.5592304E8	4.38784256E8	
sp|P10758|LITH_RAT	P10758	LITH_RAT	Reg1	165	Rattus norvegicus	1:Experimental evidence at protein level	Lithostathine	1.0	0.999	5	201	201	201	9	12	13	55	54	58	9	12	13	55	54	58	9	12	13	55	54	58	4.45422592E8	4.63873504E8	4.84386272E8	1.22535434E10	1.18883543E10	1.32680602E10	1.56076608E8	1.62166656E8	1.6920968E8	4.17741926E9	4.1364736E9	4.670804E9	
sp|P10760|SAHH_RAT	P10760	SAHH_RAT	Ahcy	432	Rattus norvegicus	1:Experimental evidence at protein level	Adenosylhomocysteinase	1.0	0.999	20	280	273	280	43	48	43	48	49	49	42	47	42	46	48	48	43	48	43	48	49	49	5.2803046E9	4.3176934E9	4.07814989E9	5.6811126E9	5.1314831E9	5.4370606E9	5.7232422E8	4.97157888E8	4.96159712E8	6.7170554E8	6.0428269E8	6.0039904E8	
sp|P10860|DHE3_RAT	P10860	DHE3_RAT	Glud1	558	Rattus norvegicus	1:Experimental evidence at protein level	Glutamate dehydrogenase 1, mitochondrial	1.0	0.999	23	355	120	355	76	76	69	45	44	45	26	23	21	17	17	16	76	76	69	45	44	45	4.8784522E9	4.904897E9	5.2725018E9	2.70070963E9	2.86491571E9	2.98614144E9	4.59557056E8	4.82131296E8	5.13105152E8	2.55074496E8	2.65122128E8	2.73603072E8	
sp|P10868|GAMT_RAT	P10868	GAMT_RAT	Gamt	236	Rattus norvegicus	1:Experimental evidence at protein level	Guanidinoacetate N-methyltransferase	1.0	0.999	10	115	115	115	23	19	18	20	17	18	23	19	18	20	17	18	23	19	18	20	17	18	1.06573222E9	1.02876531E9	9.3073613E8	1.00131539E9	9.4269939E8	9.1337152E8	1.5200464E8	1.50184528E8	1.37057184E8	1.49876128E8	1.37323792E8	1.39005984E8	
sp|P10888|COX41_RAT	P10888	COX41_RAT	Cox4i1	169	Rattus norvegicus	1:Experimental evidence at protein level	Cytochrome c oxidase subunit 4 isoform 1, mitochondrial	1.0	0.999	3	15	15	15	3	3	3	1	2	3	3	3	3	1	2	3	3	3	3	1	2	3	3.335869E7	2.9723088E7	2.908265E7	1.2265183E7	1.806167E7	2.3630304E7	1.1014186E7	9846463.0	9416571.0	7518453.5	5427986.0	7612824.5	
sp|P10959|EST1C_RAT	P10959	EST1C_RAT	Ces1c	549	Rattus norvegicus	1:Experimental evidence at protein level	Carboxylesterase 1C	1.0	0.999	13	56	45	56	6	8	9	10	11	12	4	6	7	8	10	10	6	8	9	10	11	12	8.7946744E7	8.621744E7	8.3093072E7	2.51061824E8	3.47377792E8	2.59832912E8	1.5142889E7	1.5864713E7	1.6493902E7	4.4761932E7	4.632076E7	4.4720424E7	
sp|P10960|SAP_RAT	P10960	SAP_RAT	Psap	554	Rattus norvegicus	1:Experimental evidence at protein level	Prosaposin	1.0	0.999	10	49	49	49	7	6	7	10	9	10	7	6	7	10	9	10	7	6	7	10	9	10	3.57561152E8	4.16024384E8	4.57743264E8	6.1557946E8	7.1330598E8	7.2100339E8	1.28481368E8	1.51014448E8	1.65390336E8	2.11186928E8	2.62672256E8	2.41806736E8	
sp|P11030|ACBP_RAT	P11030	ACBP_RAT	Dbi	87	Rattus norvegicus	1:Experimental evidence at protein level	Acyl-CoA-binding protein	1.0	0.999	4	57	57	57	10	12	11	8	7	9	10	12	11	8	7	9	10	12	11	8	7	9	4.96620064E8	5.2315296E8	5.9452819E8	4.42903008E8	5.0763712E8	4.84912608E8	3.48522016E8	4.09697376E8	5.30742112E8	2.6699456E8	3.58403872E8	3.31584416E8	
sp|P11232|THIO_RAT	P11232	THIO_RAT	Txn	105	Rattus norvegicus	1:Experimental evidence at protein level	Thioredoxin	1.0	0.999	6	168	108	168	20	37	33	21	21	36	11	25	21	12	12	27	20	37	33	21	21	36	1.64101018E9	1.35258419E9	1.38795866E9	1.19780339E9	1.40071526E9	1.79173811E9	9.2163213E8	1.12124378E9	1.12752448E9	8.5336339E8	9.292784E8	9.8045754E8	
sp|P11240|COX5A_RAT	P11240	COX5A_RAT	Cox5a	146	Rattus norvegicus	1:Experimental evidence at protein level	Cytochrome c oxidase subunit 5A, mitochondrial	1.0	0.999	2	11	11	11	2	2	4	1	1	1	2	2	4	1	1	1	2	2	4	1	1	1	5.0820472E7	5.9979464E7	5.6455076E7	2.7434536E7	2.9463428E7	2.8251084E7	2.6650894E7	3.1418068E7	2.9606238E7	1.441199E7	1.5473775E7	1.4814616E7	
sp|P11250|RL34_RAT	P11250	RL34_RAT	Rpl34	117	Rattus norvegicus	1:Experimental evidence at protein level	Large ribosomal subunit protein eL34	1.0	0.999	3	29	29	29	6	5	6	4	5	3	6	5	6	4	5	3	6	5	6	4	5	3	1.4188329E9	1.54555469E9	1.53748723E9	1.04412499E9	1.18904717E9	1.27920947E9	7.145344E8	7.4500595E8	7.4220858E8	4.90568192E8	5.9644595E8	6.3910931E8	
sp|P11348|DHPR_RAT	P11348	DHPR_RAT	Qdpr	241	Rattus norvegicus	1:Experimental evidence at protein level	Dihydropteridine reductase	1.0	0.999	9	84	84	84	16	17	14	14	11	12	16	17	14	14	11	12	16	17	14	14	11	12	3.92588512E8	4.18280128E8	3.99036032E8	3.53669824E8	3.74511616E8	3.36375456E8	5.0284576E7	5.6534924E7	5.1996536E7	4.7962676E7	4.9587256E7	4.9642496E7	
sp|P11442|CLH1_RAT	P11442	CLH1_RAT	Cltc	1675	Rattus norvegicus	1:Experimental evidence at protein level	Clathrin heavy chain 1	1.0	0.999	44	184	184	184	30	14	9	46	38	47	30	14	9	46	38	47	30	14	9	46	38	47	3.7096576E8	1.63141344E8	1.45636672E8	8.2129107E8	6.4012038E8	6.6278304E8	2.6468874E7	1.3251315E7	1.1789124E7	5.6134588E7	4.5293724E7	4.8179388E7	
sp|P11505|AT2B1_RAT	P11505	AT2B1_RAT	Atp2b1	1220	Rattus norvegicus	1:Experimental evidence at protein level	Plasma membrane calcium-transporting ATPase 1	0.9973	0.999	2	2	1	2	0	0	0	1	1	0	0	0	0	0	1	0	0	0	0	1	1	0	2908744.5	2428074.8	1979654.4	5039094.5	3895324.5	4121965.8	2908744.5	2428074.8	1979654.4	3941488.8	3895324.5	3099201.5	
sp|P11507|AT2A2_RAT	P11507	AT2A2_RAT	Atp2a2	1043	Rattus norvegicus	1:Experimental evidence at protein level	Sarcoplasmic/endoplasmic reticulum calcium ATPase 2	1.0	0.999	6	10	3	10	1	0	0	4	4	1	0	0	0	2	1	0	1	0	0	4	4	1	1.1884784E8	6063252.0	1.14278616E8	2.61795232E8	3.667602E7	3.2992912E8	6.5266664E7	3.5644372E7	2.033518E7	1.20073488E8	7.5609736E7	1.20810608E8	
sp|P11517|HBB2_RAT	P11517	HBB2_RAT		147	Rattus norvegicus	1:Experimental evidence at protein level	Hemoglobin subunit beta-2	1.0	0.999	10	46	46	421	7	6	7	8	10	8	7	6	7	8	10	8	56	60	57	81	86	81	8.6454387E8	9.1687098E8	9.4144531E8	2.0355968E9	2.21135027E9	2.17496832E9	3.78427584E8	3.86111488E8	4.22275648E8	8.0595296E8	8.8193107E8	8.7566854E8	
sp|P11530|DMD_RAT	P11530	DMD_RAT	Dmd	3677	Rattus norvegicus	1:Experimental evidence at protein level	Dystrophin	1.0	0.999	6	16	12	16	3	1	2	4	3	3	2	1	2	2	3	2	3	1	2	4	3	3	1.652994E7	1.8504318E7	2.1542112E7	2.7897614E7	3.0470042E7	2.9085732E7	8576639.0	6119116.5	6989796.5	1.1322107E7	1.1758707E7	1.1386797E7	
sp|P11598|PDIA3_RAT	P11598	PDIA3_RAT	Pdia3	505	Rattus norvegicus	1:Experimental evidence at protein level	Protein disulfide-isomerase A3	1.0	0.999	24	323	323	323	55	59	61	48	47	53	55	59	61	48	47	53	55	59	61	48	47	53	5.9006177E9	5.8153119E9	6.2794296E9	5.1364465E9	5.4569298E9	5.4417423E9	5.29322336E8	5.7142304E8	5.8216397E8	4.63088928E8	4.72059168E8	4.77345312E8	
sp|P11608|ATP8_RAT	P11608	ATP8_RAT	Mt-atp8	67	Rattus norvegicus	1:Experimental evidence at protein level	ATP synthase F(0) complex subunit 8	1.0	0.999	2	3	3	3	2	1	0	0	0	0	2	1	0	0	0	0	2	1	0	0	0	0	1.6603606E7	1.2855326E7	7443375.5	1.3756494E7	7681222.5	1.2971359E7	1.1523333E7	8957341.0	7443375.5	9584077.0	7681222.5	8938826.0	
sp|P11762|LEG1_RAT	P11762	LEG1_RAT	Lgals1	135	Rattus norvegicus	1:Experimental evidence at protein level	Galectin-1	1.0	0.999	7	69	69	69	9	11	8	14	11	16	9	11	8	14	11	16	9	11	8	14	11	16	1.8835416E8	2.17242448E8	2.04096992E8	3.95180896E8	3.84019872E8	4.23782656E8	4.351804E7	4.8767164E7	4.664302E7	9.1515544E7	9.4268432E7	9.6168752E7	
sp|P11884|ALDH2_RAT	P11884	ALDH2_RAT	Aldh2	519	Rattus norvegicus	1:Experimental evidence at protein level	Aldehyde dehydrogenase, mitochondrial	1.0	0.999	18	136	128	136	24	28	25	21	21	17	23	27	23	20	19	16	24	28	25	21	21	17	1.00801434E9	9.5747878E8	9.2639053E8	7.178295E8	6.5585888E8	7.0510381E8	1.46190944E8	1.35232832E8	1.29103744E8	9.9760152E7	9.3950288E7	9.8231488E7	
sp|P11915|SCP2_RAT	P11915	SCP2_RAT	Scp2	547	Rattus norvegicus	1:Experimental evidence at protein level	Sterol carrier protein 2	1.0	0.999	3	9	9	9	2	1	2	1	1	2	2	1	2	1	1	2	2	1	2	1	1	2	5.6988244E7	6.366724E7	6.4870584E7	4.6102064E7	4.7275328E7	5.3915256E7	2.9779686E7	3.2273792E7	3.36264E7	2.6136504E7	2.6949748E7	3.0886262E7	
sp|P11951|CX6C2_RAT	P11951	CX6C2_RAT	Cox6c2	76	Rattus norvegicus	1:Experimental evidence at protein level	Cytochrome c oxidase subunit 6C-2	0.9999	0.9989	2	6	6	6	2	2	2	0	0	0	2	2	2	0	0	0	2	2	2	0	0	0	2.2929404E7	2.421624E7	2.2766978E7	1.2983947E7	6335587.0	7750491.0	1.4556421E7	1.5547952E7	1.4681962E7	8369807.0	6335587.0	7750491.0	
sp|P11960|ODBA_RAT	P11960	ODBA_RAT	Bckdha	441	Rattus norvegicus	1:Experimental evidence at protein level	2-oxoisovalerate dehydrogenase subunit alpha, mitochondrial (Fragment)	1.0	0.999	16	91	91	91	20	21	18	12	10	10	20	21	18	12	10	10	20	21	18	12	10	10	5.5902957E8	5.958192E8	5.5958982E8	2.91112704E8	2.50844848E8	2.12731088E8	7.013352E7	7.406892E7	6.737376E7	3.7494888E7	4.1503888E7	3.7590052E7	
sp|P11980|KPYM_RAT	P11980	KPYM_RAT	Pkm	531	Rattus norvegicus	1:Experimental evidence at protein level	Pyruvate kinase PKM	1.0	0.999	24	146	142	146	28	27	21	28	20	22	27	27	21	27	19	21	28	27	21	28	20	22	9.4652915E8	8.7377306E8	8.0370669E8	1.22190835E9	1.13531264E9	1.05925766E9	9.7510368E7	9.2033256E7	8.575004E7	1.28302184E8	1.19020296E8	1.20975856E8	
sp|P12001|RL18_RAT	P12001	RL18_RAT	Rpl18	188	Rattus norvegicus	1:Experimental evidence at protein level	Large ribosomal subunit protein eL18	1.0	0.999	5	76	76	76	15	16	14	10	10	11	15	16	14	10	10	11	15	16	14	10	10	11	1.69265766E9	1.48572634E9	1.49980608E9	1.8199159E9	1.58825267E9	1.66679552E9	4.61346976E8	4.11802112E8	4.24920064E8	4.88338368E8	4.23699776E8	4.58642336E8	
sp|P12007|IVD_RAT	P12007	IVD_RAT	Ivd	424	Rattus norvegicus	1:Experimental evidence at protein level	Isovaleryl-CoA dehydrogenase, mitochondrial	1.0	0.999	16	106	106	106	28	27	23	9	10	9	28	27	23	9	10	9	28	27	23	9	10	9	1.56020992E9	8.5546765E8	1.23980314E9	4.2781584E8	4.06531136E8	4.15420192E8	2.16653056E8	1.96794128E8	1.90311216E8	1.16548056E8	1.18521688E8	1.16301888E8	
sp|P12075|COX5B_RAT	P12075	COX5B_RAT	Cox5b	129	Rattus norvegicus	1:Experimental evidence at protein level	Cytochrome c oxidase subunit 5B, mitochondrial	1.0	0.999	3	8	8	8	3	2	3	0	0	0	3	2	3	0	0	0	3	2	3	0	0	0	6.3033984E7	8.1482056E7	8.3681576E7	1.4939583E7	3.7853972E7	3.4994548E7	3.3856744E7	4.4650324E7	4.3116068E7	1.8839282E7	2.108371E7	1.9087904E7	
sp|P12081|HARS1_HUMAN	P12081	HARS1_HUMAN	HARS1	509	Homo sapiens	1:Experimental evidence at protein level	Histidine--tRNA ligase, cytoplasmic	1.0	0.999	11	54	54	54	10	11	9	8	8	8	10	11	9	8	8	8	10	11	9	8	8	8	2.53566208E8	2.50306864E8	2.55785856E8	2.107768E8	1.99992368E8	1.92966192E8	5.2450672E7	5.010908E7	5.4507316E7	4.4473052E7	4.3176568E7	4.7366256E7	
sp|P12346|TRFE_RAT	P12346	TRFE_RAT	Tf	698	Rattus norvegicus	1:Experimental evidence at protein level	Serotransferrin	1.0	0.999	31	329	314	329	46	48	50	64	61	60	44	47	47	61	59	56	46	48	50	64	61	60	2.88435789E9	2.53887539E9	2.77710106E9	6.7747103E9	6.5588352E9	6.6234665E9	1.97235904E8	1.7800808E8	1.98610864E8	4.6570752E8	4.5187152E8	4.5731792E8	
sp|P12368|KAP2_RAT	P12368	KAP2_RAT	Prkar2a	401	Rattus norvegicus	1:Experimental evidence at protein level	cAMP-dependent protein kinase type II-alpha regulatory subunit	1.0	0.999	7	43	37	43	8	8	7	7	7	6	7	7	6	6	6	5	8	8	7	7	7	6	1.15276376E8	1.23548688E8	1.27227384E8	1.1282112E8	1.2801696E8	1.24040208E8	5.0868804E7	5.2594752E7	4.9481292E7	5.1153864E7	5.4397172E7	5.4589292E7	
sp|P12711|ADHX_RAT	P12711	ADHX_RAT	Adh5	374	Rattus norvegicus	1:Experimental evidence at protein level	Alcohol dehydrogenase class-3	1.0	0.999	10	46	46	46	7	9	9	5	7	9	7	9	9	5	7	9	7	9	9	5	7	9	1.93340016E8	1.6246432E8	1.3300996E8	1.70514352E8	1.76667408E8	2.11138896E8	2.9132304E7	2.5330244E7	2.277429E7	3.284171E7	2.822324E7	3.036712E7	
sp|P12749|RL26_RAT	P12749	RL26_RAT	Rpl26	145	Rattus norvegicus	1:Experimental evidence at protein level	Large ribosomal subunit protein uL24	1.0	0.999	5	70	70	70	13	13	13	12	10	9	13	13	13	12	10	9	13	13	13	12	10	9	2.64111309E9	3.05699379E9	3.02871194E9	2.10495027E9	2.42291302E9	2.45828045E9	6.8724134E8	7.8554906E8	7.622937E8	5.20088544E8	6.0752954E8	6.0635405E8	
sp|P12785|FAS_RAT	P12785	FAS_RAT	Fasn	2505	Rattus norvegicus	1:Experimental evidence at protein level	Fatty acid synthase	1.0	0.999	56	205	205	205	25	11	7	59	48	55	25	11	7	59	48	55	25	11	7	59	48	55	5.20471072E8	2.37325072E8	2.23519792E8	1.18765658E9	9.9725779E8	1.06019053E9	5.6534204E7	3.1139462E7	3.0034956E7	1.62311984E8	1.40153104E8	1.44726672E8	
sp|P12788|TRY4_RAT	P12788	TRY4_RAT	Try4	247	Rattus norvegicus	1:Experimental evidence at protein level	Trypsin-4	1.0	0.999	8	53	53	53	2	1	0	17	18	15	2	1	0	17	18	15	2	1	0	17	18	15	1.19908848E8	1.26825656E8	1.34181296E8	1.067104E9	1.2858313E9	1.14768141E9	3.2966162E7	3.411428E7	3.9238368E7	6.210032E8	6.5007821E8	6.4954042E8	
sp|P13084|NPM_RAT	P13084	NPM_RAT	Npm1	292	Rattus norvegicus	1:Experimental evidence at protein level	Nucleophosmin	1.0	0.999	9	118	118	118	22	22	23	17	16	18	22	22	23	17	16	18	22	22	23	17	16	18	1.51360358E9	1.4066295E9	1.71034829E9	1.41114982E9	1.54099379E9	1.50607322E9	3.33996352E8	3.58239872E8	3.94553984E8	3.19113152E8	3.22290496E8	3.37045248E8	
sp|P13086|SUCA_RAT	P13086	SUCA_RAT	Suclg1	346	Rattus norvegicus	2:Experimental evidence at transcript level	Succinate--CoA ligase [ADP/GDP-forming] subunit alpha, mitochondrial	1.0	0.999	8	86	86	86	19	18	18	9	10	12	19	18	18	9	10	12	19	18	18	9	10	12	7.9623488E8	8.4607936E8	8.6521747E8	4.13217856E8	4.5136E8	3.92042336E8	1.19506936E8	1.23688512E8	1.1995116E8	6.34396E7	7.0317192E7	6.2575592E7	
sp|P13221|AATC_RAT	P13221	AATC_RAT	Got1	413	Rattus norvegicus	1:Experimental evidence at protein level	Aspartate aminotransferase, cytoplasmic	1.0	0.999	15	94	94	94	15	14	19	16	16	14	15	14	19	16	16	14	15	14	19	16	16	14	3.81942016E8	3.86582368E8	3.82418432E8	3.54283936E8	3.6503184E8	3.41188032E8	6.0745776E7	6.2128728E7	5.9396344E7	5.4217804E7	5.3183912E7	5.424206E7	
sp|P13233|CN37_RAT	P13233	CN37_RAT	Cnp	420	Rattus norvegicus	1:Experimental evidence at protein level	2',3'-cyclic-nucleotide 3'-phosphodiesterase	1.0	0.999	6	22	22	22	4	3	3	5	4	3	4	3	3	5	4	3	4	3	3	5	4	3	4.0172952E7	3.2963492E7	3.3678052E7	3.7892956E7	3.5733508E7	4.0458104E7	9777988.0	8109713.0	8160072.5	9488264.0	9256981.0	1.0289535E7	
sp|P13255|GNMT_RAT	P13255	GNMT_RAT	Gnmt	293	Rattus norvegicus	1:Experimental evidence at protein level	Glycine N-methyltransferase	1.0	0.999	13	126	126	126	24	25	25	17	18	17	24	25	25	17	18	17	24	25	25	17	18	17	9.8806118E8	1.0184503E9	9.9712051E8	8.3831866E8	8.5316749E8	8.3392211E8	1.48456224E8	1.53014224E8	1.45400048E8	1.22406488E8	1.22401272E8	1.19956376E8	
sp|P13383|NUCL_RAT	P13383	NUCL_RAT	Ncl	713	Rattus norvegicus	1:Experimental evidence at protein level	Nucleolin	1.0	0.999	21	123	123	123	21	23	22	20	18	19	21	23	22	20	18	19	21	23	22	20	18	19	1.376464E9	1.48583411E9	1.63855027E9	1.3425577E9	1.42099725E9	1.39030874E9	1.22365296E8	1.34855024E8	1.50029408E8	1.2728888E8	1.334586E8	1.31744592E8	
sp|P13437|THIM_RAT	P13437	THIM_RAT	Acaa2	397	Rattus norvegicus	1:Experimental evidence at protein level	3-ketoacyl-CoA thiolase, mitochondrial	1.0	0.999	17	116	116	116	21	25	21	17	13	19	21	25	21	17	13	19	21	25	21	17	13	19	6.049369E8	5.8940512E8	5.7227149E8	4.6268048E8	4.44992672E8	4.4395664E8	7.2806856E7	7.5354336E7	7.6561952E7	5.5122048E7	5.437846E7	5.480116E7	
sp|P13444|METK1_RAT	P13444	METK1_RAT	Mat1a	397	Rattus norvegicus	1:Experimental evidence at protein level	S-adenosylmethionine synthase isoform type-1	1.0	0.999	7	38	22	38	9	6	7	7	5	4	5	3	4	4	3	3	9	6	7	7	5	4	2.1519096E8	1.83519472E8	2.01452272E8	1.8719656E8	1.68859936E8	1.75812848E8	7.9017096E7	6.5352008E7	7.018944E7	6.3198032E7	5.8666296E7	6.29384E7	
sp|P13471|RS14_RAT	P13471	RS14_RAT	Rps14	151	Rattus norvegicus	1:Experimental evidence at protein level	Small ribosomal subunit protein uS11	1.0	0.999	5	95	95	95	20	18	20	12	15	10	20	18	20	12	15	10	20	18	20	12	15	10	2.68624973E9	2.8701801E9	2.82186803E9	2.17952205E9	2.24597478E9	2.22495923E9	1.09189158E9	1.20094566E9	1.14090432E9	8.1872986E8	8.9102848E8	8.3957907E8	
sp|P13601|AL1A7_RAT	P13601	AL1A7_RAT	Aldh1a7	501	Rattus norvegicus	1:Experimental evidence at protein level	Aldehyde dehydrogenase, cytosolic 1	1.0	0.999	14	36	34	95	8	7	8	5	4	4	7	7	7	5	4	4	17	16	19	15	14	14	1.17060208E8	8.6551992E7	9.0646448E7	5.1932948E7	3.4477752E7	5.4797044E7	3.092134E7	2.506432E7	2.7361282E7	1.3939997E7	1.163074E7	1.4908004E7	
sp|P13635|CERU_RAT	P13635	CERU_RAT	Cp	1059	Rattus norvegicus	1:Experimental evidence at protein level	Ceruloplasmin	1.0	0.999	22	74	74	74	9	6	7	16	17	19	9	6	7	16	17	19	9	6	7	16	17	19	1.14267056E8	1.03080992E8	1.50686144E8	3.97286688E8	3.94483584E8	3.87785088E8	1.5377445E7	1.4165653E7	1.7508432E7	5.3887888E7	5.42132E7	5.157606E7	
sp|P13645|K1C10_HUMAN	P13645	K1C10_HUMAN	KRT10	584	Homo sapiens	1:Experimental evidence at protein level	Keratin, type I cytoskeletal 10	1.0	0.999	17	101	69	117	14	14	18	17	18	20	10	9	13	12	12	13	17	17	20	20	22	21	6.6602573E8	5.571015E8	7.5325606E8	6.7351981E8	9.0861901E8	8.176169E8	9.1012584E7	8.8031656E7	1.04951064E8	9.6382816E7	1.2888572E8	1.14038464E8	
sp|P13668|STMN1_RAT	P13668	STMN1_RAT	Stmn1	149	Rattus norvegicus	1:Experimental evidence at protein level	Stathmin	0.9685	0.999	1	3	3	3	1	1	1	0	0	0	1	1	1	0	0	0	1	1	1	0	0	0	6239824.5	9321834.0	1.0081195E7	8177070.0	9682588.0	1.0393662E7	6239824.5	9321834.0	1.0081195E7	8177070.0	9682588.0	1.0393662E7	
sp|P13676|ACPH_RAT	P13676	ACPH_RAT	Apeh	732	Rattus norvegicus	1:Experimental evidence at protein level	Acylamino-acid-releasing enzyme	1.0	0.999	12	41	41	41	7	7	8	7	5	7	7	7	8	7	5	7	7	7	8	7	5	7	7.5922424E7	9.4338864E7	7.5163792E7	8.3051448E7	8.7327296E7	9.9915648E7	1.3600578E7	1.5268989E7	1.3257112E7	1.4339212E7	1.4775138E7	1.6118575E7	
sp|P13697|MAOX_RAT	P13697	MAOX_RAT	Me1	572	Rattus norvegicus	1:Experimental evidence at protein level	NADP-dependent malic enzyme	1.0	0.999	6	15	15	15	0	1	0	4	4	6	0	1	0	4	4	6	0	1	0	4	4	6	4175625.0	1.2132915E7	873839.3	7.5913992E7	4.9045932E7	4.0355264E7	4726207.5	4402907.5	1287722.0	1.6520165E7	1.5715781E7	1.2746468E7	
sp|P13803|ETFA_RAT	P13803	ETFA_RAT	Etfa	333	Rattus norvegicus	1:Experimental evidence at protein level	Electron transfer flavoprotein subunit alpha, mitochondrial	1.0	0.999	14	136	136	136	30	28	30	17	13	18	30	28	30	17	13	18	30	28	30	17	13	18	1.47424218E9	1.53075725E9	1.63420749E9	8.1601536E8	8.0734816E8	8.4364096E8	1.62126E8	1.70151504E8	1.87614816E8	9.0279224E7	9.426184E7	9.4791576E7	
sp|P13941|CO3A1_RAT	P13941	CO3A1_RAT	Col3a1	1463	Rattus norvegicus	2:Experimental evidence at transcript level	Collagen alpha-1(III) chain	0.9981	0.999	2	3	3	3	1	0	2	0	0	0	1	0	2	0	0	0	1	0	2	0	0	0	8902954.0	4915964.5	1.5035712E7	3170807.2	3309134.2	1533624.1	5499608.0	5889334.0	6128082.5	3798632.5	3964348.5	1837284.2	
sp|P14046|A1I3_RAT	P14046	A1I3_RAT	A1i3	1477	Rattus norvegicus	1:Experimental evidence at protein level	Alpha-1-inhibitor 3	1.0	0.999	42	420	64	420	39	34	33	112	103	99	6	3	4	17	16	18	39	34	33	112	103	99	1.00316013E9	8.7513862E8	7.9010816E8	7.2484122E9	6.9628472E9	6.765888E9	6.545696E7	5.4686832E7	5.3696612E7	4.671424E8	4.45124864E8	4.37454944E8	
sp|P14056|ARAF_RAT	P14056	ARAF_RAT	Araf	604	Rattus norvegicus	1:Experimental evidence at protein level	Serine/threonine-protein kinase A-Raf	0.9997	0.9983	2	2	2	2	0	1	0	1	0	0	0	1	0	1	0	0	0	1	0	1	0	0	0.0	1108889.1	0.0	0.0	0.0	0.0	0.0	0.0	0.0	0.0	0.0	0.0	
sp|P14141|CAH3_RAT	P14141	CAH3_RAT	Ca3	260	Rattus norvegicus	1:Experimental evidence at protein level	Carbonic anhydrase 3	1.0	0.999	13	195	195	195	21	20	18	42	46	48	21	20	18	42	46	48	21	20	18	42	46	48	7.0071027E8	7.3840186E8	7.1402752E8	3.78316211E9	4.08981965E9	3.98875443E9	8.8857464E7	9.2251576E7	8.7128368E7	4.69929888E8	5.0731808E8	4.81456256E8	
sp|P14173|DDC_RAT	P14173	DDC_RAT	Ddc	480	Rattus norvegicus	1:Experimental evidence at protein level	Aromatic-L-amino-acid decarboxylase	1.0	0.999	11	32	32	32	8	4	1	6	8	5	8	4	1	6	8	5	8	4	1	6	8	5	4.1567824E7	3.1104506E7	2.4414146E7	5.0922656E7	4.3556256E7	4.0391364E7	7174521.5	5219630.5	5564087.5	8649019.0	7003454.0	7180583.5	
sp|P14270|PDE4D_RAT	P14270	PDE4D_RAT	Pde4d	803	Rattus norvegicus	1:Experimental evidence at protein level	3',5'-cyclic-AMP phosphodiesterase 4D	0.9494	0.9984	1	1	1	1	0	1	0	0	0	0	0	1	0	0	0	0	0	1	0	0	0	0	0.0	0.0	0.0	0.0	0.0	0.0	0.0	0.0	0.0	0.0	0.0	0.0	
sp|P14408|FUMH_RAT	P14408	FUMH_RAT	Fh	507	Rattus norvegicus	1:Experimental evidence at protein level	Fumarate hydratase, mitochondrial	1.0	0.999	16	94	94	94	20	20	17	12	12	13	20	20	17	12	12	13	20	20	17	12	12	13	6.9296269E8	7.4670048E8	7.755648E8	4.34107648E8	4.61054816E8	4.75274208E8	9.0319304E7	9.7856656E7	1.00557888E8	5.5288256E7	6.0524372E7	6.1125752E7	
sp|P14480|FIBB_RAT	P14480	FIBB_RAT	Fgb	479	Rattus norvegicus	1:Experimental evidence at protein level	Fibrinogen beta chain	1.0	0.999	16	70	66	70	5	5	3	19	21	17	5	4	3	18	20	16	5	5	3	19	21	17	8.9677776E7	8.0524704E7	7.7152376E7	5.9755571E8	5.776617E8	5.5801344E8	1.3640799E7	1.3512994E7	1.1630859E7	8.060812E7	7.5835888E7	7.4163472E7	
sp|P14562|LAMP1_RAT	P14562	LAMP1_RAT	Lamp1	407	Rattus norvegicus	1:Experimental evidence at protein level	Lysosome-associated membrane glycoprotein 1	1.0	0.999	6	27	27	27	5	6	3	4	3	6	5	6	3	4	3	6	5	6	3	4	3	6	8.2190504E7	6.2761472E7	7.7616672E7	1.1524292E8	1.11469488E8	1.14668688E8	2.2635442E7	2.098183E7	2.1854438E7	3.1156794E7	2.9878148E7	3.0357394E7	
sp|P14604|ECHM_RAT	P14604	ECHM_RAT	Echs1	290	Rattus norvegicus	1:Experimental evidence at protein level	Enoyl-CoA hydratase, mitochondrial	1.0	0.999	11	107	107	107	23	27	25	11	11	10	23	27	25	11	11	10	23	27	25	11	11	10	1.30658202E9	1.34850547E9	1.56664768E9	6.5497613E8	6.9289747E8	6.5519021E8	1.75031952E8	1.92371328E8	2.04977632E8	9.2432248E7	9.880024E7	9.2605616E7	
sp|P14668|ANXA5_RAT	P14668	ANXA5_RAT	Anxa5	319	Rattus norvegicus	1:Experimental evidence at protein level	Annexin A5	1.0	0.999	19	153	69	153	24	30	31	26	22	20	12	12	13	14	10	8	24	30	31	26	22	20	2.18002509E9	2.10372877E9	2.20620672E9	2.52237798E9	2.47177114E9	2.29208371E9	2.62635216E8	2.71325792E8	2.99934624E8	2.93491712E8	3.09610976E8	2.717472E8	
sp|P14669|ANXA3_RAT	P14669	ANXA3_RAT	Anxa3	324	Rattus norvegicus	1:Experimental evidence at protein level	Annexin A3	1.0	0.999	12	62	62	62	9	9	11	11	11	11	9	9	11	11	11	11	9	9	11	11	11	11	1.49924768E8	1.48049472E8	1.62053808E8	2.19324064E8	2.40768528E8	2.26406624E8	2.2179742E7	2.2102828E7	2.4941738E7	3.2555718E7	3.6378892E7	3.4669292E7	
sp|P14841|CYTC_RAT	P14841	CYTC_RAT	Cst3	140	Rattus norvegicus	1:Experimental evidence at protein level	Cystatin-C	1.0	0.999	3	32	32	32	4	6	4	6	6	6	4	6	4	6	6	6	4	6	4	6	6	6	9.9526E7	1.22928696E8	1.36835104E8	2.1997048E8	2.80920512E8	2.90209152E8	3.2022464E7	3.8342E7	4.1507668E7	6.7231384E7	8.6752904E7	8.8226848E7	
sp|P14882|PCCA_RAT	P14882	PCCA_RAT	Pcca	737	Rattus norvegicus	1:Experimental evidence at protein level	Propionyl-CoA carboxylase alpha chain, mitochondrial	1.0	0.999	24	142	142	142	27	30	31	17	20	17	27	30	31	17	20	17	27	30	31	17	20	17	7.3735514E8	6.5935418E8	6.3905594E8	4.13185184E8	4.51229984E8	3.78980192E8	6.8968912E7	6.361812E7	6.1559564E7	4.1600832E7	4.1219016E7	4.159318E7	
sp|P14925|AMD_RAT	P14925	AMD_RAT	Pam	976	Rattus norvegicus	1:Experimental evidence at protein level	Peptidylglycine alpha-amidating monooxygenase	0.6505	0.9837	1	2	2	2	0	0	0	0	1	1	0	0	0	0	1	1	0	0	0	0	1	1	0.0	0.0	0.0	0.0	0.0	0.0	0.0	0.0	0.0	0.0	0.0	0.0	
sp|P14942|GSTA4_RAT	P14942	GSTA4_RAT	Gsta4	222	Rattus norvegicus	1:Experimental evidence at protein level	Glutathione S-transferase alpha-4	1.0	0.999	7	27	27	32	3	5	5	5	5	4	3	5	5	5	5	4	4	5	6	6	6	5	2.01283696E8	2.22979408E8	2.27389984E8	1.80056048E8	1.96649792E8	2.02619376E8	5.1361616E7	5.5437468E7	5.756806E7	4.8118412E7	4.8611468E7	5.0844352E7	
sp|P15083|PIGR_RAT	P15083	PIGR_RAT	Pigr	769	Rattus norvegicus	1:Experimental evidence at protein level	Polymeric immunoglobulin receptor	1.0	0.999	6	15	15	15	0	0	0	6	5	4	0	0	0	6	5	4	0	0	0	6	5	4	1749614.5	9219131.0	1.0238138E7	6.1661376E7	6.2957484E7	6.5920932E7	931627.0	6440624.0	1.4919037E7	1.2935512E7	1.3287445E7	1.363243E7	
sp|P15146|MTAP2_RAT	P15146	MTAP2_RAT	Map2	1861	Rattus norvegicus	1:Experimental evidence at protein level	Microtubule-associated protein 2	1.0	0.999	3	10	10	10	1	1	2	3	2	1	1	1	2	3	2	1	1	1	2	3	2	1	4.9242848E7	1.5047936E7	1.3559466E7	5.4445596E7	2.434208E7	2.890899E7	1.7206272E7	1.5520766E7	1.4319674E7	1.947635E7	1.9861322E7	2.1224506E7	
sp|P15178|SYDC_RAT	P15178	SYDC_RAT	Dars1	501	Rattus norvegicus	1:Experimental evidence at protein level	Aspartate--tRNA ligase, cytoplasmic	1.0	0.999	18	104	104	104	21	18	17	16	16	16	21	18	17	16	16	16	21	18	17	16	16	16	3.57366848E8	3.10772576E8	2.7713568E8	3.66792608E8	3.46574752E8	3.40956192E8	4.1035696E7	3.4204316E7	2.9982206E7	4.333636E7	3.8540528E7	3.7963808E7	
sp|P15205|MAP1B_RAT	P15205	MAP1B_RAT	Map1b	2461	Rattus norvegicus	1:Experimental evidence at protein level	Microtubule-associated protein 1B	0.9679	0.999	1	3	3	3	0	0	0	1	1	1	0	0	0	1	1	1	0	0	0	1	1	1	1.8622476E7	1.9793214E7	2.9169078E7	1.1148803E7	1.2569905E7	1.1505835E7	1.8622476E7	1.9793214E7	2.9169078E7	1.1148803E7	1.2569905E7	1.1505835E7	
sp|P15241|K2M2_SHEEP	P15241	K2M2_SHEEP		491	Ovis aries	1:Experimental evidence at protein level	Keratin, type II microfibrillar, component 7C	1.0	0.999	15	17	9	23	17	0	0	0	0	0	9	0	0	0	0	0	18	1	1	1	1	1	4.68453056E8	0.0	0.0	0.0	0.0	0.0	0.0	0.0	0.0	0.0	0.0	0.0	
sp|P15337|CREB1_RAT	P15337	CREB1_RAT	Creb1	327	Rattus norvegicus	1:Experimental evidence at protein level	Cyclic AMP-responsive element-binding protein 1	0.9627	0.9988	1	2	2	2	0	0	0	1	1	0	0	0	0	1	1	0	0	0	0	1	1	0	0.0	0.0	6104611.0	6489401.0	5655023.5	5363317.5	0.0	0.0	6104611.0	6489401.0	5655023.5	5363317.5	
sp|P15429|ENOB_RAT	P15429	ENOB_RAT	Eno3	434	Rattus norvegicus	1:Experimental evidence at protein level	Beta-enolase	0.9801	0.9758	7	1	1	90	0	0	1	0	0	0	0	0	1	0	0	0	15	16	15	15	15	14	0.0	0.0	3830473.5	0.0	0.0	0.0	0.0	0.0	0.0	0.0	0.0	0.0	
sp|P15589|STS_RAT	P15589	STS_RAT	Sts	577	Rattus norvegicus	1:Experimental evidence at protein level	Steryl-sulfatase	0.9995	0.999	2	3	3	3	1	0	0	1	1	0	1	0	0	1	1	0	1	0	0	1	1	0	5334307.0	4502988.0	0.0	0.0	5760746.5	6838539.0	5334307.0	4502988.0	0.0	0.0	5760746.5	6838539.0	
sp|P15650|ACADL_RAT	P15650	ACADL_RAT	Acadl	430	Rattus norvegicus	1:Experimental evidence at protein level	Long-chain specific acyl-CoA dehydrogenase, mitochondrial	1.0	0.999	10	54	54	54	10	12	7	8	8	9	10	12	7	8	8	9	10	12	7	8	8	9	1.98353232E8	1.65838608E8	1.61792912E8	1.60943808E8	1.41650816E8	1.69452448E8	3.60291E7	3.217149E7	3.0347678E7	3.5211716E7	3.2771358E7	3.3980704E7	
sp|P15651|ACADS_RAT	P15651	ACADS_RAT	Acads	412	Rattus norvegicus	1:Experimental evidence at protein level	Short-chain specific acyl-CoA dehydrogenase, mitochondrial	1.0	0.999	9	37	37	37	7	8	8	4	5	5	7	8	8	4	5	5	7	8	8	4	5	5	1.34738128E8	1.43000448E8	1.30928216E8	5.6003676E7	6.0539376E7	8.4391616E7	2.874697E7	2.9205576E7	2.4886354E7	1.3969871E7	1.7072088E7	1.7204902E7	
sp|P15791|KCC2D_RAT	P15791	KCC2D_RAT	Camk2d	533	Rattus norvegicus	1:Experimental evidence at protein level	Calcium/calmodulin-dependent protein kinase type II subunit delta	0.9982	0.999	2	3	3	3	0	0	1	1	0	1	0	0	1	1	0	1	0	0	1	1	0	1	4924487.5	5428542.5	6241348.0	1.1036916E7	1.0469338E7	7541158.0	4924487.5	5428542.5	6241348.0	1.1036916E7	1.0469338E7	7541158.0	
sp|P15800|LAMB2_RAT	P15800	LAMB2_RAT	Lamb2	1801	Rattus norvegicus	1:Experimental evidence at protein level	Laminin subunit beta-2	0.8309	0.9938	1	2	2	2	0	0	0	1	0	1	0	0	0	1	0	1	0	0	0	1	0	1	0.0	0.0	0.0	0.0	0.0	0.0	0.0	0.0	0.0	0.0	0.0	0.0	
sp|P15865|H14_RAT	P15865	H14_RAT	H1-4	219	Rattus norvegicus	1:Experimental evidence at protein level	Histone H1.4	1.0	0.999	5	88	51	88	12	16	14	15	15	16	8	10	8	9	9	7	12	16	14	15	15	16	1.34783923E9	1.64323021E9	1.25123878E9	2.61475072E9	3.29978189E9	3.04376653E9	4.79666144E8	5.7683494E8	4.5204208E8	9.2721683E8	1.18125056E9	1.06282253E9	
sp|P15978|HA11_RAT	P15978	HA11_RAT	RT1-Aw2	319	Rattus norvegicus	1:Experimental evidence at protein level	Class I histocompatibility antigen, Non-RT1.A alpha-1 chain	0.9657	0.9989	2	1	1	4	0	0	0	0	1	0	0	0	0	0	1	0	0	0	0	1	2	1	1352589.9	753272.06	1035997.2	1356909.5	1980366.5	2096622.9	1352589.9	753272.06	1035997.2	1356909.5	1980366.5	2096622.9	
sp|P15999|ATPA_RAT	P15999	ATPA_RAT	Atp5f1a	553	Rattus norvegicus	1:Experimental evidence at protein level	ATP synthase F(1) complex subunit alpha, mitochondrial	1.0	0.999	22	260	260	260	52	50	49	39	36	34	52	50	49	39	36	34	52	50	49	39	36	34	3.56610227E9	3.28524211E9	3.1311319E9	2.40196557E9	2.44582067E9	2.22054528E9	3.18057408E8	3.25885408E8	2.86531808E8	2.09935648E8	2.17637008E8	2.09310304E8	
sp|P16036|S25A3_RAT	P16036	S25A3_RAT	Slc25a3	356	Rattus norvegicus	1:Experimental evidence at protein level	Solute carrier family 25 member 3	0.9682	0.999	1	3	3	3	1	0	0	0	1	1	1	0	0	0	1	1	1	0	0	0	1	1	5009378.0	0.0	0.0	0.0	6140681.5	8935095.0	5009378.0	0.0	0.0	0.0	6140681.5	8935095.0	
sp|P16086|SPTN1_RAT	P16086	SPTN1_RAT	Sptan1	2472	Rattus norvegicus	1:Experimental evidence at protein level	Spectrin alpha chain, non-erythrocytic 1	1.0	0.999	57	243	243	243	37	28	33	50	43	52	37	28	33	50	43	52	37	28	33	50	43	52	5.6175251E8	4.4790608E8	4.35276288E8	9.4435936E8	8.4157843E8	9.0542022E8	3.2320904E7	2.6061762E7	2.455072E7	4.9923752E7	4.3701524E7	4.8725608E7	
sp|P16290|PGAM2_RAT	P16290	PGAM2_RAT	Pgam2	253	Rattus norvegicus	1:Experimental evidence at protein level	Phosphoglycerate mutase 2	0.9996	0.9985	5	7	7	34	2	2	0	2	1	0	2	2	0	2	1	0	7	7	4	7	5	4	1.500656E7	6540844.5	1.2543579E7	9653511.0	9947873.0	4325489.5	1.500656E7	6540844.5	1.2543579E7	9653511.0	9947873.0	4325489.5	
sp|P16296|FA9_RAT	P16296	FA9_RAT	F9	462	Rattus norvegicus	1:Experimental evidence at protein level	Coagulation factor IX	1.0	0.999	2	7	7	7	1	1	1	1	2	1	1	1	1	1	2	1	1	1	1	1	2	1	1.1764995E7	3885290.5	3585606.8	1.4835548E7	9061459.0	1.7083334E7	7314329.5	4391906.5	4053146.0	8003748.0	5654592.5	9557578.0	
sp|P16303|EST1D_RAT	P16303	EST1D_RAT	Ces1d	565	Rattus norvegicus	1:Experimental evidence at protein level	Carboxylesterase 1D	1.0	0.999	11	29	27	29	0	1	1	9	8	10	0	1	1	8	7	10	0	1	1	9	8	10	3.0657282E7	2.3185212E7	2.9297536E7	1.3394672E8	1.37390096E8	1.32762216E8	6063059.5	4864541.5	5248953.0	2.5821248E7	2.703704E7	2.6217278E7	
sp|P16391|HA12_RAT	P16391	HA12_RAT		371	Rattus norvegicus	1:Experimental evidence at protein level	RT1 class I histocompatibility antigen, AA alpha chain	0.9842	0.999	2	6	3	6	0	0	0	2	2	2	0	0	0	1	1	1	0	0	0	2	2	2	3.6328896E7	4.5482744E7	4.8913552E7	3.595328E7	3.7874504E7	3.41629E7	2.6397996E7	2.9828106E7	3.0057386E7	4.1911908E7	4.1069888E7	3.7674716E7	
sp|P16446|PIPNA_RAT	P16446	PIPNA_RAT	Pitpna	271	Rattus norvegicus	1:Experimental evidence at protein level	Phosphatidylinositol transfer protein alpha isoform	1.0	0.999	4	25	25	25	6	5	7	3	2	2	6	5	7	3	2	2	6	5	7	3	2	2	7.9738144E7	7.8535008E7	7.5446192E7	8.3031256E7	8.231112E7	8.5516824E7	3.080959E7	2.8840342E7	2.9427284E7	3.052516E7	3.2765272E7	3.197998E7	
sp|P16573|CEAM1_RAT	P16573	CEAM1_RAT	Ceacam1	519	Rattus norvegicus	1:Experimental evidence at protein level	Cell adhesion molecule CEACAM1	0.8485	0.9945	1	1	1	1	0	0	1	0	0	0	0	0	1	0	0	0	0	0	1	0	0	0	0.0	0.0	0.0	0.0	0.0	0.0	0.0	0.0	0.0	0.0	0.0	0.0	
sp|P16617|PGK1_RAT	P16617	PGK1_RAT	Pgk1	417	Rattus norvegicus	1:Experimental evidence at protein level	Phosphoglycerate kinase 1	1.0	0.999	22	180	180	180	35	32	33	28	25	27	35	32	33	28	25	27	35	32	33	28	25	27	1.54593075E9	1.5634327E9	1.65217088E9	1.47554278E9	1.5483424E9	1.56341312E9	1.58685328E8	1.65607216E8	1.69895792E8	1.5618848E8	1.64718064E8	1.65565872E8	
sp|P16638|ACLY_RAT	P16638	ACLY_RAT	Acly	1100	Rattus norvegicus	1:Experimental evidence at protein level	ATP-citrate synthase	1.0	0.999	34	169	169	169	36	20	19	33	29	32	36	20	19	33	29	32	36	20	19	33	29	32	5.865632E8	3.45563968E8	3.52059328E8	6.4585075E8	6.1838912E8	6.5301101E8	3.9477096E7	2.6256782E7	2.7304492E7	4.9073284E7	4.2754944E7	4.4463864E7	
sp|P16975|SPRC_RAT	P16975	SPRC_RAT	Sparc	301	Rattus norvegicus	1:Experimental evidence at protein level	SPARC	1.0	0.999	5	14	14	14	1	0	1	3	5	4	1	0	1	3	5	4	1	0	1	3	5	4	1.5062051E7	1.8505964E7	1.9625378E7	2.066785E7	2.9649378E7	2.5153662E7	4828552.0	6225256.0	6521810.0	6928667.0	1.0046307E7	8894323.0	
sp|P17046|LAMP2_RAT	P17046	LAMP2_RAT	Lamp2	411	Rattus norvegicus	1:Experimental evidence at protein level	Lysosome-associated membrane glycoprotein 2	1.0	0.999	3	7	7	7	1	1	0	2	2	1	1	1	0	2	2	1	1	1	0	2	2	1	1.4884804E7	9479636.0	8415380.0	1.010401E7	2.4519744E7	2.0855484E7	6624041.0	6799291.5	6244980.0	7229591.5	8930180.0	8411990.0	
sp|P17074|RS19_RAT	P17074	RS19_RAT	Rps19	145	Rattus norvegicus	1:Experimental evidence at protein level	Small ribosomal subunit protein eS19	1.0	0.999	7	111	111	111	20	21	20	19	15	16	20	21	20	19	15	16	20	21	20	19	15	16	3.75888282E9	4.3220608E9	4.3908347E9	2.8526592E9	3.08894874E9	3.11191552E9	8.5766259E8	1.02593056E9	1.02194816E9	7.0108058E8	7.497255E8	7.6395584E8	
sp|P17077|RL9_RAT	P17077	RL9_RAT	Rpl9	192	Rattus norvegicus	1:Experimental evidence at protein level	Large ribosomal subunit protein uL6	1.0	0.999	9	162	162	162	27	31	30	27	26	21	27	31	30	27	26	21	27	31	30	27	26	21	2.07772109E9	2.03231795E9	2.05100262E9	1.86291456E9	1.51492006E9	1.64315008E9	3.11939392E8	3.13292064E8	3.01772256E8	2.529124E8	2.4888776E8	2.4879448E8	
sp|P17078|RL35_RAT	P17078	RL35_RAT	Rpl35	123	Rattus norvegicus	1:Experimental evidence at protein level	Large ribosomal subunit protein uL29	0.9993	0.999	2	18	18	18	3	3	3	3	3	3	3	3	3	3	3	3	3	3	3	3	3	3	1.62930726E9	1.84599245E9	1.95463501E9	1.38633702E9	1.51231258E9	1.53533619E9	1.10581811E9	1.22719194E9	1.3122505E9	9.2011987E8	9.9353088E8	1.01039034E9	
sp|P17084|COL_RAT	P17084	COL_RAT	Clps	112	Rattus norvegicus	2:Experimental evidence at transcript level	Colipase	1.0	0.999	6	609	609	609	91	110	109	97	102	100	91	110	109	97	102	100	91	110	109	97	102	100	1.85691402E10	2.21335347E10	2.33151447E10	2.37474468E10	2.77344379E10	2.47690527E10	3.5154665E9	3.94305715E9	4.26969574E9	4.6244741E9	5.1620792E9	4.6002504E9	
sp|P17136|RSMB_RAT	P17136	RSMB_RAT	Snrpb	231	Rattus norvegicus	2:Experimental evidence at transcript level	Small nuclear ribonucleoprotein-associated protein B	1.0	0.999	4	25	0	25	6	4	6	3	3	3	0	0	0	0	0	0	6	4	6	3	3	3	6.6073652E7	6.79372E7	7.8398024E7	6.7256624E7	6.2119216E7	7.3639728E7	2.0092992E7	2.0871818E7	2.3893764E7	2.063281E7	1.9181812E7	2.2453854E7	sp|P63164|RSMN_RAT
sp|P17164|FUCO_RAT	P17164	FUCO_RAT	Fuca1	462	Rattus norvegicus	1:Experimental evidence at protein level	Tissue alpha-L-fucosidase	0.9999	0.999	2	3	3	3	0	0	0	0	2	1	0	0	0	0	2	1	0	0	0	0	2	1	0.0	0.0	0.0	0.0	3028729.8	4319840.5	0.0	0.0	0.0	0.0	3028729.8	4319840.5	
sp|P17220|PSA2_RAT	P17220	PSA2_RAT	Psma2	234	Rattus norvegicus	1:Experimental evidence at protein level	Proteasome subunit alpha type-2	1.0	0.999	7	39	39	39	6	6	8	6	6	7	6	6	8	6	6	7	6	6	8	6	6	7	1.89356208E8	2.31993984E8	1.95806416E8	1.51655968E8	1.62671616E8	1.71166352E8	4.9023068E7	4.8402964E7	5.0955896E7	3.9094692E7	4.5134972E7	3.3858924E7	
sp|P17475|A1AT_RAT	P17475	A1AT_RAT	Serpina1	411	Rattus norvegicus	1:Experimental evidence at protein level	Alpha-1-antiproteinase	1.0	0.999	13	152	152	152	20	18	15	33	31	35	20	18	15	33	31	35	20	18	15	33	31	35	8.7844512E8	9.3408762E8	7.0785542E8	2.70212275E9	2.91349197E9	2.79364403E9	1.5835784E8	1.66077152E8	1.70744448E8	5.271952E8	5.4855686E8	5.35527232E8	
sp|P17702|RL28_RAT	P17702	RL28_RAT	Rpl28	137	Rattus norvegicus	1:Experimental evidence at protein level	Large ribosomal subunit protein eL28	1.0	0.999	6	69	69	69	13	11	15	11	10	9	13	11	15	11	10	9	13	11	15	11	10	9	1.76753357E9	1.93182464E9	1.7779872E9	1.54464115E9	1.59626189E9	1.56468493E9	5.33869152E8	6.1697421E8	5.8374944E8	4.33995392E8	4.62382016E8	4.73939296E8	
sp|P17764|THIL_RAT	P17764	THIL_RAT	Acat1	424	Rattus norvegicus	1:Experimental evidence at protein level	Acetyl-CoA acetyltransferase, mitochondrial	1.0	0.999	19	326	326	326	69	58	73	39	47	40	69	58	73	39	47	40	69	58	73	39	47	40	5.840597E9	5.7809741E9	5.8952233E9	3.20060877E9	3.61904307E9	3.53749274E9	6.4398918E8	6.4194189E8	6.5146886E8	3.49270848E8	3.8628704E8	4.00704416E8	
sp|P17955|NUP62_RAT	P17955	NUP62_RAT	Nup62	525	Rattus norvegicus	1:Experimental evidence at protein level	Nuclear pore glycoprotein p62	1.0	0.999	2	5	5	5	1	1	1	1	0	1	1	1	1	1	0	1	1	1	1	1	0	1	1098046.4	5278176.0	6818856.5	4615042.0	6682570.5	1.0371949E7	2890994.8	3651595.5	3129373.8	3227905.2	5889929.0	9141698.0	
sp|P17977|CATG_RAT	P17977	CATG_RAT	Ctsg	250	Rattus norvegicus	1:Experimental evidence at protein level	Cathepsin G	0.9685	0.999	1	1	1	1	0	0	0	1	0	0	0	0	0	1	0	0	0	0	0	1	0	0	0.0	0.0	0.0	3598060.5	0.0	2417166.2	0.0	0.0	0.0	3598060.5	0.0	2417166.2	
sp|P18163|ACSL1_RAT	P18163	ACSL1_RAT	Acsl1	699	Rattus norvegicus	1:Experimental evidence at protein level	Long-chain-fatty-acid--CoA ligase 1	1.0	0.999	14	60	52	60	9	8	5	13	11	14	8	7	4	11	9	13	9	8	5	13	11	14	8.5765216E7	5.9397464E7	5.2017348E7	2.1738824E8	1.61996576E8	2.02313888E8	1.3922836E7	7995631.5	8835513.0	3.2448914E7	2.8037318E7	3.0038484E7	
sp|P18292|THRB_RAT	P18292	THRB_RAT	F2	617	Rattus norvegicus	1:Experimental evidence at protein level	Prothrombin	1.0	0.999	9	21	21	21	1	0	0	7	8	5	1	0	0	7	8	5	1	0	0	7	8	5	9994278.0	1.450009E7	1.6781308E7	6.9921168E7	6.2420048E7	6.995636E7	5814863.0	4020534.5	3997487.0	1.5567542E7	1.5515044E7	1.8217014E7	
sp|P18297|SPRE_RAT	P18297	SPRE_RAT	Spr	262	Rattus norvegicus	1:Experimental evidence at protein level	Sepiapterin reductase	1.0	0.999	5	15	15	15	3	4	3	2	1	2	3	4	3	2	1	2	3	4	3	2	1	2	1.4716182E7	1.2258079E7	1.4584712E7	1.2589037E7	1.690628E7	1.0653632E7	5506281.5	4592680.0	5420220.5	4387098.5	5782795.5	3817755.0	
sp|P18298|METK2_RAT	P18298	METK2_RAT	Mat2a	395	Rattus norvegicus	1:Experimental evidence at protein level	S-adenosylmethionine synthase isoform type-2	1.0	0.999	6	21	21	37	3	3	4	4	4	3	3	3	4	4	4	3	7	6	7	7	6	4	1.08875984E8	6.3576164E7	7.3237256E7	8.7582528E7	8.5877152E7	9.3060192E7	4.0938216E7	4.0773496E7	4.6390892E7	4.6497688E7	4.9901112E7	4.9406652E7	
sp|P18395|CSDE1_RAT	P18395	CSDE1_RAT	Csde1	798	Rattus norvegicus	2:Experimental evidence at transcript level	Cold shock domain-containing protein E1	1.0	0.999	16	67	67	67	14	14	9	10	9	11	14	14	9	10	9	11	14	14	9	10	9	11	1.59344048E8	1.45265296E8	1.64112592E8	1.2528464E8	1.388952E8	1.31169576E8	3.20699E7	3.1412586E7	3.3362358E7	2.9801794E7	3.0533374E7	3.0807206E7	
sp|P18418|CALR_RAT	P18418	CALR_RAT	Calr	416	Rattus norvegicus	1:Experimental evidence at protein level	Calreticulin	1.0	0.999	14	276	276	276	44	54	51	41	41	45	44	54	51	41	41	45	44	54	51	41	41	45	4.7132692E9	5.1945477E9	5.0987433E9	4.1860329E9	4.27699891E9	4.4962253E9	6.5977587E8	7.3385197E8	7.0124678E8	5.6018874E8	5.962672E8	6.2010906E8	
sp|P18420|PSA1_RAT	P18420	PSA1_RAT	Psma1	263	Rattus norvegicus	1:Experimental evidence at protein level	Proteasome subunit alpha type-1	1.0	0.999	13	72	72	72	12	15	17	8	9	11	12	15	17	8	9	11	12	15	17	8	9	11	3.23628704E8	3.45397248E8	3.95818976E8	2.96737984E8	2.90468192E8	3.41705728E8	5.9420848E7	6.3392604E7	6.7572376E7	4.7536668E7	5.308258E7	5.7869776E7	
sp|P18421|PSB1_RAT	P18421	PSB1_RAT	Psmb1	240	Rattus norvegicus	1:Experimental evidence at protein level	Proteasome subunit beta type-1	1.0	0.999	8	43	43	43	6	8	5	8	7	9	6	8	5	8	7	9	6	8	5	8	7	9	2.22911264E8	2.838928E8	2.7751872E8	2.45931856E8	2.51866864E8	2.48678912E8	5.9117808E7	6.4377044E7	6.3177456E7	5.7000948E7	5.7447472E7	5.5385096E7	
sp|P18422|PSA3_RAT	P18422	PSA3_RAT	Psma3	255	Rattus norvegicus	1:Experimental evidence at protein level	Proteasome subunit alpha type-3	1.0	0.999	9	41	41	41	6	5	8	8	6	8	6	5	8	8	6	8	6	5	8	8	6	8	2.27979296E8	2.51945664E8	2.4760736E8	2.07023184E8	1.92330064E8	2.20303584E8	4.8005828E7	5.2239568E7	5.270314E7	4.3968128E7	4.2887248E7	4.5750476E7	
sp|P18424|LCAT_RAT	P18424	LCAT_RAT	Lcat	440	Rattus norvegicus	1:Experimental evidence at protein level	Phosphatidylcholine-sterol acyltransferase	0.9656	0.9986	2	2	2	2	0	0	0	1	1	0	0	0	0	1	1	0	0	0	0	1	1	0	4152923.0	3108734.8	2722594.2	2931231.5	0.0	1865362.9	4152923.0	3108734.8	2722594.2	2931231.5	0.0	1865362.9	
sp|P18437|HMGN2_RAT	P18437	HMGN2_RAT	Hmgn2	90	Rattus norvegicus	1:Experimental evidence at protein level	Non-histone chromosomal protein HMG-17	0.9685	0.999	1	3	3	3	0	1	0	0	0	2	0	1	0	0	0	2	0	1	0	0	0	2	1337613.5	3860031.5	5377262.5	834159.4	0.0	3730617.2	1337613.5	3860031.5	5377262.5	834159.4	0.0	3730617.2	
sp|P18445|RL27A_RAT	P18445	RL27A_RAT	Rpl27a	148	Rattus norvegicus	1:Experimental evidence at protein level	Large ribosomal subunit protein uL15	1.0	0.999	5	54	54	54	10	11	10	8	8	7	10	11	10	8	8	7	10	11	10	8	8	7	1.4289088E9	1.51050778E9	1.29942067E9	1.26804352E9	1.26708518E9	1.31701184E9	5.4216704E8	5.8922707E8	5.28574304E8	4.16336256E8	4.12114752E8	4.71104992E8	
sp|P18484|AP2A2_RAT	P18484	AP2A2_RAT	Ap2a2	938	Rattus norvegicus	1:Experimental evidence at protein level	AP-2 complex subunit alpha-2	1.0	0.999	8	17	17	17	4	0	2	3	4	4	4	0	2	3	4	4	4	0	2	3	4	4	2.54719E7	1.1759629E7	1.4302347E7	2.6893572E7	2.688506E7	3.3706408E7	6678129.5	5136022.0	5056431.5	9671903.0	8957671.0	1.0464667E7	
sp|P18645|GALE_RAT	P18645	GALE_RAT	Gale	347	Rattus norvegicus	2:Experimental evidence at transcript level	UDP-glucose 4-epimerase	1.0	0.999	4	8	8	8	3	3	2	0	0	0	3	3	2	0	0	0	3	3	2	0	0	0	6908181.5	2.4410722E7	9610130.0	3371320.2	2935052.8	5300350.0	4262509.0	5088655.5	6238249.0	5140587.0	4475367.0	3591984.0	
sp|P18665|RM03_RAT	P18665	RM03_RAT	Mrpl3	347	Rattus norvegicus	2:Experimental evidence at transcript level	Large ribosomal subunit protein uL3m	0.9071	0.9969	1	1	1	1	0	0	0	0	1	0	0	0	0	0	1	0	0	0	0	0	1	0	3827214.0	3511955.0	0.0	4638050.5	3341303.5	0.0	3827214.0	3511955.0	0.0	4638050.5	3341303.5	0.0	
sp|P18666|ML12B_RAT	P18666	ML12B_RAT	Myl12b	172	Rattus norvegicus	1:Experimental evidence at protein level	Myosin regulatory light chain 12B	1.0	0.999	7	72	6	72	12	14	14	11	10	11	1	1	1	1	1	1	12	14	14	11	10	11	3.67110848E8	4.24133024E8	4.56959872E8	4.47646944E8	5.06659456E8	4.95373504E8	8.161736E7	9.5555328E7	1.03334064E8	9.9409752E7	1.13877912E8	1.09309176E8	
sp|P18757|CGL_RAT	P18757	CGL_RAT	Cth	398	Rattus norvegicus	1:Experimental evidence at protein level	Cystathionine gamma-lyase	1.0	0.999	18	178	178	178	34	32	30	32	26	24	34	32	30	32	26	24	34	32	30	32	26	24	3.9795264E9	3.4299287E9	3.38810522E9	2.96497126E9	2.60111872E9	2.74169651E9	4.5179456E8	3.96984992E8	3.71506368E8	3.44616192E8	3.1866288E8	3.21702528E8	
sp|P18886|CPT2_RAT	P18886	CPT2_RAT	Cpt2	658	Rattus norvegicus	1:Experimental evidence at protein level	Carnitine O-palmitoyltransferase 2, mitochondrial	1.0	0.999	7	23	23	23	5	4	5	2	2	5	5	4	5	2	2	5	5	4	5	2	2	5	5.1872576E7	4.8783376E7	4.5272896E7	4.332654E7	4.2878184E7	4.9072828E7	1.3121977E7	1.3050445E7	1.141112E7	1.2136918E7	1.1329192E7	1.2764289E7	
sp|P19112|F16P1_RAT	P19112	F16P1_RAT	Fbp1	363	Rattus norvegicus	1:Experimental evidence at protein level	Fructose-1,6-bisphosphatase 1	1.0	0.999	10	34	34	42	6	5	7	5	6	5	6	5	7	5	6	5	8	6	9	5	8	6	1.41113856E8	1.41210592E8	1.59168192E8	1.12956032E8	1.35064288E8	1.27318656E8	4.4600304E7	4.1802132E7	4.4589012E7	3.9825656E7	3.9855732E7	3.8396788E7	
sp|P19132|FRIH_RAT	P19132	FRIH_RAT	Fth1	182	Rattus norvegicus	1:Experimental evidence at protein level	Ferritin heavy chain	1.0	0.999	5	33	33	33	4	5	3	7	7	7	4	5	3	7	7	7	4	5	3	7	7	7	1.37089856E8	1.32718464E8	1.6447776E8	3.38227904E8	3.71787232E8	3.6541152E8	3.5490004E7	3.5590808E7	4.16506E7	9.633836E7	1.07598776E8	1.05682976E8	
sp|P19139|CSK21_RAT	P19139	CSK21_RAT	Csnk2a1	391	Rattus norvegicus	1:Experimental evidence at protein level	Casein kinase II subunit alpha	1.0	0.999	8	25	25	25	5	4	4	5	4	3	5	4	4	5	4	3	5	4	4	5	4	3	6.3275784E7	6.3353432E7	6.6095004E7	5.9787596E7	5.0485492E7	5.0848392E7	1.3564986E7	1.458406E7	1.5213072E7	1.3515887E7	1.2409271E7	1.2490084E7	
sp|P19218|GP2_RAT	P19218	GP2_RAT	Gp2	530	Rattus norvegicus	1:Experimental evidence at protein level	Pancreatic secretory granule membrane major glycoprotein GP2	1.0	0.999	12	108	108	108	18	14	15	22	21	18	18	14	15	22	21	18	18	14	15	22	21	18	5.19915936E8	4.29026624E8	4.17863936E8	1.15281984E9	1.13835302E9	1.18111194E9	7.8249616E7	6.762344E7	7.0893552E7	1.74521152E8	1.68764256E8	1.82429808E8	
sp|P19222|CBPA2_RAT	P19222	CBPA2_RAT	Cpa2	417	Rattus norvegicus	1:Experimental evidence at protein level	Carboxypeptidase A2	1.0	0.999	19	1281	1281	1281	171	199	196	233	240	242	171	199	196	233	240	242	171	199	196	233	240	242	2.67197092E10	2.68409487E10	2.83622625E10	5.4586458E10	5.8927907E10	5.5259701E10	4.7317089E9	4.6799283E9	5.0231071E9	9.7315738E9	1.02482381E10	9.6594944E9	
sp|P19223|CBPB1_RAT	P19223	CBPB1_RAT	Cpb1	415	Rattus norvegicus	1:Experimental evidence at protein level	Carboxypeptidase B	1.0	0.999	20	1206	1153	1206	182	186	172	217	221	228	176	179	165	208	211	214	182	186	172	217	221	228	4.2656408E10	4.0220025E10	4.0832979E10	8.8847278E10	9.096192E10	8.4254237E10	4.22792269E9	4.04174771E9	4.08448307E9	8.6160026E9	8.5256315E9	8.3408773E9	
sp|P19234|NDUV2_RAT	P19234	NDUV2_RAT	Ndufv2	248	Rattus norvegicus	1:Experimental evidence at protein level	NADH dehydrogenase [ubiquinone] flavoprotein 2, mitochondrial	1.0	0.999	3	10	10	10	2	2	3	1	1	1	2	2	3	1	1	1	2	2	3	1	1	1	2.5588876E7	3.1386628E7	2.93772E7	9861595.0	1.3218002E7	8940349.0	1.5505058E7	1.7521068E7	1.6821974E7	7191548.0	8695817.0	8940349.0	
sp|P19356|HEM3_RAT	P19356	HEM3_RAT	Hmbs	361	Rattus norvegicus	1:Experimental evidence at protein level	Porphobilinogen deaminase	1.0	0.9984	3	9	9	9	2	2	3	1	0	1	2	2	3	1	0	1	2	2	3	1	0	1	1.0989312E7	1.4231885E7	2.7452352E7	6600407.5	1.0251887E7	1.2173774E7	6372219.0	8254001.0	9917748.0	3395791.8	5941939.5	7036166.5	
sp|P19511|AT5F1_RAT	P19511	AT5F1_RAT	Atp5pb	256	Rattus norvegicus	1:Experimental evidence at protein level	ATP synthase peripheral stalk subunit b, mitochondrial	1.0	0.999	6	21	21	21	5	3	2	5	2	4	5	3	2	5	2	4	5	3	2	5	2	4	6.5579328E7	5.6961688E7	5.7589736E7	8.5531216E7	1.04330928E8	9.2853816E7	2.949343E7	2.081156E7	1.7895252E7	2.8688798E7	2.8174576E7	3.0468648E7	
sp|P19804|NDKB_RAT	P19804	NDKB_RAT	Nme2	152	Rattus norvegicus	1:Experimental evidence at protein level	Nucleoside diphosphate kinase B	1.0	0.999	8	163	88	163	26	38	36	22	20	21	15	22	20	11	9	11	26	38	36	22	20	21	3.93781248E9	3.98111744E9	4.3764992E9	3.38013389E9	3.58566093E9	3.67954432E9	7.8471654E8	8.5418054E8	8.8155283E8	6.5390637E8	6.9857581E8	7.032489E8	
sp|P19836|PCY1A_RAT	P19836	PCY1A_RAT	Pcyt1a	367	Rattus norvegicus	1:Experimental evidence at protein level	Choline-phosphate cytidylyltransferase A	1.0	0.999	4	7	2	7	1	0	0	1	3	2	0	0	0	0	1	1	1	0	0	1	3	2	9301717.0	1.1298555E7	7719702.5	1.6788888E7	1.7255792E7	1.660191E7	3859115.8	5198425.0	4848472.0	6464449.5	7349730.0	7205969.5	
sp|P19939|APOC1_RAT	P19939	APOC1_RAT	Apoc1	88	Rattus norvegicus	3:Protein inferred from homology	Apolipoprotein C-I	0.9999	0.999	2	5	5	5	0	0	0	1	2	2	0	0	0	1	2	2	0	0	0	1	2	2	0.0	6289034.5	5672809.5	2.0561604E7	2.1279668E7	2.4110412E7	0.0	6289034.5	5672809.5	1.2533416E7	1.3196234E7	1.4935438E7	
sp|P19944|RLA1_RAT	P19944	RLA1_RAT	Rplp1	114	Rattus norvegicus	3:Protein inferred from homology	Large ribosomal subunit protein P1	1.0	0.999	3	153	153	153	21	31	30	23	22	26	21	31	30	23	22	26	21	31	30	23	22	26	2.57168307E9	2.32904832E9	2.18163994E9	2.18867635E9	2.40119066E9	2.1890944E9	1.31863322E9	1.57487808E9	1.57581299E9	1.22286502E9	1.3157705E9	1.25396518E9	
sp|P19945|RLA0_RAT	P19945	RLA0_RAT	Rplp0	317	Rattus norvegicus	1:Experimental evidence at protein level	Large ribosomal subunit protein uL10	1.0	0.999	13	209	209	209	37	38	40	32	29	33	37	38	40	32	29	33	37	38	40	32	29	33	5.1349207E9	4.733889E9	4.485118E9	4.6964116E9	4.5702876E9	4.3903647E9	6.1884979E8	5.8428256E8	5.6014918E8	5.749696E8	5.5224806E8	5.5044614E8	
sp|P20059|HEMO_RAT	P20059	HEMO_RAT	Hpx	460	Rattus norvegicus	1:Experimental evidence at protein level	Hemopexin	1.0	0.999	22	274	274	274	28	32	32	59	62	61	28	32	32	59	62	61	28	32	32	59	62	61	8.2359795E8	8.103849E8	8.7639078E8	3.88580659E9	4.02511309E9	4.0964649E9	1.17947216E8	1.1692424E8	1.26475872E8	4.81178336E8	5.1053136E8	5.09912672E8	
sp|P20069|MPPA_RAT	P20069	MPPA_RAT	Pmpca	524	Rattus norvegicus	1:Experimental evidence at protein level	Mitochondrial-processing peptidase subunit alpha	0.9685	0.999	1	2	2	2	1	0	1	0	0	0	1	0	1	0	0	0	1	0	1	0	0	0	3038470.2	3775542.8	3460129.8	2242413.8	2707380.8	0.0	3038470.2	3775542.8	3460129.8	2242413.8	2707380.8	0.0	
sp|P20070|NB5R3_RAT	P20070	NB5R3_RAT	Cyb5r3	301	Rattus norvegicus	1:Experimental evidence at protein level	NADH-cytochrome b5 reductase 3	1.0	0.999	5	18	18	18	3	1	1	5	4	4	3	1	1	5	4	4	3	1	1	5	4	4	5.2677016E7	3.6684492E7	2.5928976E7	7.3453464E7	6.7029376E7	6.7359816E7	2.2056606E7	1.5551417E7	1.3231374E7	3.2543454E7	2.9717886E7	2.7990486E7	
sp|P20280|RL21_RAT	P20280	RL21_RAT	Rpl21	160	Rattus norvegicus	1:Experimental evidence at protein level	Large ribosomal subunit protein eL21	1.0	0.999	3	61	61	61	12	12	11	8	9	9	12	12	11	8	9	9	12	12	11	8	9	9	1.93122432E9	2.03496026E9	2.03918208E9	1.47462566E9	1.74822285E9	1.77100326E9	1.18688704E9	1.22853658E9	1.22543091E9	7.8394995E8	8.8987853E8	9.5970483E8	
sp|P20611|PPAL_RAT	P20611	PPAL_RAT	Acp2	423	Rattus norvegicus	1:Experimental evidence at protein level	Lysosomal acid phosphatase	1.0	0.999	4	15	15	15	3	3	1	3	4	1	3	3	1	3	4	1	3	3	1	3	4	1	3628357.0	6299782.5	6636663.0	4405756.5	9526830.0	8683766.0	4059114.2	4172172.0	4511222.0	1604301.4	6360524.0	5827992.5	
sp|P20650|PPM1A_RAT	P20650	PPM1A_RAT	Ppm1a	382	Rattus norvegicus	1:Experimental evidence at protein level	Protein phosphatase 1A	1.0	0.999	6	16	11	16	5	5	1	3	0	2	4	4	0	2	0	1	5	5	1	3	0	2	2.3032494E7	3.0472608E7	2.7305194E7	3.1801164E7	1.9588476E7	3.7431652E7	7523817.5	8082384.5	7229262.0	8647060.0	6848377.0	1.0472129E7	
sp|P20695|IFRD1_RAT	P20695	IFRD1_RAT	Ifrd1	449	Rattus norvegicus	2:Experimental evidence at transcript level	Interferon-related developmental regulator 1	1.0	0.999	3	9	9	9	1	1	1	2	1	3	1	1	1	2	1	3	1	1	1	2	1	3	3.6413228E7	3.7574096E7	5.2401504E7	8.9538032E7	8.6196816E7	9.0126792E7	2.8373028E7	2.6944376E7	3.167848E7	6.5353004E7	6.3919336E7	6.6156052E7	
sp|P20759|IGHG1_RAT	P20759	IGHG1_RAT		326	Rattus norvegicus	1:Experimental evidence at protein level	Ig gamma-1 chain C region	0.9685	0.999	2	3	3	5	0	0	0	1	1	1	0	0	0	1	1	1	0	0	0	2	1	2	0.0	0.0	0.0	0.0	2556780.8	0.0	0.0	0.0	0.0	0.0	0.0	0.0	
sp|P20760|IGG2A_RAT	P20760	IGG2A_RAT	Igg-2a	322	Rattus norvegicus	1:Experimental evidence at protein level	Ig gamma-2A chain C region	1.0	0.999	3	9	7	9	0	0	0	4	2	3	0	0	0	3	2	2	0	0	0	4	2	3	1.7797712E7	1.6306728E7	1.4523036E7	4.9632032E7	4.908928E7	5.1039316E7	7432475.5	6347610.0	7852174.0	2.4658682E7	2.2405508E7	2.328929E7	
sp|P20761|IGG2B_RAT	P20761	IGG2B_RAT	Igh-1a	333	Rattus norvegicus	1:Experimental evidence at protein level	Ig gamma-2B chain C region	1.0	0.999	4	13	13	13	1	2	2	1	4	3	1	2	2	1	4	3	1	2	2	1	4	3	1.0414796E7	2.0897194E7	1.7350584E7	4.062286E7	4.3431848E7	4.8773544E7	6704634.0	1.189149E7	9958531.0	2.1116758E7	2.2889926E7	2.5620966E7	
sp|P20762|IGG2C_RAT	P20762	IGG2C_RAT		329	Rattus norvegicus	2:Experimental evidence at transcript level	Ig gamma-2C chain C region	1.0	0.999	5	12	12	12	1	2	1	3	3	2	1	2	1	3	3	2	1	2	1	3	3	2	1.0673903E7	7817482.5	7733088.5	2.8318376E7	3.5021624E7	2.6371164E7	4224395.0	3629577.5	4241267.5	9637527.0	1.0124779E7	9959350.0	
sp|P20767|LAC2_RAT	P20767	LAC2_RAT		104	Rattus norvegicus	4:Protein predicted	Ig lambda-2 chain C region	1.0	0.999	2	8	8	8	1	0	1	1	2	3	1	0	1	1	2	3	1	0	1	1	2	3	1301046.0	0.0	0.0	1994115.5	8937073.0	6601815.5	1229528.6	0.0	0.0	2962395.8	5162075.0	6238919.5	
sp|P20788|UCRI_RAT	P20788	UCRI_RAT	Uqcrfs1	274	Rattus norvegicus	1:Experimental evidence at protein level	Cytochrome b-c1 complex subunit Rieske, mitochondrial	1.0	0.999	5	16	16	16	4	4	2	3	2	1	4	4	2	3	2	1	4	4	2	3	2	1	3.9303736E7	4.0865552E7	4.0192736E7	3.4304044E7	2.273972E7	3.1346672E7	1.0841578E7	1.3460439E7	1.3558865E7	7943178.0	6505992.5	7785715.0	
sp|P21139|MA2C1_RAT	P21139	MA2C1_RAT	Man2c1	1040	Rattus norvegicus	1:Experimental evidence at protein level	Alpha-mannosidase 2C1	1.0	0.999	3	3	3	3	0	0	0	2	0	1	0	0	0	2	0	1	0	0	0	2	0	1	3946164.0	1929220.1	0.0	7217537.0	835632.56	4043209.0	2612151.2	1667736.2	0.0	4551967.0	1731062.2	2000332.0	
sp|P21531|RL3_RAT	P21531	RL3_RAT	Rpl3	403	Rattus norvegicus	1:Experimental evidence at protein level	Large ribosomal subunit protein uL3	1.0	0.999	19	426	426	426	76	84	72	66	69	59	76	84	72	66	69	59	76	84	72	66	69	59	5.7247386E9	5.6041196E9	5.4557594E9	5.1595781E9	4.7450716E9	5.0877548E9	7.5477568E8	7.628327E8	7.2267891E8	6.4452826E8	6.5057958E8	6.3514931E8	
sp|P21533|RL6_RAT	P21533	RL6_RAT	Rpl6	298	Rattus norvegicus	1:Experimental evidence at protein level	Large ribosomal subunit protein eL6	1.0	0.999	12	190	190	190	36	30	40	27	26	31	36	30	40	27	26	31	36	30	40	27	26	31	5.4481121E9	5.6570573E9	5.9905654E9	4.4523689E9	4.6764288E9	4.5782057E9	8.6038624E8	9.3765472E8	9.8857152E8	7.1532576E8	7.528791E8	7.3302694E8	
sp|P21571|ATP5J_RAT	P21571	ATP5J_RAT	Atp5pf	108	Rattus norvegicus	1:Experimental evidence at protein level	ATP synthase peripheral stalk subunit F6, mitochondrial	1.0	0.999	2	8	8	8	1	1	2	1	2	1	1	1	2	1	2	1	1	1	2	1	2	1	4.132778E7	3.8558424E7	8.2420256E7	1.824263E7	1.3983278E7	2.208612E7	2.909861E7	2.7449184E7	2.710731E7	1.2268005E7	8709268.0	1.5588329E7	
sp|P21670|PSA4_RAT	P21670	PSA4_RAT	Psma4	261	Rattus norvegicus	1:Experimental evidence at protein level	Proteasome subunit alpha type-4	1.0	0.999	8	54	54	54	9	9	9	9	8	10	9	9	9	9	8	10	9	9	9	9	8	10	1.81529984E8	1.62401888E8	2.16764064E8	2.07288688E8	1.56569104E8	1.63215536E8	3.5982024E7	3.7412424E7	4.0072284E7	3.8654464E7	3.6870492E7	3.7061564E7	
sp|P21708|MK03_RAT	P21708	MK03_RAT	Mapk3	380	Rattus norvegicus	1:Experimental evidence at protein level	Mitogen-activated protein kinase 3	1.0	0.999	4	7	7	10	2	1	1	1	1	1	2	1	1	1	1	1	3	2	1	2	1	1	9761285.0	8704907.0	9431680.0	1.2311838E7	1.1744006E7	1.4653436E7	5914198.5	5398409.0	5362579.0	7606073.5	7209348.5	8815687.0	
sp|P21744|IBP4_RAT	P21744	IBP4_RAT	Igfbp4	254	Rattus norvegicus	1:Experimental evidence at protein level	Insulin-like growth factor-binding protein 4	0.9583	0.9987	1	1	1	1	0	0	0	0	0	1	0	0	0	0	0	1	0	0	0	0	0	1	1371440.0	1742877.4	1576204.4	5404386.5	5296955.5	6955670.5	1371440.0	1742877.4	1576204.4	5404386.5	5296955.5	6955670.5	
sp|P21913|SDHB_RAT	P21913	SDHB_RAT	Sdhb	282	Rattus norvegicus	2:Experimental evidence at transcript level	Succinate dehydrogenase [ubiquinone] iron-sulfur subunit, mitochondrial	1.0	0.999	6	18	18	18	4	5	3	2	2	2	4	5	3	2	2	2	4	5	3	2	2	2	4.5287116E7	4.5678652E7	2.7148756E7	3.249602E7	2.99402E7	3.5160792E7	2.1394444E7	1.8612662E7	1.2278379E7	1.481278E7	1.3437699E7	1.6210476E7	
sp|P22062|PIMT_RAT	P22062	PIMT_RAT	Pcmt1	227	Rattus norvegicus	1:Experimental evidence at protein level	Protein-L-isoaspartate(D-aspartate) O-methyltransferase	1.0	0.999	3	15	15	15	3	3	3	2	2	2	3	3	3	2	2	2	3	3	3	2	2	2	2.9810488E7	3.9676424E7	3.850516E7	3.0800532E7	2.8222998E7	2.312488E7	1.3041807E7	1.7539768E7	1.7611574E7	1.4276E7	1.6176917E7	1.4044485E7	
sp|P22509|FBRL_RAT	P22509	FBRL_RAT	Fbl	327	Rattus norvegicus	1:Experimental evidence at protein level	rRNA 2'-O-methyltransferase fibrillarin	1.0	0.999	9	41	41	41	7	7	6	7	7	7	7	7	6	7	7	7	7	7	6	7	7	7	1.9788168E8	2.18459504E8	2.05227328E8	2.05997312E8	2.13725936E8	2.15102192E8	5.071374E7	5.6359736E7	5.5161196E7	5.2418152E7	5.4286384E7	5.2375216E7	
sp|P22734|COMT_RAT	P22734	COMT_RAT	Comt	264	Rattus norvegicus	1:Experimental evidence at protein level	Catechol O-methyltransferase	1.0	0.999	4	9	9	9	3	1	1	2	1	1	3	1	1	2	1	1	3	1	1	2	1	1	1.1834368E7	1.061471E7	1.1148951E7	1.7967316E7	2.0725648E7	1.374158E7	7591107.0	8062875.0	8526186.0	1.2101192E7	1.1561595E7	9832940.0	
sp|P22791|HMCS2_RAT	P22791	HMCS2_RAT	Hmgcs2	508	Rattus norvegicus	1:Experimental evidence at protein level	Hydroxymethylglutaryl-CoA synthase, mitochondrial	1.0	0.999	9	25	20	25	0	0	0	10	8	7	0	0	0	8	6	6	0	0	0	10	8	7	1499160.2	924261.9	1.8503104E7	1.28125896E8	1.22229288E8	1.22636016E8	1083395.4	859662.1	1.720986E7	2.4489884E7	2.4136822E7	2.1961868E7	
sp|P22985|XDH_RAT	P22985	XDH_RAT	Xdh	1331	Rattus norvegicus	1:Experimental evidence at protein level	Xanthine dehydrogenase/oxidase	1.0	0.999	26	79	74	79	5	2	2	25	23	22	5	2	2	24	21	20	5	2	2	25	23	22	1.62753264E8	1.37195856E8	1.11837064E8	5.03944448E8	4.22232672E8	4.0410368E8	2.4645118E7	1.6703639E7	1.5741959E7	7.8968192E7	6.8576584E7	6.7174656E7	
sp|P23358|RL12_RAT	P23358	RL12_RAT	Rpl12	165	Rattus norvegicus	2:Experimental evidence at transcript level	Large ribosomal subunit protein uL11	1.0	0.999	7	162	162	162	29	35	31	22	22	23	29	35	31	22	22	23	29	35	31	22	22	23	3.60211891E9	3.59216666E9	3.62722816E9	3.29369062E9	3.42291661E9	3.32615347E9	7.1522189E8	7.4292064E8	7.3503686E8	6.4575962E8	6.8330387E8	6.5934848E8	
sp|P23457|DIDH_RAT	P23457	DIDH_RAT	Akr1c9	322	Rattus norvegicus	1:Experimental evidence at protein level	3-alpha-hydroxysteroid dehydrogenase	1.0	0.999	8	41	35	41	7	6	8	5	6	9	6	5	7	4	5	8	7	6	8	5	6	9	9.8597664E7	8.1808E7	9.040588E7	9.7823056E7	9.1916888E7	9.4023488E7	1.9728872E7	1.7222018E7	1.8148472E7	1.9166634E7	1.8651918E7	1.8896948E7	
sp|P23514|COPB_RAT	P23514	COPB_RAT	Copb1	953	Rattus norvegicus	1:Experimental evidence at protein level	Coatomer subunit beta	1.0	0.999	18	63	63	63	14	5	4	16	11	13	14	5	4	16	11	13	14	5	4	16	11	13	1.334858E8	7.6047704E7	4.8331864E7	2.28865216E8	1.90149504E8	1.71252592E8	1.9731336E7	1.0143845E7	8022788.5	3.2715146E7	2.5495106E7	2.5387744E7	
sp|P23640|RB27A_RAT	P23640	RB27A_RAT	Rab27a	221	Rattus norvegicus	1:Experimental evidence at protein level	Ras-related protein Rab-27A	0.9578	0.9986	2	2	2	7	0	0	0	1	0	1	0	0	0	1	0	1	1	1	1	2	1	1	1656566.9	1693620.5	1007907.4	3190209.8	2781225.2	3134351.0	1656566.9	1693620.5	1007907.4	3190209.8	2781225.2	3134351.0	
sp|P23680|SAMP_RAT	P23680	SAMP_RAT	Apcs	228	Rattus norvegicus	2:Experimental evidence at transcript level	Serum amyloid P-component	1.0	0.999	3	9	9	9	0	0	1	2	3	3	0	0	1	2	3	3	0	0	1	2	3	3	1411686.9	2020233.4	4368146.0	1.2773602E7	1.938227E7	3.0316256E7	1411686.9	2020233.4	2700341.0	7900120.5	1.1986378E7	1.2002599E7	
sp|P23764|GPX3_RAT	P23764	GPX3_RAT	Gpx3	226	Rattus norvegicus	2:Experimental evidence at transcript level	Glutathione peroxidase 3	1.0	0.999	6	29	25	29	4	3	3	6	6	7	3	3	3	5	5	6	4	3	3	6	6	7	4.4629508E7	5.2004536E7	5.9476312E7	1.21181064E8	1.19707152E8	1.11228528E8	1.7024338E7	1.9162064E7	2.0699486E7	4.1542016E7	4.2721208E7	4.2390472E7	
sp|P23785|GRN_RAT	P23785	GRN_RAT	Grn	588	Rattus norvegicus	1:Experimental evidence at protein level	Progranulin	1.0	0.999	5	14	14	14	1	1	1	2	4	5	1	1	1	2	4	5	1	1	1	2	4	5	2.3470088E7	2.6676308E7	2.0507056E7	3.5624512E7	3.5514416E7	4.0005736E7	8603852.0	9123351.0	7222730.0	1.2437714E7	1.2730951E7	1.2905048E7	
sp|P23811|SCTR_RAT	P23811	SCTR_RAT	Sctr	449	Rattus norvegicus	1:Experimental evidence at protein level	Secretin receptor	0.7276	0.9886	1	6	6	6	1	1	1	1	1	1	1	1	1	1	1	1	1	1	1	1	1	1	3.7445988E7	2.9467918E7	3.3744396E7	2.48874E7	2.4157008E7	2.0859624E7	3.7445988E7	2.9467918E7	3.3744396E7	2.48874E7	2.4157008E7	2.0859624E7	
sp|P23965|ECI1_RAT	P23965	ECI1_RAT	Eci1	289	Rattus norvegicus	1:Experimental evidence at protein level	Enoyl-CoA delta isomerase 1, mitochondrial	1.0	0.999	9	60	60	60	11	11	11	9	10	8	11	11	11	9	10	8	11	11	11	9	10	8	4.35356928E8	4.53396256E8	4.28410112E8	3.10103232E8	3.14966816E8	3.0254768E8	1.23143688E8	1.28943512E8	1.26047928E8	8.6203216E7	8.277112E7	7.9588136E7	
sp|P24049|RL17_RAT	P24049	RL17_RAT	Rpl17	184	Rattus norvegicus	2:Experimental evidence at transcript level	Large ribosomal subunit protein uL22	1.0	0.999	6	125	125	125	25	23	20	19	18	20	25	23	20	19	18	20	25	23	20	19	18	20	2.44989235E9	2.71995085E9	2.39059174E9	2.21533747E9	2.32963712E9	2.50088986E9	7.4610003E8	8.1924032E8	7.1059488E8	6.43344E8	6.7534464E8	6.9730867E8	
sp|P24050|RS5_RAT	P24050	RS5_RAT	Rps5	204	Rattus norvegicus	1:Experimental evidence at protein level	Small ribosomal subunit protein uS7	1.0	0.999	9	99	99	99	20	17	20	14	14	14	20	17	20	14	14	14	20	17	20	14	14	14	1.47194957E9	1.18302643E9	1.09422349E9	1.22717158E9	1.16426906E9	1.17899584E9	3.9525648E8	3.26267136E8	3.07821984E8	2.99007168E8	3.09181088E8	3.14403552E8	
sp|P24051|RS27L_RAT	P24051	RS27L_RAT	Rps27l	84	Rattus norvegicus	1:Experimental evidence at protein level	Small ribosomal subunit protein eS27-like	1.0	0.999	3	25	25	55	4	5	4	3	5	4	4	5	4	3	5	4	10	12	10	7	8	8	4.24283104E8	3.47017216E8	3.37161152E8	3.61876736E8	3.14899936E8	3.27791744E8	2.41006944E8	1.98431328E8	1.94403568E8	2.04346208E8	1.79260864E8	1.8590352E8	
sp|P24090|FETUA_RAT	P24090	FETUA_RAT	Ahsg	352	Rattus norvegicus	1:Experimental evidence at protein level	Alpha-2-HS-glycoprotein	1.0	0.999	9	107	107	107	14	15	12	21	23	22	14	15	12	21	23	22	14	15	12	21	23	22	8.6608678E8	8.2690957E8	8.4055635E8	2.31008896E9	2.38031462E9	2.3206441E9	1.31189888E8	1.27585024E8	1.25019472E8	3.46092E8	3.64726976E8	3.63083712E8	
sp|P24155|THOP1_RAT	P24155	THOP1_RAT	Thop1	687	Rattus norvegicus	1:Experimental evidence at protein level	Thimet oligopeptidase	1.0	0.999	14	44	44	44	8	7	6	10	6	7	8	7	6	10	6	7	8	7	6	10	6	7	1.00583792E8	8.994284E7	8.2904736E7	1.34808672E8	1.339868E8	1.3086952E8	2.2002094E7	1.9441146E7	1.7676174E7	2.8126216E7	2.7120332E7	2.7755616E7	
sp|P24268|CATD_RAT	P24268	CATD_RAT	Ctsd	407	Rattus norvegicus	1:Experimental evidence at protein level	Cathepsin D	1.0	0.999	10	77	65	77	13	12	14	13	14	11	11	9	11	11	13	10	13	12	14	13	14	11	3.29920352E8	2.87331296E8	3.2016064E8	4.29000576E8	4.30414176E8	3.84512224E8	4.5581552E7	4.3169864E7	4.3160704E7	6.185358E7	6.3298176E7	5.877446E7	
sp|P24329|THTR_RAT	P24329	THTR_RAT	Tst	297	Rattus norvegicus	1:Experimental evidence at protein level	Thiosulfate sulfurtransferase	1.0	0.999	9	62	62	62	13	15	15	7	6	6	13	15	15	7	6	6	13	15	15	7	6	6	8.9503763E8	8.0074938E8	8.7558362E8	4.15338688E8	4.0797984E8	4.12629664E8	1.58383536E8	1.49845888E8	1.5318272E8	8.2539432E7	7.8717512E7	8.0818712E7	
sp|P24368|PPIB_RAT	P24368	PPIB_RAT	Ppib	216	Rattus norvegicus	1:Experimental evidence at protein level	Peptidyl-prolyl cis-trans isomerase B	1.0	0.999	10	275	275	275	49	56	53	41	37	39	49	56	53	41	37	39	49	56	53	41	37	39	3.96996736E9	4.5927762E9	4.7769615E9	3.11658573E9	3.35224525E9	3.49038131E9	8.3615226E8	1.01333786E9	1.05748986E9	5.9117069E8	6.6495008E8	6.8428352E8	
sp|P24473|GSTK1_RAT	P24473	GSTK1_RAT	Gstk1	226	Rattus norvegicus	1:Experimental evidence at protein level	Glutathione S-transferase kappa 1	0.9996	0.999	2	2	2	2	2	0	0	0	0	0	2	0	0	0	0	0	2	0	0	0	0	0	7982943.0	2563953.0	6979249.0	5761669.0	2941445.2	4900161.5	5466458.5	5733352.0	4227081.0	3913748.2	2572266.0	2421059.5	
sp|P24483|ADX_RAT	P24483	ADX_RAT	Fdx1	188	Rattus norvegicus	2:Experimental evidence at transcript level	Adrenodoxin, mitochondrial	1.0	0.999	3	9	9	9	3	2	1	1	1	1	3	2	1	1	1	1	3	2	1	1	1	1	3.4989364E7	4.3571624E7	4.0857088E7	1.5174462E7	5701816.5	1.4840876E7	1.4861936E7	1.9402038E7	1.7578048E7	9198453.0	9071483.0	8676433.0	
sp|P24528|MGMT_RAT	P24528	MGMT_RAT	Mgmt	209	Rattus norvegicus	1:Experimental evidence at protein level	Methylated-DNA--protein-cysteine methyltransferase	1.0	0.999	2	4	4	4	0	2	1	1	0	0	0	2	1	1	0	0	0	2	1	1	0	0	2.1939354E7	2.0632218E7	5405774.0	1.6747165E7	2018156.9	2690221.0	1.0579886E7	8983962.0	8360509.0	7539840.0	3121258.8	4160665.5	
sp|P25030|K1C20_RAT	P25030	K1C20_RAT	Krt20	429	Rattus norvegicus	1:Experimental evidence at protein level	Keratin, type I cytoskeletal 20	1.0	0.999	9	29	23	35	6	7	7	6	2	1	4	5	6	5	2	1	7	8	8	7	3	2	1.29540992E8	9.7331056E7	8.2778928E7	5.350424E7	6.075976E7	6.347468E7	1.880614E7	2.5793978E7	2.3338474E7	1.7790844E7	1.8998918E7	2.0311982E7	
sp|P25031|REG3B_RAT	P25031	REG3B_RAT	Reg3b	175	Rattus norvegicus	1:Experimental evidence at protein level	Regenerating islet-derived protein 3-beta	1.0	0.999	3	34	34	34	0	0	0	9	10	15	0	0	0	9	10	15	0	0	0	9	10	15	1716378.2	2787933.2	2764789.8	3.63918694E9	3.8020759E9	3.82906112E9	1726455.9	2804302.5	2781023.0	1.80110771E9	1.8804672E9	1.87702246E9	
sp|P25093|FAAA_RAT	P25093	FAAA_RAT	Fah	419	Rattus norvegicus	1:Experimental evidence at protein level	Fumarylacetoacetase	1.0	0.999	12	72	72	72	11	15	14	10	10	12	11	15	14	10	10	12	11	15	14	10	10	12	2.32932704E8	2.44706656E8	2.30632656E8	2.21339728E8	2.41886608E8	2.21716E8	3.385296E7	3.6883764E7	3.7414456E7	3.785034E7	3.5871372E7	3.4318688E7	
sp|P25113|PGAM1_RAT	P25113	PGAM1_RAT	Pgam1	254	Rattus norvegicus	1:Experimental evidence at protein level	Phosphoglycerate mutase 1	1.0	0.999	11	130	103	130	24	24	24	20	19	19	19	19	20	15	15	15	24	24	24	20	19	19	1.07155066E9	1.24434266E9	1.40391091E9	1.03890483E9	1.17415232E9	1.1485847E9	1.74530272E8	2.0914944E8	2.30006912E8	1.59137472E8	1.91354656E8	1.86794064E8	
sp|P25235|RPN2_RAT	P25235	RPN2_RAT	Rpn2	631	Rattus norvegicus	2:Experimental evidence at transcript level	Dolichyl-diphosphooligosaccharide--protein glycosyltransferase subunit 2	1.0	0.999	9	34	34	34	4	2	3	10	8	7	4	2	3	10	8	7	4	2	3	10	8	7	1.42420896E8	7.4452024E7	6.5926904E7	2.75676992E8	2.43922144E8	2.3902992E8	4.1472484E7	2.0124468E7	1.808804E7	9.0078864E7	7.7713208E7	7.9260112E7	
sp|P25286|VPP1_RAT	P25286	VPP1_RAT	Atp6v0a1	838	Rattus norvegicus	1:Experimental evidence at protein level	V-type proton ATPase 116 kDa subunit a 1	0.9685	0.999	1	3	3	3	0	0	0	1	1	1	0	0	0	1	1	1	0	0	0	1	1	1	0.0	825469.4	1314808.6	5451127.5	4515705.5	6253441.5	0.0	825469.4	1314808.6	5451127.5	4515705.5	6253441.5	
sp|P25409|ALAT1_RAT	P25409	ALAT1_RAT	Gpt	496	Rattus norvegicus	1:Experimental evidence at protein level	Alanine aminotransferase 1	1.0	0.999	9	24	24	24	5	4	5	4	2	4	5	4	5	4	2	4	5	4	5	4	2	4	6.3724852E7	6.3619944E7	6.259972E7	6.5110112E7	6.0928432E7	6.4373856E7	1.4560535E7	1.4849845E7	1.4028582E7	1.5334178E7	1.481991E7	1.4616222E7	
sp|P25691|K2M3_SHEEP	P25691	K2M3_SHEEP		502	Ovis aries	1:Experimental evidence at protein level	Keratin, type II microfibrillar, component 5	1.0	0.999	9	3	3	14	3	0	0	0	0	0	3	0	0	0	0	0	9	1	1	1	1	1	2.4185952E7	0.0	0.0	0.0	0.0	0.0	0.0	0.0	0.0	0.0	0.0	0.0	
sp|P25886|RL29_RAT	P25886	RL29_RAT	Rpl29	156	Rattus norvegicus	1:Experimental evidence at protein level	Large ribosomal subunit protein eL29	0.9676	0.999	1	12	12	12	2	2	2	2	2	2	2	2	2	2	2	2	2	2	2	2	2	2	3.66647776E8	4.10122336E8	3.86254432E8	2.34914096E8	3.08954336E8	3.44429088E8	3.66647776E8	4.10122336E8	3.86254432E8	2.34914096E8	3.08954336E8	3.44429088E8	
sp|P26051|CD44_RAT	P26051	CD44_RAT	Cd44	503	Rattus norvegicus	1:Experimental evidence at protein level	CD44 antigen	0.9685	0.999	1	1	1	1	0	0	0	1	0	0	0	0	0	1	0	0	0	0	0	1	0	0	0.0	0.0	0.0	2731884.0	0.0	2391551.5	0.0	0.0	0.0	2731884.0	0.0	2391551.5	
sp|P26284|ODPA_RAT	P26284	ODPA_RAT	Pdha1	390	Rattus norvegicus	1:Experimental evidence at protein level	Pyruvate dehydrogenase E1 component subunit alpha, somatic form, mitochondrial	1.0	0.999	7	47	47	47	7	11	9	8	6	6	7	11	9	8	6	6	7	11	9	8	6	6	1.69332288E8	1.9312144E8	1.57862256E8	1.48330704E8	1.419068E8	1.46438704E8	4.3783736E7	5.0291248E7	4.0375576E7	3.7073556E7	3.7228808E7	3.8119716E7	
sp|P26453|BASI_RAT	P26453	BASI_RAT	Bsg	388	Rattus norvegicus	1:Experimental evidence at protein level	Basigin	1.0	0.999	3	9	9	9	2	1	0	2	2	2	2	1	0	2	2	2	2	1	0	2	2	2	2.1216708E7	3.2395522E7	1.871872E7	3.5488928E7	4.2072232E7	4.4541752E7	1.1614596E7	1.3533126E7	1.2675292E7	1.8749238E7	1.7333622E7	1.8126402E7	
sp|P26644|APOH_RAT	P26644	APOH_RAT	Apoh	297	Rattus norvegicus	2:Experimental evidence at transcript level	Beta-2-glycoprotein 1	1.0	0.999	4	17	17	17	1	2	1	4	4	5	1	2	1	4	4	5	1	2	1	4	4	5	3.2500942E7	3.1375284E7	3.6386568E7	9.1855712E7	9.4640952E7	7.6867184E7	1.1566866E7	1.2522871E7	1.2164173E7	3.5710192E7	3.6714064E7	3.4238416E7	
sp|P26772|CH10_RAT	P26772	CH10_RAT	Hspe1	102	Rattus norvegicus	1:Experimental evidence at protein level	10 kDa heat shock protein, mitochondrial	1.0	0.999	6	74	74	74	14	17	17	8	9	9	14	17	17	8	9	9	14	17	17	8	9	9	1.49824269E9	1.95344704E9	2.05022195E9	9.3380614E8	1.07608269E9	1.12721523E9	4.08895328E8	5.516361E8	5.9544986E8	2.27397456E8	2.799632E8	2.97614976E8	
sp|P27008|PARP1_RAT	P27008	PARP1_RAT	Parp1	1014	Rattus norvegicus	1:Experimental evidence at protein level	Poly [ADP-ribose] polymerase 1	1.0	0.999	9	30	30	30	5	5	4	5	6	5	5	5	4	5	6	5	5	5	4	5	6	5	3.886534E7	3.2635458E7	5.2455616E7	5.5136004E7	6.383736E7	6.5713868E7	1.3316875E7	1.1199743E7	1.2276072E7	1.6174149E7	1.6727347E7	1.8080176E7	
sp|P27139|CAH2_RAT	P27139	CAH2_RAT	Ca2	260	Rattus norvegicus	1:Experimental evidence at protein level	Carbonic anhydrase 2	1.0	0.999	9	38	38	38	5	5	6	8	8	6	5	5	6	8	8	6	5	5	6	8	8	6	7.313088E7	9.4043704E7	9.2679448E7	1.93126416E8	2.270128E8	1.91470256E8	1.4525797E7	1.6682888E7	1.6391058E7	3.418698E7	3.8277672E7	3.5241712E7	
sp|P27213|PTPS_RAT	P27213	PTPS_RAT	Pts	144	Rattus norvegicus	1:Experimental evidence at protein level	6-pyruvoyl tetrahydrobiopterin synthase	1.0	0.999	3	8	8	8	1	0	2	1	2	2	1	0	2	1	2	2	1	0	2	1	2	2	0.0	2186946.0	2300793.0	714518.25	0.0	0.0	0.0	2186946.0	2300793.0	714518.25	0.0	0.0	
sp|P27274|CD59_RAT	P27274	CD59_RAT	Cd59	126	Rattus norvegicus	1:Experimental evidence at protein level	CD59 glycoprotein	0.9685	0.999	1	2	2	2	0	0	0	0	1	1	0	0	0	0	1	1	0	0	0	0	1	1	0.0	0.0	0.0	4238173.5	4518559.5	5649201.5	0.0	0.0	0.0	4238173.5	4518559.5	5649201.5	
sp|P27321|ICAL_RAT	P27321	ICAL_RAT	Cast	713	Rattus norvegicus	1:Experimental evidence at protein level	Calpastatin	1.0	0.999	9	31	31	31	6	5	7	4	4	5	6	5	7	4	4	5	6	5	7	4	4	5	4.90098E7	5.73552E7	7.6892744E7	5.1570252E7	4.0542712E7	6.0773604E7	1.6517679E7	1.7413228E7	2.1546576E7	1.9518262E7	2.2077018E7	2.0889174E7	
sp|P27605|HPRT_RAT	P27605	HPRT_RAT	Hprt1	218	Rattus norvegicus	1:Experimental evidence at protein level	Hypoxanthine-guanine phosphoribosyltransferase	1.0	0.999	9	50	50	50	11	8	10	8	7	6	11	8	10	8	7	6	11	8	10	8	7	6	2.53827504E8	2.44325648E8	2.43818384E8	2.16830688E8	2.36961424E8	2.29949792E8	6.1652668E7	5.9747628E7	5.9500404E7	5.7552224E7	5.8102052E7	5.7039628E7	
sp|P27653|C1TC_RAT	P27653	C1TC_RAT	Mthfd1	935	Rattus norvegicus	1:Experimental evidence at protein level	C-1-tetrahydrofolate synthase, cytoplasmic	1.0	0.999	21	68	68	68	11	11	10	9	13	14	11	11	10	9	13	14	11	11	10	9	13	14	1.8517888E8	1.86085152E8	2.05685616E8	2.60267424E8	2.2478384E8	2.65447376E8	2.9833108E7	2.58612E7	2.3332062E7	3.114035E7	2.9589288E7	3.1224112E7	
sp|P27657|LIPP_RAT	P27657	LIPP_RAT	Pnlip	465	Rattus norvegicus	1:Experimental evidence at protein level	Pancreatic triacylglycerol lipase	1.0	0.999	24	1199	1199	1199	182	180	178	220	216	223	182	180	178	220	216	223	182	180	178	220	216	223	2.48106066E10	2.38739108E10	2.53483397E10	5.0253787E10	4.6967607E10	4.5030191E10	2.42631322E9	2.23749658E9	2.41457894E9	4.5339694E9	4.15616435E9	4.29374387E9	
sp|P27867|DHSO_RAT	P27867	DHSO_RAT	Sord	357	Rattus norvegicus	1:Experimental evidence at protein level	Sorbitol dehydrogenase	1.0	0.999	4	13	13	13	3	2	2	2	2	2	3	2	2	2	2	2	3	2	2	2	2	2	2.2663892E7	2.4493364E7	2.5304948E7	2.7540636E7	2.4931166E7	2.4240556E7	9228310.0	9284368.0	8943580.0	1.037514E7	9562865.0	9033920.0	
sp|P27952|RS2_RAT	P27952	RS2_RAT	Rps2	293	Rattus norvegicus	1:Experimental evidence at protein level	Small ribosomal subunit protein uS5	1.0	0.999	14	160	160	160	35	31	27	22	21	24	35	31	27	22	21	24	35	31	27	22	21	24	3.81283482E9	3.63616819E9	3.41536205E9	2.91848166E9	2.88554138E9	2.79007232E9	6.3641933E8	6.2224026E8	6.176592E8	5.03936544E8	4.82038496E8	4.85093216E8	
sp|P28023|DCTN1_RAT	P28023	DCTN1_RAT	Dctn1	1280	Rattus norvegicus	1:Experimental evidence at protein level	Dynactin subunit 1	1.0	0.999	4	13	13	13	1	2	1	3	4	2	1	2	1	3	4	2	1	2	1	3	4	2	1.6495E7	1.1707241E7	1.3155267E7	1.9327308E7	1.7350744E7	1.7926066E7	6910053.0	5171482.5	5562487.5	8098967.0	7607301.5	8026403.0	
sp|P28037|AL1L1_RAT	P28037	AL1L1_RAT	Aldh1l1	902	Rattus norvegicus	1:Experimental evidence at protein level	Cytosolic 10-formyltetrahydrofolate dehydrogenase	1.0	0.999	39	222	222	222	43	39	31	36	34	39	43	39	31	36	34	39	43	39	31	36	34	39	1.16914022E9	9.1734259E8	8.4965594E8	1.04359782E9	8.6977786E8	9.7905389E8	7.2468704E7	5.4785124E7	5.3000532E7	6.906016E7	6.1683484E7	6.1844812E7	
sp|P28042|SSBP_RAT	P28042	SSBP_RAT	Ssbp1	151	Rattus norvegicus	1:Experimental evidence at protein level	Single-stranded DNA-binding protein, mitochondrial	1.0	0.999	4	32	32	32	7	7	9	3	3	3	7	7	9	3	3	3	7	7	9	3	3	3	1.83162416E8	2.18643456E8	2.35972608E8	7.6814176E7	9.0945592E7	1.23181936E8	5.5590448E7	6.6088308E7	7.0863104E7	2.491558E7	2.8407826E7	3.2829072E7	
sp|P28064|PSB8_RAT	P28064	PSB8_RAT	Psmb8	276	Rattus norvegicus	1:Experimental evidence at protein level	Proteasome subunit beta type-8	0.9685	0.999	1	2	2	2	0	0	0	1	0	1	0	0	0	1	0	1	0	0	0	1	0	1	3544447.5	3270781.2	3905594.2	758551.8	5059522.5	5923804.0	3544447.5	3270781.2	3905594.2	758551.8	5059522.5	5923804.0	
sp|P28073|PSB6_RAT	P28073	PSB6_RAT	Psmb6	238	Rattus norvegicus	1:Experimental evidence at protein level	Proteasome subunit beta type-6	1.0	0.999	6	32	32	32	5	7	8	4	4	4	5	7	8	4	4	4	5	7	8	4	4	4	2.50102304E8	3.24086304E8	3.11536032E8	1.94642768E8	2.11795728E8	2.20173712E8	6.7285376E7	8.6507768E7	8.7513552E7	5.6987608E7	5.5545772E7	5.9855036E7	
sp|P28075|PSB5_RAT	P28075	PSB5_RAT	Psmb5	263	Rattus norvegicus	1:Experimental evidence at protein level	Proteasome subunit beta type-5	1.0	0.999	7	47	47	47	9	8	7	8	8	7	9	8	7	8	8	7	9	8	7	8	8	7	3.55480928E8	3.65068544E8	3.339256E8	4.37639936E8	4.21684896E8	2.18919664E8	2.07907664E8	2.186332E8	1.90587456E8	1.76892208E8	1.6400896E8	1.47151536E8	
sp|P28077|PSB9_RAT	P28077	PSB9_RAT	Psmb9	219	Rattus norvegicus	1:Experimental evidence at protein level	Proteasome subunit beta type-9	0.9646	0.9989	1	5	5	5	0	1	1	1	1	1	0	1	1	1	1	1	0	1	1	1	1	1	8829060.0	1.0061338E7	1.0682294E7	1.167428E7	1.0653204E7	1.1337056E7	8829060.0	1.0061338E7	1.0682294E7	1.167428E7	1.0653204E7	1.1337056E7	
sp|P28480|TCPA_RAT	P28480	TCPA_RAT	Tcp1	556	Rattus norvegicus	1:Experimental evidence at protein level	T-complex protein 1 subunit alpha	1.0	0.999	18	98	98	98	18	15	18	15	15	17	18	15	18	15	15	17	18	15	18	15	15	17	3.20081632E8	2.8630384E8	2.98971744E8	2.96917056E8	2.89178432E8	2.86797088E8	3.0638104E7	2.9049614E7	2.7486284E7	3.098997E7	2.8805724E7	2.8311808E7	
sp|P28492|GLSL_RAT	P28492	GLSL_RAT	Gls2	602	Rattus norvegicus	2:Experimental evidence at transcript level	Glutaminase liver isoform, mitochondrial	0.9685	0.999	1	1	1	1	1	0	0	0	0	0	1	0	0	0	0	0	1	0	0	0	0	0	6266442.5	3991654.0	4812007.5	2828933.0	1332268.8	2048824.0	6266442.5	3991654.0	4812007.5	2828933.0	1332268.8	2048824.0	
sp|P28494|MA2A1_RAT	P28494	MA2A1_RAT	Man2a1	1148	Rattus norvegicus	1:Experimental evidence at protein level	Alpha-mannosidase 2	1.0	0.999	5	8	8	8	1	0	1	2	3	1	1	0	1	2	3	1	1	0	1	2	3	1	2797935.5	559511.8	915942.06	8202862.0	5974829.5	6582688.0	1565641.4	608764.6	996570.8	3277664.5	2944357.5	3055654.2	
sp|P28648|CD63_RAT	P28648	CD63_RAT	Cd63	238	Rattus norvegicus	1:Experimental evidence at protein level	CD63 antigen	0.6065	0.9804	1	2	2	2	1	0	0	0	0	1	1	0	0	0	0	1	1	0	0	0	0	1	4639816.0	1.19844872E8	1.48355392E8	0.0	7.4087923E8	7.6058438E8	4639816.0	1.19844872E8	1.48355392E8	0.0	7.4087923E8	7.6058438E8	
sp|P28841|NEC2_RAT	P28841	NEC2_RAT	Pcsk2	637	Rattus norvegicus	1:Experimental evidence at protein level	Neuroendocrine convertase 2	1.0	0.999	2	4	4	4	1	0	1	0	1	1	1	0	1	0	1	1	1	0	1	0	1	1	0.0	0.0	0.0	0.0	0.0	0.0	0.0	0.0	0.0	0.0	0.0	0.0	
sp|P29066|ARRB1_RAT	P29066	ARRB1_RAT	Arrb1	418	Rattus norvegicus	1:Experimental evidence at protein level	Beta-arrestin-1	1.0	0.999	2	5	2	5	1	2	1	0	1	0	0	1	1	0	0	0	1	2	1	0	1	0	1.0638909E7	1.4336983E7	1.4749973E7	1.4048199E7	1.2919098E7	3115930.0	6937035.0	8348757.5	8936095.0	7813994.0	8771292.0	7003292.5	
sp|P29117|PPIF_RAT	P29117	PPIF_RAT	Ppif	206	Rattus norvegicus	1:Experimental evidence at protein level	Peptidyl-prolyl cis-trans isomerase F, mitochondrial	1.0	0.999	2	8	8	8	1	2	2	1	1	1	1	2	2	1	1	1	1	2	2	1	1	1	6499950.5	7515895.0	1.6880426E7	0.0	4439814.5	5225149.0	7340859.5	8488238.0	6719233.5	0.0	5014200.5	5901134.5	
sp|P29266|3HIDH_RAT	P29266	3HIDH_RAT	Hibadh	335	Rattus norvegicus	1:Experimental evidence at protein level	3-hydroxyisobutyrate dehydrogenase, mitochondrial	1.0	0.999	10	61	61	61	12	13	11	8	8	9	12	13	11	8	8	9	12	13	11	8	8	9	3.69767712E8	3.83083136E8	3.6761888E8	2.0470504E8	1.93908816E8	2.20068928E8	7.1453104E7	7.085188E7	7.2580352E7	4.040622E7	3.7168768E7	4.0744128E7	
sp|P29314|RS9_RAT	P29314	RS9_RAT	Rps9	194	Rattus norvegicus	1:Experimental evidence at protein level	Small ribosomal subunit protein uS4	1.0	0.999	9	70	70	70	15	13	12	11	8	11	15	13	12	11	8	11	15	13	12	11	8	11	2.735712E9	2.30777651E9	2.3261289E9	2.09104794E9	1.85377702E9	1.87290739E9	4.3645504E8	3.66699424E8	3.69363296E8	3.32769088E8	2.94041248E8	2.98092288E8	
sp|P29315|RINI_RAT	P29315	RINI_RAT	Rnh1	456	Rattus norvegicus	1:Experimental evidence at protein level	Ribonuclease inhibitor	1.0	0.999	19	197	197	197	40	33	30	30	31	33	40	33	30	30	31	33	40	33	30	30	31	33	2.45396966E9	1.66144435E9	1.4247008E9	2.07636954E9	1.93414771E9	1.92226573E9	2.77467808E8	2.16402704E8	1.866352E8	2.71145632E8	2.60023344E8	2.48541632E8	
sp|P29410|KAD2_RAT	P29410	KAD2_RAT	Ak2	239	Rattus norvegicus	2:Experimental evidence at transcript level	Adenylate kinase 2, mitochondrial	1.0	0.999	9	65	65	65	12	15	14	9	7	8	12	15	14	9	7	8	12	15	14	9	7	8	4.31768544E8	4.7719664E8	5.10393376E8	2.6962688E8	2.69928192E8	2.97939552E8	1.01742208E8	1.18780248E8	1.20709336E8	6.1509296E7	6.5046788E7	6.98596E7	
sp|P29411|KAD3_RAT	P29411	KAD3_RAT	Ak3	227	Rattus norvegicus	2:Experimental evidence at transcript level	GTP:AMP phosphotransferase AK3, mitochondrial	1.0	0.999	12	65	65	65	12	14	15	8	9	7	12	14	15	8	9	7	12	14	15	8	9	7	4.84910112E8	5.5527789E8	5.7328499E8	2.71063296E8	2.55845472E8	2.73299488E8	6.461148E7	7.3922472E7	7.7151352E7	3.5824548E7	3.7273004E7	3.6454408E7	
sp|P29419|ATP5I_RAT	P29419	ATP5I_RAT	Atp5me	71	Rattus norvegicus	1:Experimental evidence at protein level	ATP synthase F(0) complex subunit e, mitochondrial	1.0	0.999	2	17	17	17	4	3	3	2	2	3	4	3	3	2	2	3	4	3	3	2	2	3	9.8456216E7	1.20066304E8	9.3903608E7	6.3432E7	6.1929744E7	6.1720568E7	5.189534E7	6.3371904E7	4.9366748E7	3.3433548E7	3.2622856E7	3.2506852E7	
sp|P29457|SERPH_RAT	P29457	SERPH_RAT	Serpinh1	417	Rattus norvegicus	1:Experimental evidence at protein level	Serpin H1	1.0	0.999	10	45	45	45	8	6	10	6	7	8	8	6	10	6	7	8	8	6	10	6	7	8	7.671816E7	9.7808072E7	1.08100752E8	7.7666608E7	1.04156672E8	1.18686488E8	1.7007616E7	2.2413552E7	1.8312788E7	1.7616104E7	1.9693546E7	2.15575E7	
sp|P29534|VCAM1_RAT	P29534	VCAM1_RAT	Vcam1	739	Rattus norvegicus	1:Experimental evidence at protein level	Vascular cell adhesion protein 1	0.9667	0.9989	2	4	4	4	1	0	0	1	1	1	1	0	0	1	1	1	1	0	0	1	1	1	1.2275338E7	1.1784057E7	1.483145E7	9644508.0	9051600.0	9199810.0	1.2275338E7	1.1784057E7	1.483145E7	9644508.0	9051600.0	9199810.0	
sp|P29995|ITPR2_RAT	P29995	ITPR2_RAT	Itpr2	2701	Rattus norvegicus	1:Experimental evidence at protein level	Inositol 1,4,5-trisphosphate-gated calcium channel ITPR2	0.9648	0.9989	1	1	1	1	0	0	0	0	0	1	0	0	0	0	0	1	0	0	0	0	0	1	0.0	0.0	0.0	0.0	0.0	0.0	0.0	0.0	0.0	0.0	0.0	0.0	
sp|P30009|MARCS_RAT	P30009	MARCS_RAT	Marcks	309	Rattus norvegicus	1:Experimental evidence at protein level	Myristoylated alanine-rich C-kinase substrate	1.0	0.999	8	43	43	43	9	7	8	6	6	7	9	7	8	6	6	7	9	7	8	6	6	7	1.75918224E8	1.89586352E8	2.22017856E8	1.5154104E8	1.73200896E8	1.67858528E8	5.517572E7	5.4442932E7	6.5359904E7	4.5891924E7	4.9555832E7	4.9825252E7	
sp|P30152|NGAL_RAT	P30152	NGAL_RAT	Lcn2	198	Rattus norvegicus	1:Experimental evidence at protein level	Neutrophil gelatinase-associated lipocalin	1.0	0.999	4	15	15	15	0	0	0	5	5	5	0	0	0	5	5	5	0	0	0	5	5	5	0.0	0.0	0.0	3.06001984E8	2.58886864E8	3.42565088E8	0.0	0.0	0.0	1.23970448E8	1.37964E8	1.42080272E8	
sp|P30349|LKHA4_RAT	P30349	LKHA4_RAT	Lta4h	611	Rattus norvegicus	1:Experimental evidence at protein level	Leukotriene A-4 hydrolase	1.0	0.999	14	58	58	58	11	6	9	10	11	11	11	6	9	10	11	11	11	6	9	10	11	11	1.5591424E8	1.11501008E8	1.23105872E8	1.93572432E8	1.8216704E8	1.82011776E8	2.310213E7	1.7948446E7	1.840178E7	2.984871E7	2.6728794E7	2.7792382E7	
sp|P30427|PLEC_RAT	P30427	PLEC_RAT	Plec	4687	Rattus norvegicus	1:Experimental evidence at protein level	Plectin	1.0	0.999	16	23	23	31	3	2	2	5	5	6	3	2	2	5	5	6	5	4	2	6	7	7	1.0311564E7	2696800.8	873198.3	4.2232088E7	4.0746752E7	6.0334208E7	4164237.5	2219109.2	2589275.5	1.0041009E7	1.0036095E7	8897958.0	
sp|P30551|CCKAR_RAT	P30551	CCKAR_RAT	Cckar	444	Rattus norvegicus	1:Experimental evidence at protein level	Cholecystokinin receptor type A	0.9685	0.999	1	4	4	4	1	1	0	1	0	1	1	1	0	1	0	1	1	1	0	1	0	1	3794062.5	1932188.4	1008154.1	4395446.5	1664374.6	4789968.0	3794062.5	1932188.4	1008154.1	4395446.5	1664374.6	4789968.0	
sp|P30713|GSTT2_RAT	P30713	GSTT2_RAT	Gstt2	244	Rattus norvegicus	1:Experimental evidence at protein level	Glutathione S-transferase theta-2	1.0	0.999	9	54	54	54	10	8	8	10	10	8	10	8	8	10	10	8	10	8	8	10	10	8	1.4537104E8	1.28395464E8	1.23000592E8	1.97226256E8	1.9262952E8	1.98055792E8	3.47567E7	2.7985704E7	2.7769276E7	4.5565448E7	4.4086924E7	4.5704192E7	
sp|P30835|PFKAL_RAT	P30835	PFKAL_RAT	Pfkl	780	Rattus norvegicus	1:Experimental evidence at protein level	ATP-dependent 6-phosphofructokinase, liver type	1.0	0.999	5	10	9	10	3	1	0	3	1	2	3	1	0	3	0	2	3	1	0	3	1	2	2.4954476E7	1.9679512E7	2.41422E7	4.3696612E7	4.138756E7	3.1294668E7	1.2321612E7	7310892.5	7456064.5	1.8758316E7	1.5600935E7	2.0595298E7	
sp|P30839|AL3A2_RAT	P30839	AL3A2_RAT	Aldh3a2	484	Rattus norvegicus	1:Experimental evidence at protein level	Aldehyde dehydrogenase family 3 member A2	1.0	0.999	5	19	16	19	3	4	1	4	4	3	3	3	1	3	3	3	3	4	1	4	4	3	4.1790912E7	3.691768E7	3.486996E7	1.11813472E8	9.1606064E7	5.8181568E7	1.5931409E7	1.0135989E7	9959074.0	2.8609758E7	2.6172058E7	2.5127248E7	
sp|P30904|MIF_RAT	P30904	MIF_RAT	Mif	115	Rattus norvegicus	1:Experimental evidence at protein level	Macrophage migration inhibitory factor	1.0	0.999	6	95	95	95	19	16	18	14	14	14	19	16	18	14	14	14	19	16	18	14	14	14	1.83480768E9	2.1065952E9	1.98671066E9	1.94620416E9	1.81909325E9	1.77727091E9	3.94579552E8	4.56405792E8	4.3163664E8	4.07987456E8	3.71588896E8	3.71771104E8	
sp|P30919|ASPG_RAT	P30919	ASPG_RAT	Aga	345	Rattus norvegicus	1:Experimental evidence at protein level	N(4)-(Beta-N-acetylglucosaminyl)-L-asparaginase	1.0	0.999	5	76	76	76	14	15	12	11	12	12	14	15	12	11	12	12	14	15	12	11	12	12	2.97665824E8	3.49663008E8	4.1966224E8	4.05714432E8	4.5656896E8	4.74438976E8	1.04007688E8	1.22760168E8	1.40501664E8	1.34200792E8	1.5378784E8	1.6381856E8	
sp|P31000|VIME_RAT	P31000	VIME_RAT	Vim	466	Rattus norvegicus	1:Experimental evidence at protein level	Vimentin	1.0	0.999	27	137	116	149	22	23	21	24	22	25	18	19	17	21	19	22	24	25	23	26	24	27	7.6367123E8	9.5419277E8	8.8791558E8	1.21822477E9	1.12316749E9	1.2999424E9	6.5762288E7	7.6133096E7	7.4254808E7	1.06942496E8	1.01092944E8	1.12135424E8	
sp|P31044|PEBP1_RAT	P31044	PEBP1_RAT	Pebp1	187	Rattus norvegicus	1:Experimental evidence at protein level	Phosphatidylethanolamine-binding protein 1	1.0	0.999	10	176	176	176	29	32	33	24	26	32	29	32	33	24	26	32	29	32	33	24	26	32	3.06444902E9	3.39314099E9	3.52142413E9	2.31592678E9	2.60139315E9	2.65087386E9	5.32678304E8	6.566471E8	6.7866534E8	4.26804256E8	4.75986912E8	5.03249888E8	
sp|P31211|CBG_RAT	P31211	CBG_RAT	Serpina6	396	Rattus norvegicus	1:Experimental evidence at protein level	Corticosteroid-binding globulin	1.0	0.999	5	27	27	27	4	2	3	6	5	7	4	2	3	6	5	7	4	2	3	6	5	7	2.3267392E7	2.2247934E7	2.6781174E7	7.3207336E7	7.803676E7	7.108968E7	5635855.5	6059780.5	6010315.5	1.5994691E7	1.7309282E7	1.631062E7	
sp|P31232|TAGL_RAT	P31232	TAGL_RAT	Tagln	201	Rattus norvegicus	1:Experimental evidence at protein level	Transgelin	1.0	0.999	14	88	85	88	13	15	21	13	13	13	13	14	20	13	13	12	13	15	21	13	13	13	6.0874394E8	5.19025728E8	6.1956685E8	5.3727699E8	5.23154784E8	5.08636064E8	1.05258616E8	9.263428E7	1.10574328E8	9.2678872E7	9.1100864E7	8.526956E7	
sp|P31399|ATP5H_RAT	P31399	ATP5H_RAT	Atp5pd	161	Rattus norvegicus	1:Experimental evidence at protein level	ATP synthase peripheral stalk subunit d, mitochondrial	1.0	0.999	5	47	47	47	10	8	9	5	7	8	10	8	9	5	7	8	10	8	9	5	7	8	3.0461904E8	3.66493248E8	2.96482112E8	1.77576064E8	2.00731408E8	1.9040448E8	6.7065296E7	7.8264296E7	6.144632E7	4.2482516E7	4.3355564E7	4.1371672E7	
sp|P31430|DPEP1_RAT	P31430	DPEP1_RAT	Dpep1	410	Rattus norvegicus	2:Experimental evidence at transcript level	Dipeptidase 1	1.0	0.999	8	36	36	36	8	4	4	8	5	7	8	4	4	8	5	7	8	4	4	8	5	7	9.8828712E7	6.2634348E7	6.85418E7	1.58539344E8	1.35786608E8	1.34223248E8	2.667679E7	2.1108396E7	1.8888318E7	3.801576E7	3.5460976E7	3.6490996E7	
sp|P31977|EZRI_RAT	P31977	EZRI_RAT	Ezr	586	Rattus norvegicus	1:Experimental evidence at protein level	Ezrin	1.0	0.999	15	22	22	60	3	3	6	3	4	3	3	3	6	3	4	3	10	9	11	9	11	10	3.5996984E7	7.7841952E7	8.0877024E7	8.88872E7	9.3992912E7	7.1736688E7	1.782395E7	1.8794504E7	1.8648122E7	2.1478596E7	2.3794344E7	2.4145154E7	
sp|P32038|CFAD_RAT	P32038	CFAD_RAT	Cfd	263	Rattus norvegicus	1:Experimental evidence at protein level	Complement factor D	1.0	0.999	2	4	4	4	1	0	0	1	0	2	1	0	0	1	0	2	1	0	0	1	0	2	9297666.0	4973555.5	5072244.0	1.0998835E7	1.1375001E7	1.3049176E7	7245205.5	4973555.5	5072244.0	1.0998835E7	8838193.0	9924760.0	
sp|P32232|CBS_RAT	P32232	CBS_RAT	Cbs	561	Rattus norvegicus	1:Experimental evidence at protein level	Cystathionine beta-synthase	1.0	0.999	16	102	102	102	21	18	18	14	14	17	21	18	18	14	14	17	21	18	18	14	14	17	5.18154048E8	4.69519808E8	4.25948576E8	4.28737856E8	3.60132224E8	3.48821408E8	7.4305416E7	6.6304048E7	6.468172E7	5.7189596E7	5.2397196E7	5.2811212E7	
sp|P32362|DCUP_RAT	P32362	DCUP_RAT	Urod	364	Rattus norvegicus	1:Experimental evidence at protein level	Uroporphyrinogen decarboxylase (Fragment)	1.0	0.999	3	5	5	5	1	0	2	1	0	1	1	0	2	1	0	1	1	0	2	1	0	1	2.131518E7	1.8911948E7	1.6140571E7	1.9490698E7	1.6421157E7	1.4919572E7	1.4192732E7	1.2353935E7	1.0708011E7	1.2490614E7	1.6421157E7	1.1419709E7	
sp|P32551|QCR2_RAT	P32551	QCR2_RAT	Uqcrc2	452	Rattus norvegicus	1:Experimental evidence at protein level	Cytochrome b-c1 complex subunit 2, mitochondrial	1.0	0.999	7	33	33	33	6	7	7	5	4	4	6	7	7	5	4	4	6	7	7	5	4	4	6.2756724E7	7.380396E7	6.3134736E7	4.6053108E7	3.0333992E7	4.3071112E7	1.4022707E7	1.6138519E7	1.4442881E7	1.0705299E7	9738754.0	1.0166656E7	
sp|P32821|TRYA_RAT	P32821	TRYA_RAT		246	Rattus norvegicus	2:Experimental evidence at transcript level	Trypsin V-A	1.0	0.999	8	107	15	107	13	14	17	20	19	24	2	2	2	4	3	2	13	14	17	20	19	24	7.1071251E8	7.051831E8	7.2146656E8	2.1655744E9	2.29652787E9	2.05236147E9	2.40828624E8	2.51210608E8	2.38584256E8	6.8125984E8	7.5881203E8	6.512377E8	
sp|P34058|HS90B_RAT	P34058	HS90B_RAT	Hsp90ab1	724	Rattus norvegicus	1:Experimental evidence at protein level	Heat shock protein HSP 90-beta	1.0	0.999	29	280	186	297	53	49	45	47	40	46	37	33	29	30	27	30	57	51	49	49	43	48	2.6225495E9	2.27900621E9	2.24709222E9	2.8460841E9	2.43717914E9	2.49049856E9	2.93854976E8	2.60214736E8	2.5803096E8	2.8324464E8	2.62248496E8	2.76110752E8	
sp|P34064|PSA5_RAT	P34064	PSA5_RAT	Psma5	241	Rattus norvegicus	1:Experimental evidence at protein level	Proteasome subunit alpha type-5	1.0	0.999	8	43	43	43	7	8	8	6	7	7	7	8	8	6	7	7	7	8	8	6	7	7	3.25610592E8	3.7370752E8	3.98269152E8	2.89452992E8	2.9308928E8	3.02673472E8	7.8894832E7	8.890624E7	9.4279824E7	6.8928704E7	7.272288E7	7.5763104E7	
sp|P34067|PSB4_RAT	P34067	PSB4_RAT	Psmb4	263	Rattus norvegicus	1:Experimental evidence at protein level	Proteasome subunit beta type-4	1.0	0.999	4	17	17	17	4	2	5	2	2	2	4	2	5	2	2	2	4	2	5	2	2	2	1.31331472E8	1.36149392E8	1.4561336E8	7.4917152E7	9.0901784E7	1.0939172E8	3.8790224E7	3.9992808E7	4.5173788E7	3.1405878E7	3.8051652E7	3.3504746E7	
sp|P35171|CX7A2_RAT	P35171	CX7A2_RAT	Cox7a2	83	Rattus norvegicus	1:Experimental evidence at protein level	Cytochrome c oxidase subunit 7A2, mitochondrial	1.0	0.999	2	8	8	8	3	2	1	1	1	0	3	2	1	1	1	0	3	2	1	1	1	0	3.0506992E7	4.4258568E7	3.136761E7	2.164888E7	1.9036578E7	1.84063E7	1.7891672E7	2.7506582E7	1.8709274E7	1.4157447E7	1.1638492E7	1.104208E7	
sp|P35213|1433B_RAT	P35213	1433B_RAT	Ywhab	246	Rattus norvegicus	1:Experimental evidence at protein level	14-3-3 protein beta/alpha	1.0	0.999	12	53	53	121	9	9	8	8	9	10	9	9	8	8	9	10	21	19	20	19	21	21	3.5989392E8	3.50941056E8	3.69469696E8	3.66100576E8	3.48742912E8	3.35226688E8	5.6865856E7	5.6857824E7	5.9860636E7	5.7878084E7	5.7779468E7	5.6644604E7	
sp|P35231|REG3A_RAT	P35231	REG3A_RAT	Reg3a	174	Rattus norvegicus	2:Experimental evidence at transcript level	Regenerating islet-derived protein 3-alpha	1.0	0.999	5	29	29	29	0	0	0	9	11	9	0	0	0	9	11	9	0	0	0	9	11	9	0.0	1445530.8	0.0	1.49483712E9	1.48257958E9	1.48354714E9	0.0	2.1147714E7	0.0	2.12635344E8	1.86739088E8	2.0262176E8	
sp|P35280|RAB8A_RAT	P35280	RAB8A_RAT	Rab8a	207	Rattus norvegicus	1:Experimental evidence at protein level	Ras-related protein Rab-8A	1.0	0.999	8	15	7	34	4	1	3	4	1	2	2	0	2	2	0	1	8	4	6	7	4	5	3.3519874E7	3.4827296E7	3.2382488E7	3.739888E7	3.2740872E7	3.5711132E7	2.2644596E7	1.9555206E7	1.9777102E7	2.6796204E7	2.1430718E7	2.641277E7	
sp|P35281|RAB10_RAT	P35281	RAB10_RAT	Rab10	200	Rattus norvegicus	1:Experimental evidence at protein level	Ras-related protein Rab-10	1.0	0.999	5	10	10	22	2	1	2	2	2	1	2	1	2	2	2	1	5	3	4	3	4	3	7498587.0	6101434.5	6829582.5	0.0	6713993.5	0.0	7498587.0	6101434.5	6829582.5	0.0	6713993.5	0.0	
sp|P35286|RAB13_RAT	P35286	RAB13_RAT	Rab13	203	Rattus norvegicus	1:Experimental evidence at protein level	Ras-related protein Rab-13	0.9668	0.9989	3	1	1	9	0	0	0	1	0	0	0	0	0	1	0	0	2	1	1	3	1	1	1752964.6	2952306.0	0.0	1.3450457E7	7775936.0	1.1115142E7	1752964.6	2952306.0	0.0	1.3450457E7	7775936.0	1.1115142E7	
sp|P35427|RL13A_RAT	P35427	RL13A_RAT	Rpl13a	203	Rattus norvegicus	1:Experimental evidence at protein level	Large ribosomal subunit protein uL13	1.0	0.999	6	77	77	77	15	13	13	12	12	12	15	13	13	12	12	12	15	13	13	12	12	12	1.43165248E9	1.11163251E9	1.23696666E9	1.3232448E9	1.1452704E9	1.20839206E9	5.4724678E8	4.26246976E8	4.68742336E8	4.51797152E8	4.07953664E8	4.17329696E8	
sp|P35433|PUR1_RAT	P35433	PUR1_RAT	Ppat	517	Rattus norvegicus	1:Experimental evidence at protein level	Amidophosphoribosyltransferase	1.0	0.999	6	19	19	19	2	6	4	2	1	4	2	6	4	2	1	4	2	6	4	2	1	4	2.0708132E7	2.7948772E7	2.9481696E7	1.9966948E7	1.2624626E7	2.5269154E7	8384233.0	8925711.0	1.0169757E7	7959624.5	7102883.5	9406111.0	
sp|P35434|ATPD_RAT	P35434	ATPD_RAT	Atp5f1d	168	Rattus norvegicus	1:Experimental evidence at protein level	ATP synthase F(1) complex subunit delta, mitochondrial	1.0	0.999	3	18	18	18	4	4	4	2	2	2	4	4	4	2	2	2	4	4	4	2	2	2	2.90061984E8	3.61876E8	3.12496672E8	1.80445552E8	2.093216E8	1.956552E8	1.37262288E8	1.7121304E8	1.50819616E8	8.4928592E7	9.8339256E7	9.325664E7	
sp|P35435|ATPG_RAT	P35435	ATPG_RAT	Atp5f1c	273	Rattus norvegicus	1:Experimental evidence at protein level	ATP synthase F(1) complex subunit gamma, mitochondrial	1.0	0.999	9	65	65	65	12	10	11	11	11	10	12	10	11	11	11	10	12	10	11	11	11	10	4.79929312E8	5.525721E8	4.5120192E8	3.16698048E8	3.39582368E8	2.93938624E8	6.9760328E7	8.5271488E7	7.2079776E7	4.7220364E7	4.9544276E7	4.730516E7	
sp|P35446|SPON1_RAT	P35446	SPON1_RAT	Spon1	807	Rattus norvegicus	1:Experimental evidence at protein level	Spondin-1	0.9662	0.9989	1	5	5	5	0	1	1	1	1	1	0	1	1	1	1	1	0	1	1	1	1	1	0.0	2707621.5	0.0	0.0	2434372.8	0.0	0.0	2707621.5	0.0	0.0	2434372.8	0.0	
sp|P35527|K1C9_HUMAN	P35527	K1C9_HUMAN	KRT9	623	Homo sapiens	1:Experimental evidence at protein level	Keratin, type I cytoskeletal 9	1.0	0.999	15	67	67	73	9	12	10	10	12	14	9	12	10	10	12	14	10	13	11	11	14	14	1.65020608E8	1.48179456E8	1.75992528E8	1.86990816E8	2.20676672E8	2.66491904E8	3.0195776E7	2.9049284E7	3.5529396E7	3.5550576E7	4.1794692E7	4.9254768E7	
sp|P35559|IDE_RAT	P35559	IDE_RAT	Ide	1019	Rattus norvegicus	1:Experimental evidence at protein level	Insulin-degrading enzyme	1.0	0.999	10	27	27	27	7	4	4	4	4	4	7	4	4	4	4	4	7	4	4	4	4	4	5.1972972E7	3.0532826E7	3.4965672E7	5.1281352E7	3.798964E7	5.351462E7	9092744.0	7134140.5	7634431.0	8969419.0	9290881.0	8903448.0	
sp|P35565|CALX_RAT	P35565	CALX_RAT	Canx	591	Rattus norvegicus	1:Experimental evidence at protein level	Calnexin	1.0	0.999	13	79	79	79	14	14	13	14	12	12	14	14	13	14	12	12	14	14	13	14	12	12	6.2334874E8	4.42656512E8	3.93649312E8	8.6368173E8	8.0255642E8	8.0896806E8	1.39891408E8	1.04390616E8	9.7399304E7	2.04917328E8	1.93048992E8	1.98769488E8	
sp|P35571|GPDM_RAT	P35571	GPDM_RAT	Gpd2	727	Rattus norvegicus	1:Experimental evidence at protein level	Glycerol-3-phosphate dehydrogenase, mitochondrial	1.0	0.9989	4	11	11	11	1	4	3	1	1	1	1	4	3	1	1	1	1	4	3	1	1	1	8.8270192E7	4.2788784E7	5.6337032E7	3.7481E7	4.6953556E7	5.0403788E7	5.2475196E7	3.4948068E7	3.7167176E7	3.7987064E7	3.8120348E7	4.7427848E7	
sp|P35704|PRDX2_RAT	P35704	PRDX2_RAT	Prdx2	198	Rattus norvegicus	1:Experimental evidence at protein level	Peroxiredoxin-2	1.0	0.999	9	63	54	63	10	11	13	10	9	10	8	10	12	8	7	9	10	11	13	10	9	10	5.6260237E8	5.7473485E8	5.6320666E8	6.2153728E8	6.6635181E8	4.8704112E8	1.2724616E8	1.30443128E8	1.45269328E8	1.36565424E8	1.47503168E8	1.43805584E8	
sp|P35738|ODBB_RAT	P35738	ODBB_RAT	Bckdhb	390	Rattus norvegicus	1:Experimental evidence at protein level	2-oxoisovalerate dehydrogenase subunit beta, mitochondrial	1.0	0.999	8	33	33	33	7	7	6	4	4	5	7	7	6	4	4	5	7	7	6	4	4	5	2.1011408E8	1.96460976E8	1.77896496E8	9.499303E8	9.1149446E8	1.04176512E8	1.36711184E8	1.29491048E8	1.22564368E8	8.9045936E7	8.2347792E7	8.495668E7	
sp|P35745|ACYP2_RAT	P35745	ACYP2_RAT	Acyp2	97	Rattus norvegicus	1:Experimental evidence at protein level	Acylphosphatase-2	1.0	0.999	4	23	23	23	5	4	5	3	3	3	5	4	5	3	3	3	5	4	5	3	3	3	4.5432328E7	5.4296816E7	5.296816E7	2.44448E7	3.191104E7	3.102344E7	2.0560136E7	2.4950964E7	2.4658248E7	1.3165656E7	1.8263748E7	1.717151E7	
sp|P35815|PPM1B_RAT	P35815	PPM1B_RAT	Ppm1b	390	Rattus norvegicus	2:Experimental evidence at transcript level	Protein phosphatase 1B	0.9999	0.9936	5	4	4	9	0	1	0	1	1	1	0	1	0	1	1	1	1	2	1	2	1	2	4482614.5	4071813.0	0.0	2366772.0	2750035.2	4394433.0	4482614.5	4071813.0	0.0	2366772.0	2750035.2	4394433.0	
sp|P35908|K22E_HUMAN	P35908	K22E_HUMAN	KRT2	639	Homo sapiens	1:Experimental evidence at protein level	Keratin, type II cytoskeletal 2 epidermal	1.0	0.999	22	70	48	82	10	12	13	9	15	11	7	7	9	6	11	8	12	13	14	11	19	13	3.43366272E8	3.0871936E8	4.1030656E8	3.89347552E8	5.6474637E8	4.6423344E8	1.24756264E8	1.22473816E8	1.52208912E8	1.38775824E8	2.02292016E8	1.67397648E8	
sp|P36201|CRIP2_RAT	P36201	CRIP2_RAT	Crip2	208	Rattus norvegicus	2:Experimental evidence at transcript level	Cysteine-rich protein 2	1.0	0.999	2	16	16	16	2	2	3	2	2	5	2	2	3	2	2	5	2	2	3	2	2	5	3.2634246E7	3.8257412E7	3.6691988E7	4.0506932E7	3.8609932E7	4.8512832E7	1.6458477E7	1.9716036E7	1.831639E7	1.8688334E7	1.947904E7	2.3536472E7	
sp|P36202|PDLI4_RAT	P36202	PDLI4_RAT	Pdlim4	330	Rattus norvegicus	1:Experimental evidence at protein level	PDZ and LIM domain protein 4	0.9685	0.999	1	1	1	1	0	1	0	0	0	0	0	1	0	0	0	0	0	1	0	0	0	0	2927421.0	3746733.5	3234028.5	3465244.8	3566111.5	2694676.0	2927421.0	3746733.5	3234028.5	3465244.8	3566111.5	2694676.0	
sp|P36375|KLK10_RAT	P36375	KLK10_RAT	Klk10	259	Rattus norvegicus	1:Experimental evidence at protein level	Glandular kallikrein-10	0.9685	0.999	1	1	1	1	0	0	1	0	0	0	0	0	1	0	0	0	0	0	1	0	0	0	0.0	0.0	1.6814758E7	0.0	0.0	0.0	0.0	0.0	0.0	0.0	0.0	0.0	
sp|P36506|MP2K2_RAT	P36506	MP2K2_RAT	Map2k2	400	Rattus norvegicus	1:Experimental evidence at protein level	Dual specificity mitogen-activated protein kinase kinase 2	1.0	0.999	4	9	8	9	1	2	2	1	2	1	1	1	2	1	2	1	1	2	2	1	2	1	1.8063912E7	1.5294012E7	1.6073072E7	1.6324252E7	1.8401244E7	1.4227196E7	8966652.0	8652769.0	7985812.0	9169438.0	1.0503905E7	7995122.5	
sp|P36860|RALB_RAT	P36860	RALB_RAT	Ralb	206	Rattus norvegicus	2:Experimental evidence at transcript level	Ras-related protein Ral-B	1.0	0.999	4	22	7	22	3	4	4	3	4	4	1	1	2	1	1	1	3	4	4	3	4	4	2.6600468E7	4.7472064E7	5.58589E7	4.8012892E7	4.5794536E7	5.260608E7	1.9133216E7	2.4098684E7	2.7252052E7	2.2461104E7	2.1983562E7	2.5886728E7	
sp|P36876|2ABA_RAT	P36876	2ABA_RAT	Ppp2r2a	447	Rattus norvegicus	2:Experimental evidence at transcript level	Serine/threonine-protein phosphatase 2A 55 kDa regulatory subunit B alpha isoform	1.0	0.999	5	11	5	11	2	1	3	1	2	2	1	0	2	1	1	0	2	1	3	1	2	2	2.8351528E7	2.9688708E7	3.0014672E7	1.7779756E7	4.20519E7	3.5790744E7	1.4944176E7	1.3308043E7	1.4317734E7	1.1335403E7	1.5384164E7	1.4588921E7	
sp|P36953|AFAM_RAT	P36953	AFAM_RAT	Afm	608	Rattus norvegicus	3:Protein inferred from homology	Afamin	1.0	0.999	11	48	48	48	6	5	5	12	10	10	6	5	5	12	10	10	6	5	5	12	10	10	5.1358992E7	4.72967E7	4.8142972E7	1.95504448E8	1.83106784E8	1.8904184E8	7284844.0	7009573.5	6999777.0	2.8253076E7	2.725958E7	2.6343478E7	
sp|P36970|GPX4_RAT	P36970	GPX4_RAT	Gpx4	197	Rattus norvegicus	1:Experimental evidence at protein level	Phospholipid hydroperoxide glutathione peroxidase	1.0	0.999	6	32	32	32	5	6	5	6	5	5	5	6	5	6	5	5	5	6	5	6	5	5	6.4356488E7	5.9614336E7	5.9186756E7	5.8484756E7	5.1662536E7	5.8586452E7	1.910764E7	2.0194914E7	1.7688946E7	1.7184064E7	1.4483586E7	1.7562002E7	
sp|P36972|APT_RAT	P36972	APT_RAT	Aprt	180	Rattus norvegicus	1:Experimental evidence at protein level	Adenine phosphoribosyltransferase	1.0	0.999	11	72	72	72	12	12	15	11	11	11	12	12	15	11	11	11	12	12	15	11	11	11	4.562008E8	5.00701408E8	5.5754426E8	4.65297472E8	5.796896E8	4.7916288E8	8.8449144E7	9.8277768E7	1.1215736E8	8.9488888E7	9.8299896E7	9.3426376E7	
sp|P37200|ARRE_RAT	P37200	ARRE_RAT	Ear	72	Rattus norvegicus	2:Experimental evidence at transcript level	Arrestin-E (Fragment)	0.6017	0.98	1	2	2	2	0	0	0	1	1	0	0	0	0	1	1	0	0	0	0	1	1	0	769903.7	931817.0	1233482.0	1188540.0	1224505.8	1164865.9	769903.7	931817.0	1233482.0	1188540.0	1224505.8	1164865.9	
sp|P37285|KLC1_RAT	P37285	KLC1_RAT	Klc1	560	Rattus norvegicus	1:Experimental evidence at protein level	Kinesin light chain 1	0.9986	0.999	3	9	2	9	2	2	1	3	0	1	1	0	0	1	0	0	2	2	1	3	0	1	1.0805763E7	1.0037202E7	1.074996E7	1.2416874E7	2952244.5	5878799.0	4229445.0	4064757.5	4092844.8	4899401.5	5036157.0	4322706.0	
sp|P37397|CNN3_RAT	P37397	CNN3_RAT	Cnn3	330	Rattus norvegicus	1:Experimental evidence at protein level	Calponin-3	1.0	0.999	6	16	16	18	3	3	2	2	2	4	3	3	2	2	2	4	4	4	2	2	2	4	2.99633E7	3.1749462E7	3.1540156E7	4.1345396E7	4.2998304E7	4.018384E7	1.1969029E7	1.2624929E7	1.2682016E7	1.683358E7	1.7611074E7	1.6563565E7	
sp|P37996|ARL3_RAT	P37996	ARL3_RAT	Arl3	182	Rattus norvegicus	1:Experimental evidence at protein level	ADP-ribosylation factor-like protein 3	1.0	0.999	4	12	12	12	2	2	2	1	3	2	2	2	2	1	3	2	2	2	2	1	3	2	3.747448E7	4.3278228E7	4.0703796E7	3.0035868E7	3.472446E7	2.9075108E7	1.2929923E7	1.5339342E7	1.4416887E7	1.08443E7	1.3484449E7	1.1186224E7	
sp|P38062|MAP2_RAT	P38062	MAP2_RAT	Metap2	478	Rattus norvegicus	1:Experimental evidence at protein level	Methionine aminopeptidase 2	1.0	0.999	12	52	52	52	12	11	10	6	6	7	12	11	10	6	6	7	12	11	10	6	6	7	8.2982464E7	8.5278384E7	9.397532E7	5.519196E7	6.8736712E7	6.951192E7	1.6175201E7	1.6977992E7	1.8307686E7	1.1825566E7	1.4264286E7	1.4339022E7	
sp|P38650|DYHC1_RAT	P38650	DYHC1_RAT	Dync1h1	4644	Rattus norvegicus	1:Experimental evidence at protein level	Cytoplasmic dynein 1 heavy chain 1	1.0	0.999	34	72	72	72	12	1	1	25	18	15	12	1	1	25	18	15	12	1	1	25	18	15	8.3723312E7	2.8857184E7	1.6968282E7	1.9544952E8	1.37466848E8	1.62478656E8	7884157.0	3446700.0	2873120.0	1.441071E7	1.1294906E7	1.2765234E7	
sp|P38652|PGM1_RAT	P38652	PGM1_RAT	Pgm1	562	Rattus norvegicus	1:Experimental evidence at protein level	Phosphoglucomutase-1	1.0	0.999	13	64	64	64	12	12	7	9	11	13	12	12	7	9	11	13	12	12	7	9	11	13	1.55767712E8	2.1902368E8	2.16918864E8	1.5515928E8	1.23352256E8	2.047652E8	5.9927104E7	5.2633876E7	5.1595124E7	5.5382756E7	5.7279772E7	6.1574016E7	
sp|P38656|LA_RAT	P38656	LA_RAT	Ssb	415	Rattus norvegicus	1:Experimental evidence at protein level	Lupus La protein homolog	1.0	0.999	13	63	63	63	11	13	11	8	10	10	11	13	11	8	10	10	11	13	11	8	10	10	2.60511552E8	3.09721696E8	1.72609648E8	2.59785456E8	1.65620048E8	2.9030912E8	6.4500456E7	6.86752E7	6.881364E7	6.9437504E7	6.7117856E7	6.6590236E7	
sp|P38659|PDIA4_RAT	P38659	PDIA4_RAT	Pdia4	643	Rattus norvegicus	1:Experimental evidence at protein level	Protein disulfide-isomerase A4	1.0	0.999	25	193	193	193	36	36	37	28	27	29	36	36	37	28	27	29	36	36	37	28	27	29	1.67537152E9	1.73688064E9	1.55918374E9	1.21843891E9	1.41017613E9	1.25018138E9	1.26782048E8	1.26619784E8	1.3196128E8	1.0540824E8	1.04476496E8	1.01947416E8	
sp|P38983|RSSA_RAT	P38983	RSSA_RAT	Rpsa	295	Rattus norvegicus	1:Experimental evidence at protein level	Small ribosomal subunit protein uS2	1.0	0.999	11	254	254	254	47	53	48	39	34	33	47	53	48	39	34	33	47	53	48	39	34	33	7.3942651E9	7.6604442E9	7.6485289E9	6.7096458E9	6.9710085E9	6.6065208E9	1.42481088E9	1.51347046E9	1.57220186E9	1.27862426E9	1.33800141E9	1.28694234E9	
sp|P39032|RL36_RAT	P39032	RL36_RAT	Rpl36	105	Rattus norvegicus	1:Experimental evidence at protein level	Large ribosomal subunit protein eL36	1.0	0.999	2	57	57	57	12	10	11	8	8	8	12	10	11	8	8	8	12	10	11	8	8	8	9.739671E8	9.9997011E8	1.05243379E9	8.7291488E8	9.021399E8	8.799193E8	5.08449216E8	5.8604525E8	6.0537792E8	3.68257312E8	4.18687232E8	4.3103312E8	
sp|P39052|DYN2_RAT	P39052	DYN2_RAT	Dnm2	870	Rattus norvegicus	1:Experimental evidence at protein level	Dynamin-2	1.0	0.999	6	13	6	13	2	1	3	3	2	2	1	1	1	1	1	1	2	1	3	3	2	2	2.1883584E7	2.7003194E7	2.022998E7	3.723366E7	2.8125586E7	2.5677318E7	7463980.5	6806053.0	5495623.0	8532858.0	9529553.0	8897334.0	
sp|P39069|KAD1_RAT	P39069	KAD1_RAT	Ak1	194	Rattus norvegicus	1:Experimental evidence at protein level	Adenylate kinase isoenzyme 1	1.0	0.999	6	29	29	29	3	7	6	4	4	5	3	7	6	4	4	5	3	7	6	4	4	5	8.4299496E7	9.06392E7	1.06627168E8	7.9122856E7	6.5179308E7	9.3346368E7	2.7140194E7	2.8765602E7	3.3449702E7	2.6388106E7	2.5608544E7	2.9344048E7	
sp|P40112|PSB3_RAT	P40112	PSB3_RAT	Psmb3	205	Rattus norvegicus	1:Experimental evidence at protein level	Proteasome subunit beta type-3	1.0	0.999	6	40	40	40	6	8	7	7	6	6	6	8	7	7	6	6	6	8	7	7	6	6	1.71482864E8	1.70981952E8	2.1202104E8	1.6212328E8	1.71287808E8	1.86461536E8	3.2945236E7	3.6085316E7	3.979712E7	3.1317194E7	3.2821382E7	3.2804528E7	
sp|P40307|PSB2_RAT	P40307	PSB2_RAT	Psmb2	201	Rattus norvegicus	1:Experimental evidence at protein level	Proteasome subunit beta type-2	1.0	0.999	6	33	33	33	6	5	6	7	5	4	6	5	6	7	5	4	6	5	6	7	5	4	1.47826893E9	1.32547802E9	1.16017248E8	1.7770656E9	2.7317417E9	2.57426253E9	1.08432102E9	1.02140806E9	8.4259104E8	1.07338074E9	9.5522541E8	8.9901261E8	
sp|P40329|SYRC_RAT	P40329	SYRC_RAT	Rars1	660	Rattus norvegicus	1:Experimental evidence at protein level	Arginine--tRNA ligase, cytoplasmic	1.0	0.999	16	63	63	63	12	6	5	16	11	13	12	6	5	16	11	13	12	6	5	16	11	13	1.41360864E8	8.1358168E7	7.63008E7	1.94414624E8	1.48971472E8	1.5399848E8	1.4493259E7	8619686.0	7895918.0	1.9788768E7	1.5341974E7	1.6080871E7	
sp|P40615|DKC1_RAT	P40615	DKC1_RAT	Dkc1	509	Rattus norvegicus	1:Experimental evidence at protein level	H/ACA ribonucleoprotein complex subunit DKC1	1.0	0.999	13	54	54	54	8	10	11	7	10	8	8	10	11	7	10	8	8	10	11	7	10	8	8.16656E7	6.7577112E7	7.2905328E7	9.4411896E7	8.50878E7	7.9934296E7	1.0567509E7	8168334.0	8521414.0	1.1345283E7	1.004054E7	1.021293E7	
sp|P41123|RL13_RAT	P41123	RL13_RAT	Rpl13	211	Rattus norvegicus	1:Experimental evidence at protein level	Large ribosomal subunit protein eL13	1.0	0.999	8	124	124	124	21	23	24	19	18	19	21	23	24	19	18	19	21	23	24	19	18	19	3.79735142E9	4.3897943E9	4.19452467E9	3.41990298E9	3.5171177E9	3.656608E9	1.11238797E9	1.31997005E9	1.34468685E9	9.6161466E8	1.04384685E9	1.08657856E9	
sp|P41350|CAV1_RAT	P41350	CAV1_RAT	Cav1	178	Rattus norvegicus	1:Experimental evidence at protein level	Caveolin-1	1.0	0.999	3	5	5	5	0	0	0	2	1	2	0	0	0	2	1	2	0	0	0	2	1	2	9217336.0	594791.8	1599129.2	2.925854E7	1.8243012E7	1.9361476E7	2901285.8	1395488.5	1200896.9	1.4343701E7	1.1419746E7	1.1136199E7	
sp|P41498|PPAC_RAT	P41498	PPAC_RAT	Acp1	158	Rattus norvegicus	1:Experimental evidence at protein level	Low molecular weight phosphotyrosine protein phosphatase	1.0	0.999	5	24	24	24	5	5	4	3	4	3	5	5	4	3	4	3	5	5	4	3	4	3	6.71442E7	7.8073712E7	6.9927016E7	7.6761072E7	7.0197008E7	7.8451104E7	2.7598246E7	3.2197916E7	2.9984514E7	3.1999228E7	2.9775564E7	3.4611192E7	
sp|P41499|PTN11_RAT	P41499	PTN11_RAT	Ptpn11	593	Rattus norvegicus	1:Experimental evidence at protein level	Tyrosine-protein phosphatase non-receptor type 11	1.0	0.999	3	5	5	5	3	0	1	0	0	1	3	0	1	0	0	1	3	0	1	0	0	1	1.093965E7	9323347.0	1.0957424E7	1.1513106E7	1.3962571E7	1.2707278E7	4266836.0	3747536.8	4191845.8	4607156.0	5427650.5	4787058.5	
sp|P41516|TOP2A_RAT	P41516	TOP2A_RAT	Top2a	1526	Rattus norvegicus	1:Experimental evidence at protein level	DNA topoisomerase 2-alpha	0.7822	0.9915	1	5	5	5	1	1	0	1	1	1	1	1	0	1	1	1	1	1	0	1	1	1	5.6077904E7	7.0521712E7	7.7877408E7	5.5229436E7	6.4734772E7	6.3760852E7	5.6077904E7	7.0521712E7	7.7877408E7	5.5229436E7	6.4734772E7	6.3760852E7	
sp|P41542|USO1_RAT	P41542	USO1_RAT	Uso1	959	Rattus norvegicus	1:Experimental evidence at protein level	General vesicular transport factor p115	1.0	0.999	18	91	91	91	19	13	7	16	20	16	19	13	7	16	20	16	19	13	7	16	20	16	1.54930672E8	8.1392576E7	7.758064E7	2.21471808E8	2.00714512E8	1.86517744E8	1.6237296E7	1.0124099E7	1.0311087E7	2.246564E7	2.086854E7	2.1608942E7	
sp|P41562|IDHC_RAT	P41562	IDHC_RAT	Idh1	414	Rattus norvegicus	1:Experimental evidence at protein level	Isocitrate dehydrogenase [NADP] cytoplasmic	1.0	0.999	15	79	79	84	12	14	13	12	14	14	12	14	13	12	14	14	13	15	14	13	15	14	4.00498432E8	3.9560352E8	4.21506048E8	4.4391776E8	4.59809312E8	4.76182848E8	4.5067852E7	4.4649776E7	4.5996832E7	4.6388296E7	5.0558972E7	5.1346628E7	
sp|P41565|IDHG1_RAT	P41565	IDHG1_RAT	Idh3g	393	Rattus norvegicus	1:Experimental evidence at protein level	Isocitrate dehydrogenase [NAD] subunit gamma 1, mitochondrial	1.0	0.999	7	22	22	22	7	8	5	1	0	1	7	8	5	1	0	1	7	8	5	1	0	1	5.938974E7	7.0612008E7	5.0318352E7	1.938981E7	1.7645716E7	1.6148214E7	1.2405807E7	1.2083939E7	1.0955526E7	5960463.0	5717374.0	4586647.0	
sp|P41777|NOLC1_RAT	P41777	NOLC1_RAT	Nolc1	704	Rattus norvegicus	1:Experimental evidence at protein level	Nucleolar and coiled-body phosphoprotein 1	1.0	0.999	3	12	12	12	2	2	3	1	2	2	2	2	3	1	2	2	2	2	3	1	2	2	1.0487013E7	1.0290559E7	1.0691873E7	7608917.0	7207498.5	8578554.0	4437476.5	3814450.0	4395933.0	3102716.5	2783987.2	3502136.5	
sp|P42123|LDHB_RAT	P42123	LDHB_RAT	Ldhb	334	Rattus norvegicus	1:Experimental evidence at protein level	L-lactate dehydrogenase B chain	1.0	0.999	7	20	20	30	3	3	4	4	2	4	3	3	4	4	2	4	5	4	6	6	4	5	4.8292336E7	4.1037936E7	4.2707028E7	7.7333952E7	6.5570376E7	7.1912544E7	1.2961057E7	1.1757021E7	1.2165276E7	2.2103784E7	1.923094E7	2.1910618E7	
sp|P42676|NEUL_RAT	P42676	NEUL_RAT	Nln	704	Rattus norvegicus	1:Experimental evidence at protein level	Neurolysin, mitochondrial	1.0	0.999	8	19	19	19	4	5	4	1	2	3	4	5	4	1	2	3	4	5	4	1	2	3	2.8054302E7	2.3268598E7	2.002277E7	3.2206524E7	2.1484364E7	2.6465544E7	7579111.5	6152389.5	5609936.0	7204967.5	6211445.5	7636815.5	
sp|P42854|REG3G_RAT	P42854	REG3G_RAT	Reg3g	174	Rattus norvegicus	1:Experimental evidence at protein level	Regenerating islet-derived protein 3-gamma	1.0	0.999	5	23	23	23	0	0	0	5	9	9	0	0	0	5	9	9	0	0	0	5	9	9	0.0	0.0	0.0	3.69929952E8	3.798528E8	4.02036E8	0.0	0.0	0.0	1.58930944E8	1.56317056E8	1.7005136E8	
sp|P42930|HSPB1_RAT	P42930	HSPB1_RAT	Hspb1	206	Rattus norvegicus	1:Experimental evidence at protein level	Heat shock protein beta-1	1.0	0.999	6	27	27	27	5	4	4	6	4	4	5	4	4	6	4	4	5	4	4	6	4	4	6.0879268E7	6.8889208E7	9.4017552E7	1.86661568E8	2.04774784E8	1.65753328E8	2.492619E7	3.2821514E7	3.8021016E7	6.97378E7	7.5561112E7	7.7221352E7	
sp|P43138|APEX1_RAT	P43138	APEX1_RAT	Apex1	317	Rattus norvegicus	1:Experimental evidence at protein level	DNA repair nuclease/redox regulator APEX1	1.0	0.999	8	47	47	47	8	8	9	7	7	8	8	8	9	7	7	8	8	8	9	7	7	8	1.37871648E8	9.946452E7	9.7553992E7	1.51793248E8	1.48090688E8	1.38778176E8	2.5976064E7	1.9105996E7	1.8693996E7	2.9182306E7	2.829877E7	2.6840086E7	
sp|P43244|MATR3_RAT	P43244	MATR3_RAT	Matr3	845	Rattus norvegicus	1:Experimental evidence at protein level	Matrin-3	1.0	0.999	13	47	47	47	7	7	5	9	11	8	7	7	5	9	11	8	7	7	5	9	11	8	1.2498628E8	1.30396048E8	1.28527792E8	1.39635168E8	1.33291688E8	1.43066976E8	2.1628676E7	2.383506E7	2.4103742E7	2.5202634E7	2.40455E7	2.650219E7	
sp|P43278|H10_RAT	P43278	H10_RAT	H1-0	194	Rattus norvegicus	2:Experimental evidence at transcript level	Histone H1.0	1.0	0.999	4	39	39	39	7	7	5	8	6	6	7	7	5	8	6	6	7	7	5	8	6	6	5.9219776E8	7.0158624E8	5.04100736E8	9.528672E8	1.15715917E9	1.01501267E9	1.85404096E8	2.19628272E8	1.90740528E8	2.82191552E8	3.42306336E8	3.0800544E8	
sp|P43884|PLIN1_RAT	P43884	PLIN1_RAT	Plin1	517	Rattus norvegicus	1:Experimental evidence at protein level	Perilipin-1	1.0	0.999	8	18	18	18	2	0	1	5	4	6	2	0	1	5	4	6	2	0	1	5	4	6	1.0039194E7	8455847.0	8167698.0	7.0825408E7	7.1929512E7	6.4637608E7	3300078.0	2570217.5	2320131.8	1.5845769E7	1.6133919E7	1.4236676E7	
sp|P45479|PPT1_RAT	P45479	PPT1_RAT	Ppt1	306	Rattus norvegicus	1:Experimental evidence at protein level	Palmitoyl-protein thioesterase 1	1.0	0.999	2	7	7	7	2	0	0	2	1	2	2	0	0	2	1	2	2	0	0	2	1	2	4847086.5	6002513.0	5452987.0	1.2382246E7	1.0605178E7	1.0548496E7	2833544.0	3582100.8	3351309.2	7628916.5	6468261.0	6503116.5	
sp|P45592|COF1_RAT	P45592	COF1_RAT	Cfl1	166	Rattus norvegicus	1:Experimental evidence at protein level	Cofilin-1	1.0	0.999	5	35	35	45	5	7	5	6	6	6	5	7	5	6	6	6	6	9	8	8	7	7	4.62244288E8	4.77847168E8	5.08360704E8	5.8878496E8	5.9326387E8	5.8808102E8	1.95562064E8	1.98937504E8	2.0890088E8	2.41823456E8	2.38375136E8	2.27866608E8	
sp|P45953|ACADV_RAT	P45953	ACADV_RAT	Acadvl	655	Rattus norvegicus	1:Experimental evidence at protein level	Very long-chain specific acyl-CoA dehydrogenase, mitochondrial	1.0	0.999	13	40	40	40	8	6	7	7	6	6	8	6	7	7	6	6	8	6	7	7	6	6	1.42870016E8	1.2664032E8	1.12476432E8	1.3281388E8	9.339156E7	1.00660144E8	2.3517408E7	2.0314086E7	2.0006622E7	1.9583828E7	1.8219258E7	1.5588661E7	
sp|P46152|GATA4_RAT	P46152	GATA4_RAT	Gata4	440	Rattus norvegicus	1:Experimental evidence at protein level	Transcription factor GATA-4	0.9998	0.999	2	4	4	4	1	0	1	0	1	1	1	0	1	0	1	1	1	0	1	0	1	1	3454647.8	3611121.2	3907867.5	2758274.0	2730292.5	2377175.2	3454647.8	3611121.2	3907867.5	2758274.0	2730292.5	2377175.2	
sp|P46413|GSHB_RAT	P46413	GSHB_RAT	Gss	474	Rattus norvegicus	1:Experimental evidence at protein level	Glutathione synthetase	1.0	0.999	9	34	34	34	8	8	9	4	2	3	8	8	9	4	2	3	8	8	9	4	2	3	7.0236128E7	7.4714608E7	7.8972624E7	5.46702E7	6.2520712E7	6.4389256E7	1.157934E7	1.2680237E7	1.2684637E7	1.0275323E7	1.1740727E7	1.1951696E7	
sp|P46462|TERA_RAT	P46462	TERA_RAT	Vcp	806	Rattus norvegicus	1:Experimental evidence at protein level	Transitional endoplasmic reticulum ATPase	1.0	0.999	36	373	373	373	68	70	66	56	56	57	68	70	66	56	56	57	68	70	66	56	56	57	3.88766259E9	3.35664154E9	3.49453619E9	4.4483405E9	3.22648832E9	3.2828631E9	3.2920944E8	3.24747264E8	3.48806656E8	3.24445568E8	3.27371264E8	3.20903136E8	
sp|P46844|BIEA_RAT	P46844	BIEA_RAT	Blvra	295	Rattus norvegicus	1:Experimental evidence at protein level	Biliverdin reductase A	1.0	0.999	7	26	26	26	5	4	2	3	6	6	5	4	2	3	6	6	5	4	2	3	6	6	4.5606908E7	5.6630428E7	4.9096432E7	6.1760244E7	6.5576376E7	6.1557448E7	1.6026862E7	1.5893987E7	1.445606E7	1.7611474E7	1.76826E7	1.6806388E7	
sp|P47196|AKT1_RAT	P47196	AKT1_RAT	Akt1	480	Rattus norvegicus	1:Experimental evidence at protein level	RAC-alpha serine/threonine-protein kinase	0.9685	0.999	2	2	2	3	1	0	0	0	1	0	1	0	0	0	1	0	2	0	0	0	1	0	2731450.0	0.0	2330490.0	3642037.8	1708093.0	2298633.0	2731450.0	0.0	2330490.0	3642037.8	1708093.0	2298633.0	
sp|P47198|RL22_RAT	P47198	RL22_RAT	Rpl22	128	Rattus norvegicus	2:Experimental evidence at transcript level	Large ribosomal subunit protein eL22	1.0	0.999	3	46	46	46	8	10	6	8	8	6	8	10	6	8	8	6	8	10	6	8	8	6	9.8293933E8	1.24730893E9	1.09549504E9	8.9614874E8	1.00068877E9	9.9532243E8	6.3405203E8	7.9920013E8	6.0353773E8	5.7765747E8	5.9905491E8	5.9905914E8	
sp|P47245|NRDC_RAT	P47245	NRDC_RAT	Nrdc	1161	Rattus norvegicus	1:Experimental evidence at protein level	Nardilysin	0.9769	0.985	3	3	3	3	1	0	1	1	0	0	1	0	1	1	0	0	1	0	1	1	0	0	1.9788006E7	2.0768588E7	2.3038768E7	2.071797E7	2.2811862E7	1.5781009E7	1.9788006E7	2.0768588E7	2.1183086E7	2.071797E7	2.2811862E7	1.5781009E7	
sp|P47727|CBR1_RAT	P47727	CBR1_RAT	Cbr1	277	Rattus norvegicus	1:Experimental evidence at protein level	Carbonyl reductase [NADPH] 1	1.0	0.999	11	59	53	59	11	11	10	8	10	9	10	10	9	7	9	8	11	11	10	8	10	9	2.8514464E8	2.94071232E8	3.12928736E8	2.57756176E8	2.67070048E8	2.87507808E8	4.7614808E7	4.8499708E7	4.8083728E7	5.0954E7	5.3661044E7	5.3955004E7	
sp|P47853|PGS1_RAT	P47853	PGS1_RAT	Bgn	369	Rattus norvegicus	1:Experimental evidence at protein level	Biglycan	0.9971	0.999	1	3	3	3	1	0	0	0	1	1	1	0	0	0	1	1	1	0	0	0	1	1	644056.2	0.0	0.0	1487341.1	2467032.5	1390477.9	644056.2	0.0	0.0	1487341.1	2467032.5	1390477.9	
sp|P47858|PFKAM_RAT	P47858	PFKAM_RAT	Pfkm	780	Rattus norvegicus	1:Experimental evidence at protein level	ATP-dependent 6-phosphofructokinase, muscle type	0.9685	0.999	1	1	1	1	0	0	0	1	0	0	0	0	0	1	0	0	0	0	0	1	0	0	0.0	0.0	0.0	4819245.5	0.0	0.0	0.0	0.0	0.0	0.0	0.0	0.0	
sp|P47868|SCG3_RAT	P47868	SCG3_RAT	Scg3	471	Rattus norvegicus	1:Experimental evidence at protein level	Secretogranin-3	0.8099	0.9928	1	2	2	2	1	1	0	0	0	0	1	1	0	0	0	0	1	1	0	0	0	0	0.0	0.0	0.0	0.0	0.0	0.0	0.0	0.0	0.0	0.0	0.0	0.0	
sp|P47875|CSRP1_RAT	P47875	CSRP1_RAT	Csrp1	193	Rattus norvegicus	1:Experimental evidence at protein level	Cysteine and glycine-rich protein 1	1.0	0.999	6	44	44	44	9	8	8	6	6	7	9	8	8	6	6	7	9	8	8	6	6	7	1.85343168E8	1.76566368E8	1.89164592E8	2.2006696E8	2.28273648E8	2.43633312E8	5.3024532E7	4.7225644E7	5.7068744E7	5.8403164E7	6.1903492E7	6.4340144E7	
sp|P47942|DPYL2_RAT	P47942	DPYL2_RAT	Dpysl2	572	Rattus norvegicus	1:Experimental evidence at protein level	Dihydropyrimidinase-related protein 2	1.0	0.999	22	133	104	133	20	22	20	22	23	26	16	17	16	17	18	20	20	22	20	22	23	26	4.48922176E8	4.80446624E8	5.0860032E8	6.013337E8	5.9461536E8	1.4498455E9	6.806412E7	7.6100472E7	7.5892976E7	9.230348E7	9.30466E7	9.2265168E7	
sp|P47967|LEG5_RAT	P47967	LEG5_RAT	Lgals5	145	Rattus norvegicus	1:Experimental evidence at protein level	Galectin-5	0.9997	0.999	2	4	1	4	0	1	1	0	1	1	0	0	1	0	0	0	0	1	1	0	1	1	5757697.5	7544740.0	5684671.0	1.2041369E7	1.1482986E7	1.3457488E7	3374451.0	4342365.0	3423000.5	7226694.0	6831175.5	8040591.0	
sp|P48004|PSA7_RAT	P48004	PSA7_RAT	Psma7	254	Rattus norvegicus	1:Experimental evidence at protein level	Proteasome subunit alpha type-7	1.0	0.999	7	39	39	39	8	7	7	6	5	6	8	7	7	6	5	6	8	7	7	6	5	6	3.20572672E8	3.6374672E8	3.58085696E8	3.05033824E8	3.24807968E8	3.41126112E8	7.8283984E7	8.9428072E7	8.8028968E7	7.2673144E7	7.879252E7	8.3295504E7	
sp|P48037|ANXA6_RAT	P48037	ANXA6_RAT	Anxa6	673	Rattus norvegicus	1:Experimental evidence at protein level	Annexin A6	1.0	0.999	32	218	218	218	41	33	33	36	37	38	41	33	33	36	37	38	41	33	33	36	37	38	1.73188659E9	1.49362176E9	1.3652064E9	1.91852378E9	1.8922528E9	1.83724378E9	1.12500056E8	9.9658472E7	8.945224E7	1.2589492E8	1.22001632E8	1.2633308E8	
sp|P48199|CRP_RAT	P48199	CRP_RAT	Crp	230	Rattus norvegicus	1:Experimental evidence at protein level	C-reactive protein	1.0	0.999	4	22	22	22	2	3	2	3	5	7	2	3	2	3	5	7	2	3	2	3	5	7	5.6795744E7	6.31061E7	5.4631108E7	2.11953456E8	2.3391416E8	2.08902304E8	3.2411546E7	3.251545E7	3.2021176E7	9.0073168E7	1.01160912E8	8.6366872E7	
sp|P48450|LSS_RAT	P48450	LSS_RAT	Lss	733	Rattus norvegicus	1:Experimental evidence at protein level	Lanosterol synthase	0.9683	0.999	1	1	1	1	0	0	0	1	0	0	0	0	0	1	0	0	0	0	0	1	0	0	0.0	0.0	0.0	0.0	0.0	0.0	0.0	0.0	0.0	0.0	0.0	0.0	
sp|P48500|TPIS_RAT	P48500	TPIS_RAT	Tpi1	249	Rattus norvegicus	1:Experimental evidence at protein level	Triosephosphate isomerase	1.0	0.999	12	126	126	126	22	23	24	17	19	21	22	23	24	17	19	21	22	23	24	17	19	21	1.20954355E9	1.09845171E9	1.13169882E9	1.31676326E9	1.42427008E9	1.40526797E9	1.88559184E8	2.04017136E8	2.05354272E8	2.02729008E8	2.19397488E8	2.19663696E8	
sp|P48675|DESM_RAT	P48675	DESM_RAT	Des	469	Rattus norvegicus	1:Experimental evidence at protein level	Desmin	0.9944	0.999	4	2	2	17	0	1	1	0	0	0	0	1	1	0	0	0	3	4	4	2	2	2	0.0	3667309.0	4884487.0	4364460.0	0.0	5622006.0	0.0	3667309.0	4884487.0	4364460.0	0.0	5622006.0	
sp|P48679|LMNA_RAT	P48679	LMNA_RAT	Lmna	665	Rattus norvegicus	1:Experimental evidence at protein level	Prelamin-A/C	1.0	0.999	33	160	159	160	35	40	31	18	16	20	35	39	31	18	16	20	35	40	31	18	16	20	1.10297613E9	1.30007437E9	1.21907558E9	6.5345024E8	5.36366368E8	6.8831418E8	6.9628736E7	8.3304272E7	7.8897752E7	4.3201192E7	3.5042592E7	4.8489E7	
sp|P48721|HSPA9_RAT	P48721	HSPA9_RAT	Hspa9	679	Rattus norvegicus	1:Experimental evidence at protein level	Stress-70 protein, mitochondrial	1.0	0.999	26	216	216	225	46	44	45	24	30	27	46	44	45	24	30	27	48	45	47	25	31	29	1.41762662E9	1.51261197E9	1.49304461E9	7.7069619E8	9.9417626E8	8.6705978E8	1.46258192E8	1.57685584E8	1.6147432E8	8.2383816E7	8.9522672E7	8.677096E7	
sp|P49088|ASNS_RAT	P49088	ASNS_RAT	Asns	561	Rattus norvegicus	2:Experimental evidence at transcript level	Asparagine synthetase [glutamine-hydrolyzing]	1.0	0.999	19	116	116	116	24	18	19	17	21	17	24	18	19	17	21	17	24	18	19	17	21	17	7.8748006E8	6.8735866E8	5.8949389E8	7.2255014E8	6.908617E8	7.2166272E8	8.3413568E7	7.224616E7	6.995712E7	7.6612568E7	7.7920784E7	7.1899952E7	
sp|P49134|ITB1_RAT	P49134	ITB1_RAT	Itgb1	799	Rattus norvegicus	1:Experimental evidence at protein level	Integrin beta-1	1.0	0.999	10	27	24	27	2	3	1	8	7	6	2	3	1	7	6	5	2	3	1	8	7	6	5.260552E7	3.2854356E7	2.6948232E7	9.1552632E7	8.70628E7	9.4216688E7	8497127.0	6309277.5	5760283.5	1.4741573E7	1.4092665E7	1.4870289E7	
sp|P49242|RS3A_RAT	P49242	RS3A_RAT	Rps3a	264	Rattus norvegicus	1:Experimental evidence at protein level	Small ribosomal subunit protein eS1	1.0	0.999	16	298	298	298	54	56	56	44	46	42	54	56	56	44	46	42	54	56	56	44	46	42	6.0356393E9	6.090836E9	6.0621583E9	5.3750886E9	5.1979412E9	4.8337162E9	7.4558259E8	7.5082234E8	7.3314182E8	6.1034835E8	5.9542285E8	6.2292077E8	
sp|P49432|ODPB_RAT	P49432	ODPB_RAT	Pdhb	359	Rattus norvegicus	1:Experimental evidence at protein level	Pyruvate dehydrogenase E1 component subunit beta, mitochondrial	1.0	0.999	13	78	78	78	14	14	14	12	12	12	14	14	14	12	12	12	14	14	14	12	12	12	2.48539344E8	2.72992832E8	2.43156048E8	2.11055584E8	1.85871792E8	1.94859888E8	4.2731728E7	4.8582012E7	4.3222932E7	3.3302256E7	3.2480502E7	3.0575424E7	
sp|P49791|NU153_RAT	P49791	NU153_RAT	Nup153	1468	Rattus norvegicus	1:Experimental evidence at protein level	Nuclear pore complex protein Nup153	0.9685	0.999	2	2	2	2	0	0	0	1	0	1	0	0	0	1	0	1	0	0	0	1	0	1	1885482.2	2373128.8	841383.06	2180692.0	1958880.6	2072423.8	1885482.2	2373128.8	841383.06	2180692.0	1958880.6	2072423.8	
sp|P49793|NUP98_RAT	P49793	NUP98_RAT	Nup98	1816	Rattus norvegicus	1:Experimental evidence at protein level	Nuclear pore complex protein Nup98-Nup96	1.0	0.999	2	5	5	5	1	1	1	1	1	0	1	1	1	1	1	0	1	1	1	1	1	0	2.1036388E7	1.8349272E7	1.8101982E7	2.4163708E7	1.1426287E7	3176744.0	1.1893379E7	1.1525234E7	1.2032114E7	1.5160615E7	7815833.5	9761802.0	
sp|P49911|AN32A_RAT	P49911	AN32A_RAT	Anp32a	247	Rattus norvegicus	2:Experimental evidence at transcript level	Acidic leucine-rich nuclear phosphoprotein 32 family member A	1.0	0.999	6	40	35	40	6	6	7	6	8	7	6	5	6	5	7	6	6	6	7	6	8	7	3.0170912E8	3.54254528E8	3.31171744E8	3.02421408E8	3.04164032E8	3.08192288E8	8.2793704E7	9.724932E7	8.6693072E7	8.5298304E7	8.3607808E7	8.8181592E7	
sp|P50115|S10A8_RAT	P50115	S10A8_RAT	S100a8	89	Rattus norvegicus	1:Experimental evidence at protein level	Protein S100-A8	1.0	0.999	4	36	36	36	0	1	0	10	13	12	0	1	0	10	13	12	0	1	0	10	13	12	1.5722613E7	1.7206096E7	9493223.0	1.38242598E9	1.46656998E9	1.54320947E9	7273688.5	7537496.5	9123227.0	5.31052192E8	5.8383354E8	6.0261498E8	
sp|P50116|S10A9_RAT	P50116	S10A9_RAT	S100a9	113	Rattus norvegicus	1:Experimental evidence at protein level	Protein S100-A9	1.0	0.999	5	26	26	26	1	1	1	6	8	9	1	1	1	6	8	9	1	1	1	6	8	9	1214769.0	6535715.0	4731846.0	4.95600544E8	7.5310067E8	7.179287E8	1850992.0	5397948.5	3162464.8	1.63254384E8	1.89311472E8	1.81526864E8	
sp|P50137|TKT_RAT	P50137	TKT_RAT	Tkt	623	Rattus norvegicus	1:Experimental evidence at protein level	Transketolase	1.0	0.999	24	213	213	213	35	33	35	35	32	43	35	33	35	35	32	43	35	33	35	35	32	43	1.63238106E9	1.37456051E9	1.38507955E9	2.01024794E9	1.92181542E9	1.92438656E9	2.337904E8	1.98903856E8	1.97686112E8	2.71695488E8	2.70620992E8	2.69431616E8	
sp|P50398|GDIA_RAT	P50398	GDIA_RAT	Gdi1	447	Rattus norvegicus	1:Experimental evidence at protein level	Rab GDP dissociation inhibitor alpha	1.0	0.999	13	50	50	69	9	8	10	7	8	8	9	8	10	7	8	8	12	10	13	11	12	11	2.26205952E8	2.01942496E8	1.7865104E8	2.51487376E8	2.4010064E8	2.22089488E8	4.8073792E7	4.5782144E7	3.8234312E7	5.6432772E7	5.2057348E7	4.9650356E7	
sp|P50399|GDIB_RAT	P50399	GDIB_RAT	Gdi2	445	Rattus norvegicus	1:Experimental evidence at protein level	Rab GDP dissociation inhibitor beta	1.0	0.999	17	107	88	107	22	17	17	20	16	15	19	15	14	16	12	12	22	17	17	20	16	15	5.16382048E8	4.01074432E8	4.0082256E8	5.35350816E8	4.91530432E8	4.70823808E8	6.1668512E7	5.109748E7	4.771234E7	6.4788732E7	5.7380232E7	6.0439376E7	
sp|P50408|VATF_RAT	P50408	VATF_RAT	Atp6v1f	119	Rattus norvegicus	1:Experimental evidence at protein level	V-type proton ATPase subunit F	1.0	0.999	4	6	6	6	2	3	1	0	0	0	2	3	1	0	0	0	2	3	1	0	0	0	2.3507864E7	3.7650924E7	2.8704048E7	7320613.0	8152390.5	8247738.5	1.1390833E7	1.2486536E7	1.4832742E7	8204669.0	9136894.0	9243756.0	
sp|P50411|IPP2_RAT	P50411	IPP2_RAT	Ppp1r2	205	Rattus norvegicus	1:Experimental evidence at protein level	Protein phosphatase inhibitor 2	1.0	0.999	2	9	9	9	2	2	2	0	1	2	2	2	2	0	1	2	2	2	2	0	1	2	1.3720642E7	1.8097914E7	3.0423244E7	1.5351784E7	1.879272E7	1.9974104E7	7271652.0	1.2869839E7	1.3009338E7	7031581.5	8967564.0	8367162.5	
sp|P50430|ARSB_RAT	P50430	ARSB_RAT	Arsb	528	Rattus norvegicus	2:Experimental evidence at transcript level	Arylsulfatase B	0.9998	0.9989	2	4	4	4	0	0	1	0	1	2	0	0	1	0	1	2	0	0	1	0	1	2	1.5647836E7	1.531826E7	1.9146658E7	1.0783182E7	1.2787525E7	1.338752E7	9643274.0	9379244.0	1.2066735E7	6875074.0	8203854.5	8322446.0	
sp|P50442|GATM_RAT	P50442	GATM_RAT	Gatm	423	Rattus norvegicus	1:Experimental evidence at protein level	Glycine amidinotransferase, mitochondrial	1.0	0.999	20	251	251	251	55	54	52	31	27	32	55	54	52	31	27	32	55	54	52	31	27	32	3.54024269E9	3.29377331E9	3.01279898E9	1.55309005E9	1.25091366E9	1.33473728E9	6.2454291E8	5.7117818E8	5.320792E8	2.4926504E8	2.24081904E8	2.39370464E8	
sp|P50475|SYAC_RAT	P50475	SYAC_RAT	Aars1	968	Rattus norvegicus	1:Experimental evidence at protein level	Alanine--tRNA ligase, cytoplasmic	1.0	0.999	21	99	99	99	19	16	12	19	16	17	19	16	12	19	16	17	19	16	12	19	16	17	2.31767616E8	1.87239056E8	1.96402944E8	2.44544592E8	1.94683984E8	2.16888592E8	2.3996182E7	1.9648818E7	1.9784486E7	2.6217176E7	2.3868906E7	2.424705E7	
sp|P50503|F10A1_RAT	P50503	F10A1_RAT	St13	368	Rattus norvegicus	1:Experimental evidence at protein level	Hsc70-interacting protein	1.0	0.999	10	68	68	68	10	13	14	10	10	11	10	13	14	10	10	11	10	13	14	10	10	11	4.13521344E8	4.71887904E8	4.9605168E8	3.49528096E8	3.85912128E8	4.144312E8	6.6186236E7	7.6204168E7	8.0673392E7	5.5352868E7	6.1560448E7	6.474384E7	
sp|P50878|RL4_RAT	P50878	RL4_RAT	Rpl4	421	Rattus norvegicus	1:Experimental evidence at protein level	Large ribosomal subunit protein uL4	1.0	0.999	14	219	219	219	42	40	44	30	32	31	42	40	44	30	32	31	42	40	44	30	32	31	5.1117916E9	4.9496479E9	4.7632282E9	4.3083315E9	4.18370944E9	4.18655232E9	7.041385E8	6.8061139E8	6.5867795E8	5.7126861E8	5.6122656E8	5.5236685E8	
sp|P51514|HTF4_RAT	P51514	HTF4_RAT	Tcf12	707	Rattus norvegicus	1:Experimental evidence at protein level	Transcription factor 12	0.9676	0.999	1	1	1	1	1	0	0	0	0	0	1	0	0	0	0	0	1	0	0	0	0	0	0.0	0.0	0.0	0.0	0.0	0.0	0.0	0.0	0.0	0.0	0.0	0.0	
sp|P51577|P2RX4_RAT	P51577	P2RX4_RAT	P2rx4	388	Rattus norvegicus	1:Experimental evidence at protein level	P2X purinoceptor 4	0.9995	0.9989	1	4	4	4	0	0	0	1	1	2	0	0	0	1	1	2	0	0	0	1	1	2	0.0	0.0	0.0	2020179.0	0.0	878655.6	0.0	0.0	0.0	1515966.8	0.0	878655.6	
sp|P51583|PUR6_RAT	P51583	PUR6_RAT	Paics	425	Rattus norvegicus	1:Experimental evidence at protein level	Bifunctional phosphoribosylaminoimidazole carboxylase/phosphoribosylaminoimidazole succinocarboxamide synthetase	1.0	0.999	8	24	24	24	5	4	3	5	2	5	5	4	3	5	2	5	5	4	3	5	2	5	5.3388288E7	4.089146E7	4.2336224E7	6.0822996E7	4.7812868E7	5.1605128E7	1.5388367E7	1.169258E7	1.1377003E7	1.7431432E7	1.2510198E7	1.4550191E7	
sp|P51593|HUWE1_RAT	P51593	HUWE1_RAT	Huwe1	4454	Rattus norvegicus	1:Experimental evidence at protein level	E3 ubiquitin-protein ligase HUWE1	1.0	0.999	4	11	11	11	1	2	1	4	2	1	1	2	1	4	2	1	1	2	1	4	2	1	1.1851749E7	9846329.0	1.164129E7	1.3078758E7	1.1923339E7	1.0787617E7	1.1447162E7	2.0421224E7	7671438.0	1.2632284E7	1.1516308E7	1.0419356E7	
sp|P51635|AK1A1_RAT	P51635	AK1A1_RAT	Akr1a1	325	Rattus norvegicus	1:Experimental evidence at protein level	Aldo-keto reductase family 1 member A1	1.0	0.999	17	127	121	127	23	22	24	19	20	19	22	21	23	18	19	18	23	22	24	19	20	19	1.02509165E9	1.04593818E9	1.01778995E9	1.02931578E9	1.00230291E9	1.03962272E9	1.92494752E8	1.94344224E8	1.91056272E8	1.84225456E8	1.86490064E8	1.92861504E8	
sp|P51647|AL1A1_RAT	P51647	AL1A1_RAT	Aldh1a1	501	Rattus norvegicus	1:Experimental evidence at protein level	Aldehyde dehydrogenase 1A1	1.0	0.999	19	188	134	193	33	32	32	33	29	29	24	23	22	24	21	20	33	32	33	34	31	30	1.34224806E9	1.1293193E9	1.1133655E9	1.60603802E9	1.48349926E9	1.5025536E9	1.60403312E8	1.32848424E8	1.297966E8	1.83095984E8	1.63739056E8	1.6982656E8	
sp|P51650|SSDH_RAT	P51650	SSDH_RAT	Aldh5a1	523	Rattus norvegicus	1:Experimental evidence at protein level	Succinate-semialdehyde dehydrogenase, mitochondrial	1.0	0.999	2	2	2	2	0	2	0	0	0	0	0	2	0	0	0	0	0	2	0	0	0	0	0.0	0.0	0.0	0.0	0.0	0.0	0.0	0.0	0.0	0.0	0.0	0.0	
sp|P51886|LUM_RAT	P51886	LUM_RAT	Lum	338	Rattus norvegicus	1:Experimental evidence at protein level	Lumican	1.0	0.999	6	41	41	41	6	7	7	7	7	7	6	7	7	7	7	7	6	7	7	7	7	7	1.77236832E8	1.7684496E8	1.54570352E8	1.84962528E8	1.78786736E8	1.71796176E8	5.0167124E7	5.114954E7	4.2150244E7	5.4969556E7	5.0482304E7	4.701692E7	
sp|P52296|IMB1_RAT	P52296	IMB1_RAT	Kpnb1	875	Rattus norvegicus	1:Experimental evidence at protein level	Importin subunit beta-1	1.0	0.999	9	27	27	27	5	4	2	4	6	6	5	4	2	4	6	6	5	4	2	4	6	6	6.2476628E7	3.1216088E7	3.581954E7	1.0777924E8	8.4569504E7	8.2068648E7	1.615555E7	9446571.0	9259425.0	2.1579494E7	2.0018036E7	1.8156768E7	
sp|P52303|AP1B1_RAT	P52303	AP1B1_RAT	Ap1b1	949	Rattus norvegicus	1:Experimental evidence at protein level	AP-1 complex subunit beta-1	1.0	0.999	15	46	29	46	9	1	3	13	10	10	7	1	1	7	8	5	9	1	3	13	10	10	1.09054752E8	5.6230804E7	6.0159104E7	1.3092364E8	1.39066928E8	1.36056608E8	1.2061654E7	7696605.0	7405655.0	1.8186348E7	1.6519177E7	1.8158694E7	
sp|P52504|NDUS6_RAT	P52504	NDUS6_RAT	Ndufs6	116	Rattus norvegicus	3:Protein inferred from homology	NADH dehydrogenase [ubiquinone] iron-sulfur protein 6, mitochondrial	0.9685	0.999	1	3	3	3	1	1	1	0	0	0	1	1	1	0	0	0	1	1	1	0	0	0	5377051.0	7750408.5	5992795.5	3989550.8	3818197.2	2116573.0	5377051.0	7750408.5	5992795.5	3989550.8	3818197.2	2116573.0	
sp|P52555|ERP29_RAT	P52555	ERP29_RAT	Erp29	260	Rattus norvegicus	1:Experimental evidence at protein level	Endoplasmic reticulum resident protein 29	1.0	0.999	9	72	72	72	11	16	16	11	9	9	11	16	16	11	9	9	11	16	16	11	9	9	4.0421008E8	4.67505952E8	4.97897472E8	3.19076384E8	3.41418368E8	3.60777184E8	1.09462984E8	1.26689072E8	1.329212E8	8.6777872E7	9.3574568E7	9.9334712E7	
sp|P52590|NU107_RAT	P52590	NU107_RAT	Nup107	926	Rattus norvegicus	1:Experimental evidence at protein level	Nuclear pore complex protein Nup107	0.9359	0.9979	1	1	1	1	0	0	0	1	0	0	0	0	0	1	0	0	0	0	0	1	0	0	0.0	0.0	0.0	0.0	0.0	0.0	0.0	0.0	0.0	0.0	0.0	0.0	
sp|P52631|STAT3_RAT	P52631	STAT3_RAT	Stat3	770	Rattus norvegicus	1:Experimental evidence at protein level	Signal transducer and activator of transcription 3	1.0	0.999	4	8	8	8	1	0	0	2	4	1	1	0	0	2	4	1	1	0	0	2	4	1	9494267.0	3304214.0	0.0	2.201438E7	2.5907882E7	1.5823154E7	4269438.0	6981051.5	0.0	1.2691282E7	1.1784336E7	1.0552273E7	
sp|P52759|RIDA_RAT	P52759	RIDA_RAT	Rida	137	Rattus norvegicus	1:Experimental evidence at protein level	2-iminobutanoate/2-iminopropanoate deaminase	1.0	0.999	6	84	84	84	12	16	19	12	13	12	12	16	19	12	13	12	12	16	19	12	13	12	8.4865069E8	9.3956506E8	9.7048186E8	6.9494144E8	7.8057408E8	7.883264E8	2.1849768E8	2.43071648E8	2.5003912E8	1.8169336E8	1.97263056E8	2.02875792E8	
sp|P52873|PYC_RAT	P52873	PYC_RAT	Pc	1178	Rattus norvegicus	1:Experimental evidence at protein level	Pyruvate carboxylase, mitochondrial	1.0	0.999	28	142	142	142	27	25	15	25	22	28	27	25	15	25	22	28	27	25	15	25	22	28	3.34529408E8	2.72058944E8	2.42590512E8	4.15528608E8	4.04274624E8	3.9743232E8	3.549446E7	2.8155756E7	2.8684516E7	4.3950892E7	4.2052752E7	4.2196272E7	
sp|P52925|HMGB2_RAT	P52925	HMGB2_RAT	Hmgb2	210	Rattus norvegicus	2:Experimental evidence at transcript level	High mobility group protein B2	1.0	0.999	4	38	27	38	7	8	5	6	6	6	4	6	3	4	5	5	7	8	5	6	6	6	2.72377888E8	3.06181824E8	3.01717248E8	4.80205536E8	5.8504634E8	5.6481133E8	9.1316424E7	9.9745752E7	1.01393784E8	1.4364032E8	1.61379056E8	1.60870608E8	
sp|P52944|PDLI1_RAT	P52944	PDLI1_RAT	Pdlim1	327	Rattus norvegicus	1:Experimental evidence at protein level	PDZ and LIM domain protein 1	1.0	0.999	10	72	72	72	13	12	12	12	11	12	13	12	12	12	11	12	13	12	12	12	11	12	1.67252544E8	2.09173856E8	2.0931096E8	1.95683136E8	2.45744304E8	2.29365056E8	2.5336644E7	3.0269774E7	3.1117802E7	2.8872408E7	3.7172792E7	3.6582836E7	
sp|P53042|PPP5_RAT	P53042	PPP5_RAT	Ppp5c	499	Rattus norvegicus	1:Experimental evidence at protein level	Serine/threonine-protein phosphatase 5	1.0	0.999	4	14	14	14	2	4	3	1	2	2	2	4	3	1	2	2	2	4	3	1	2	2	1.4985218E7	1.6983714E7	1.4899298E7	1.7171164E7	1.4515939E7	1.2455916E7	6599301.5	7056933.5	6531385.5	7483296.5	6975857.0	7078055.0	
sp|P53534|PYGB_RAT	P53534	PYGB_RAT	Pygb	838	Rattus norvegicus	1:Experimental evidence at protein level	Glycogen phosphorylase, brain form (Fragment)	1.0	0.999	15	42	32	42	8	6	4	8	9	7	6	5	4	6	7	4	8	6	4	8	9	7	7.6257128E7	4.4487772E7	4.4551468E7	8.4929568E7	7.9357472E7	9.1896448E7	9818763.0	7207131.5	7737833.0	1.2125308E7	1.1752507E7	1.1850889E7	
sp|P53565|CUX1_RAT	P53565	CUX1_RAT	Cux1	1504	Rattus norvegicus	1:Experimental evidence at protein level	Homeobox protein cut-like 1	0.9959	0.9988	2	4	4	4	1	0	0	1	1	1	1	0	0	1	1	1	1	0	0	1	1	1	6767443.0	0.0	0.0	1.0037654E7	7961123.0	9449673.0	6767443.0	0.0	0.0	1.0037654E7	7961123.0	9449673.0	
sp|P53676|AP3M1_RAT	P53676	AP3M1_RAT	Ap3m1	418	Rattus norvegicus	1:Experimental evidence at protein level	AP-3 complex subunit mu-1	1.0	0.999	3	7	7	7	3	2	1	0	0	1	3	2	1	0	0	1	3	2	1	0	0	1	1.3299176E7	9569554.0	8812057.0	1.5022976E7	8765146.0	1.004535E7	6092814.0	4265802.5	5350872.5	7145857.5	6204367.0	7181390.0	
sp|P53812|PIPNB_RAT	P53812	PIPNB_RAT	Pitpnb	271	Rattus norvegicus	1:Experimental evidence at protein level	Phosphatidylinositol transfer protein beta isoform	1.0	0.999	7	23	23	23	3	4	2	4	5	5	3	4	2	4	5	5	3	4	2	4	5	5	5.4013336E7	5.6796316E7	3.7589584E7	3.6206728E7	4.4896544E7	4.7831612E7	1.5853352E7	1.3585009E7	1.2081905E7	1.3301057E7	1.3166952E7	1.4150466E7	
sp|P53987|MOT1_RAT	P53987	MOT1_RAT	Slc16a1	494	Rattus norvegicus	1:Experimental evidence at protein level	Monocarboxylate transporter 1	0.9646	0.9989	1	3	3	3	0	0	0	1	1	1	0	0	0	1	1	1	0	0	0	1	1	1	0.0	0.0	0.0	3740926.0	4469102.5	4868128.5	0.0	0.0	0.0	3740926.0	4469102.5	4868128.5	
sp|P54311|GBB1_RAT	P54311	GBB1_RAT	Gnb1	340	Rattus norvegicus	1:Experimental evidence at protein level	Guanine nucleotide-binding protein G(I)/G(S)/G(T) subunit beta-1	1.0	0.999	7	11	11	34	2	2	1	2	2	2	2	2	1	2	2	2	6	5	4	5	8	6	1.9244756E7	1.849521E7	1.8250478E7	2.4979506E7	3.0186118E7	2.0765948E7	1.6724713E7	1.6317575E7	1.3375836E7	2.2619492E7	2.7089044E7	2.198995E7	
sp|P54313|GBB2_RAT	P54313	GBB2_RAT	Gnb2	340	Rattus norvegicus	1:Experimental evidence at protein level	Guanine nucleotide-binding protein G(I)/G(S)/G(T) subunit beta-2	1.0	0.999	10	36	7	36	4	6	3	7	9	7	0	2	0	3	1	1	4	6	3	7	9	7	7.854616E7	9.4005744E7	8.0074848E7	2.41819872E8	2.17605744E8	2.12579088E8	3.2351572E7	2.6198536E7	2.2159234E7	4.7720072E7	4.1894648E7	4.2044644E7	
sp|P54316|LIPR1_RAT	P54316	LIPR1_RAT	Pnliprp1	473	Rattus norvegicus	2:Experimental evidence at transcript level	Inactive pancreatic lipase-related protein 1	1.0	0.999	24	1188	1188	1188	142	165	151	232	250	248	142	165	151	232	250	248	142	165	151	232	250	248	1.62806876E10	1.46267023E10	1.51507661E10	4.0108003E10	3.7764129E10	3.7131723E10	1.32850176E9	1.2050921E9	1.27912051E9	3.14490931E9	2.93415296E9	2.96235571E9	
sp|P54318|LIPR2_RAT	P54318	LIPR2_RAT	Pnliprp2	468	Rattus norvegicus	1:Experimental evidence at protein level	Pancreatic lipase-related protein 2	1.0	0.999	24	410	410	410	50	47	45	94	87	87	50	47	45	94	87	87	50	47	45	94	87	87	3.40900198E9	2.55013325E9	2.51860838E9	1.24981514E10	1.15053466E10	1.15656346E10	3.44987584E8	2.94940384E8	2.91582912E8	1.36817651E9	1.23708173E9	1.2327296E9	
sp|P54319|PLAP_RAT	P54319	PLAP_RAT	Plaa	795	Rattus norvegicus	1:Experimental evidence at protein level	Phospholipase A-2-activating protein	1.0	0.999	5	9	9	9	1	0	2	0	2	4	1	0	2	0	2	4	1	0	2	0	2	4	2.4826248E7	1.622132E7	2.3289272E7	3.9309912E7	3.011212E7	2.6153052E7	2.0221948E7	1.3690041E7	1.8605622E7	3.3411442E7	3.06139E7	2.5502606E7	
sp|P54921|SNAA_RAT	P54921	SNAA_RAT	Napa	295	Rattus norvegicus	1:Experimental evidence at protein level	Alpha-soluble NSF attachment protein	1.0	0.999	9	33	27	33	9	6	5	5	4	4	7	5	5	4	3	3	9	6	5	5	4	4	6.7954032E7	6.3525488E7	4.9401124E7	4.7542532E7	5.2204488E7	4.5201056E7	1.8018952E7	1.6077035E7	1.2605305E7	1.6721688E7	1.6404266E7	1.5465911E7	
sp|P55009|AIF1_RAT	P55009	AIF1_RAT	Aif1	147	Rattus norvegicus	2:Experimental evidence at transcript level	Allograft inflammatory factor 1	0.9685	0.999	1	1	1	1	0	0	1	0	0	0	0	0	1	0	0	0	0	0	1	0	0	0	0.0	0.0	1590395.4	4497572.0	2297337.2	1310609.8	0.0	0.0	1590395.4	4497572.0	2297337.2	1310609.8	
sp|P55053|FABP5_RAT	P55053	FABP5_RAT	Fabp5	135	Rattus norvegicus	1:Experimental evidence at protein level	Fatty acid-binding protein 5	1.0	0.999	6	34	34	34	5	6	5	6	6	6	5	6	5	6	6	6	5	6	5	6	6	6	1.40043312E8	1.74894032E8	1.51806752E8	1.88030496E8	2.11728464E8	2.01033552E8	3.9983132E7	5.2182264E7	4.4526212E7	5.4607304E7	6.1745132E7	5.9209768E7	
sp|P55062|BI1_RAT	P55062	BI1_RAT	Tmbim6	237	Rattus norvegicus	2:Experimental evidence at transcript level	Bax inhibitor 1	0.9209	0.9974	1	1	1	1	1	0	0	0	0	0	1	0	0	0	0	0	1	0	0	0	0	0	2420285.5	1209908.5	997266.7	2008161.8	2469901.2	2073014.9	2420285.5	1209908.5	997266.7	2008161.8	2469901.2	2073014.9	
sp|P55091|CTRC_RAT	P55091	CTRC_RAT	Ctrc	268	Rattus norvegicus	1:Experimental evidence at protein level	Chymotrypsin-C	1.0	0.999	8	523	523	523	74	83	71	100	97	98	74	83	71	100	97	98	74	83	71	100	97	98	1.00724091E10	8.6650634E9	9.2255908E9	1.92688374E10	1.83006392E10	1.8152702E10	2.37438899E9	2.03361139E9	2.00955981E9	4.7212273E9	4.346177E9	4.17614746E9	
sp|P55159|PON1_RAT	P55159	PON1_RAT	Pon1	355	Rattus norvegicus	1:Experimental evidence at protein level	Serum paraoxonase/arylesterase 1	0.9685	0.999	1	1	1	1	0	0	0	1	0	0	0	0	0	1	0	0	0	0	0	1	0	0	0.0	0.0	0.0	0.0	0.0	0.0	0.0	0.0	0.0	0.0	0.0	0.0	
sp|P55161|NCKP1_RAT	P55161	NCKP1_RAT	Nckap1	1128	Rattus norvegicus	2:Experimental evidence at transcript level	Nck-associated protein 1	0.9685	0.999	1	3	3	3	0	0	0	1	1	1	0	0	0	1	1	1	0	0	0	1	1	1	1617011.8	2186805.2	0.0	1.1942783E7	6855393.5	3891205.8	1617011.8	2186805.2	0.0	1.1942783E7	6855393.5	3891205.8	
sp|P55213|CASP3_RAT	P55213	CASP3_RAT	Casp3	277	Rattus norvegicus	2:Experimental evidence at transcript level	Caspase-3	1.0	0.999	5	27	17	27	5	4	2	5	4	7	3	2	1	3	3	5	5	4	2	5	4	7	2.0061016E7	2.2063904E7	2.3368358E7	3.0668168E7	2.561742E7	3.1120302E7	9556770.0	9946714.0	1.069944E7	1.2294448E7	1.069188E7	1.2249644E7	
sp|P55260|ANXA4_RAT	P55260	ANXA4_RAT	Anxa4	319	Rattus norvegicus	1:Experimental evidence at protein level	Annexin A4	1.0	0.999	13	67	67	67	11	10	12	11	12	11	11	10	12	11	12	11	11	10	12	11	12	11	3.01027104E8	2.73275904E8	2.76769152E8	2.6421256E8	2.93170816E8	1.9086336E8	4.9844416E7	4.638614E7	4.643672E7	5.036424E7	4.7676884E7	4.275818E7	
sp|P55770|NH2L1_RAT	P55770	NH2L1_RAT	Snu13	128	Rattus norvegicus	2:Experimental evidence at transcript level	NHP2-like protein 1	1.0	0.999	6	30	30	30	5	5	4	6	4	6	5	5	4	6	4	6	5	5	4	6	4	6	1.56147824E8	1.73335664E8	1.82077472E8	1.68211808E8	1.61259968E8	1.84616192E8	4.3116196E7	5.1921516E7	5.3859756E7	4.8568464E7	4.568928E7	5.2405872E7	
sp|P56522|ADRO_RAT	P56522	ADRO_RAT	Fdxr	494	Rattus norvegicus	1:Experimental evidence at protein level	NADPH:adrenodoxin oxidoreductase, mitochondrial	0.9996	0.999	2	5	5	5	1	2	1	0	0	1	1	2	1	0	0	1	1	2	1	0	0	1	4678661.5	4891517.0	5397861.0	3033238.0	4005760.8	3875059.0	2866454.8	2885814.5	3323136.5	1864370.6	2149579.8	2342442.5	
sp|P56571|ES1_RAT	P56571	ES1_RAT		266	Rattus norvegicus	1:Experimental evidence at protein level	ES1 protein homolog, mitochondrial	1.0	0.999	10	84	84	84	16	17	17	13	11	10	16	17	17	13	11	10	16	17	17	13	11	10	7.141879E8	7.4005318E8	7.9738598E8	4.12419264E8	4.46402624E8	3.9612288E8	1.46418976E8	1.534744E8	1.66990224E8	8.547552E7	8.865388E7	9.0442544E7	
sp|P56574|IDHP_RAT	P56574	IDHP_RAT	Idh2	452	Rattus norvegicus	1:Experimental evidence at protein level	Isocitrate dehydrogenase [NADP], mitochondrial	1.0	0.999	19	210	205	210	39	41	42	28	30	30	38	40	41	27	29	30	39	41	42	28	30	30	3.30311117E9	3.23232256E9	3.28201446E9	1.83313472E9	1.76174118E9	1.87574976E9	3.25902432E8	3.2885472E8	3.33216512E8	1.79252464E8	1.75004704E8	1.84206912E8	
sp|P56603|SCAM1_RAT	P56603	SCAM1_RAT	Scamp1	338	Rattus norvegicus	1:Experimental evidence at protein level	Secretory carrier-associated membrane protein 1	1.0	0.999	2	6	6	6	1	1	0	1	1	2	1	1	0	1	1	2	1	1	0	1	1	2	5481386.5	3882741.0	2371843.2	3111875.0	6715483.0	1.5263784E7	5481386.5	3882741.0	2371843.2	3111875.0	6715483.0	8687013.0	
sp|P57093|PAHX_RAT	P57093	PAHX_RAT	Phyh	338	Rattus norvegicus	1:Experimental evidence at protein level	Phytanoyl-CoA dioxygenase, peroxisomal	0.6074	0.9805	1	1	1	1	0	0	1	0	0	0	0	0	1	0	0	0	0	0	1	0	0	0	0.0	0.0	0.0	0.0	0.0	0.0	0.0	0.0	0.0	0.0	0.0	0.0	
sp|P57113|MAAI_RAT	P57113	MAAI_RAT	Gstz1	216	Rattus norvegicus	1:Experimental evidence at protein level	Maleylacetoacetate isomerase	1.0	0.999	9	34	34	34	7	8	8	5	3	3	7	8	8	5	3	3	7	8	8	5	3	3	9.6929384E7	1.14087216E8	1.10620536E8	5.1702732E7	3.620504E7	2.9746208E7	2.1779216E7	2.0385742E7	1.9741978E7	9846538.0	8436547.0	7586727.5	
sp|P58200|VTI1B_RAT	P58200	VTI1B_RAT	Vti1b	232	Rattus norvegicus	1:Experimental evidence at protein level	Vesicle transport through interaction with t-SNAREs homolog 1B	1.0	0.999	2	5	5	5	0	1	0	2	1	1	0	1	0	2	1	1	0	1	0	2	1	1	0.0	3414190.8	0.0	7004561.0	3420596.8	7903597.0	0.0	3414190.8	0.0	4678935.0	3420596.8	4879467.0	
sp|P58405|STRN3_RAT	P58405	STRN3_RAT	Strn3	794	Rattus norvegicus	1:Experimental evidence at protein level	Striatin-3	1.0	0.999	5	10	10	10	2	1	3	0	3	1	2	1	3	0	3	1	2	1	3	0	3	1	1.8950632E7	1.3845159E7	1.9947364E7	9868899.0	1.2642059E7	1.2426338E7	7720764.5	6243853.5	8117063.0	6020384.5	6122552.5	6142900.0	
sp|P58775|TPM2_RAT	P58775	TPM2_RAT	Tpm2	284	Rattus norvegicus	1:Experimental evidence at protein level	Tropomyosin beta chain	0.9943	0.999	5	1	1	26	0	0	0	1	0	0	0	0	0	1	0	0	5	4	5	5	4	3	0.0	0.0	0.0	3.8568548E7	0.0	0.0	0.0	0.0	0.0	0.0	0.0	0.0	
sp|P60123|RUVB1_RAT	P60123	RUVB1_RAT	Ruvbl1	456	Rattus norvegicus	1:Experimental evidence at protein level	RuvB-like 1	1.0	0.999	7	24	24	24	3	5	5	4	4	3	3	5	5	4	4	3	3	5	5	4	4	3	3.2486066E7	4.1858256E7	3.858782E7	4.7949436E7	4.0471744E7	4.6102004E7	1.0322432E7	1.0692684E7	1.1635209E7	1.3594368E7	1.2779881E7	1.2947261E7	
sp|P60522|GBRL2_RAT	P60522	GBRL2_RAT	Gabarapl2	117	Rattus norvegicus	3:Protein inferred from homology	Gamma-aminobutyric acid receptor-associated protein-like 2	0.9946	0.9961	2	4	3	4	1	1	2	0	0	0	1	1	1	0	0	0	1	1	2	0	0	0	3.0342732E7	3.646706E7	4.2959528E7	1.9711918E7	2.1242384E7	2.551765E7	3.0342732E7	3.646706E7	4.2015872E7	1.9711918E7	2.1242384E7	2.551765E7	
sp|P60711|ACTB_RAT	P60711	ACTB_RAT	Actb	375	Rattus norvegicus	1:Experimental evidence at protein level	Actin, cytoplasmic 1	1.0	0.999	18	699	45	699	118	119	102	118	123	119	8	10	6	6	5	10	118	119	102	118	123	119	1.45108521E10	1.16886671E10	1.09659894E10	2.02342748E10	1.87194634E10	1.93401426E10	2.34287898E9	2.12591514E9	1.93295795E9	3.18204518E9	2.95102618E9	2.91301325E9	
sp|P60825|CIRBP_RAT	P60825	CIRBP_RAT	Cirbp	172	Rattus norvegicus	2:Experimental evidence at transcript level	Cold-inducible RNA-binding protein	1.0	0.999	2	5	5	5	2	1	2	0	0	0	2	1	2	0	0	0	2	1	2	0	0	0	1.0945185E7	1.3811882E7	1.6533159E7	8637364.0	1.1404402E7	2434160.0	6722913.5	8374832.5	1.0404282E7	7946984.5	1.0492854E7	4610463.0	
sp|P60841|ENSA_RAT	P60841	ENSA_RAT	Ensa	121	Rattus norvegicus	1:Experimental evidence at protein level	Alpha-endosulfine	0.9685	0.999	2	7	7	13	1	2	2	0	1	1	1	2	2	0	1	1	2	3	3	1	2	2	4.3255564E7	4.5527324E7	3.9875592E7	3.9467312E7	2.7686736E7	3.6826104E7	4.3255564E7	4.5527324E7	3.9875592E7	3.9467312E7	2.7686736E7	3.6826104E7	
sp|P60868|RS20_RAT	P60868	RS20_RAT	Rps20	119	Rattus norvegicus	1:Experimental evidence at protein level	Small ribosomal subunit protein uS10	1.0	0.999	3	57	57	57	10	12	11	8	8	8	10	12	11	8	8	8	10	12	11	8	8	8	3.18924646E9	3.55953408E9	3.41748685E9	2.78959974E9	2.9701865E9	2.93836902E9	1.05705574E9	1.16726515E9	1.08013376E9	9.1804493E8	9.7371616E8	9.5779661E8	
sp|P60892|PRPS1_RAT	P60892	PRPS1_RAT	Prps1	318	Rattus norvegicus	1:Experimental evidence at protein level	Ribose-phosphate pyrophosphokinase 1	1.0	0.999	8	42	17	42	7	6	8	7	6	8	3	2	4	2	2	4	7	6	8	7	6	8	1.01801512E8	1.01984272E8	9.9628656E7	9.8772832E7	1.01052144E8	9.6110848E7	2.0395442E7	2.1863404E7	2.1351842E7	2.0934118E7	1.9678236E7	1.9489656E7	
sp|P60901|PSA6_RAT	P60901	PSA6_RAT	Psma6	246	Rattus norvegicus	1:Experimental evidence at protein level	Proteasome subunit alpha type-6	1.0	0.999	10	59	59	59	13	12	12	9	7	6	13	12	12	9	7	6	13	12	12	9	7	6	2.72228128E8	2.8838176E8	3.22843488E8	2.55193136E8	2.49205248E8	2.62413392E8	5.2167088E7	5.1778584E7	5.6746356E7	4.697932E7	4.6143668E7	4.6684068E7	
sp|P61023|CHP1_RAT	P61023	CHP1_RAT	Chp1	195	Rattus norvegicus	1:Experimental evidence at protein level	Calcineurin B homologous protein 1	1.0	0.999	1	2	2	2	0	0	0	0	0	2	0	0	0	0	0	2	0	0	0	0	0	2	0.0	1435309.4	0.0	2792442.5	0.0	1.2679534E7	0.0	2782747.8	0.0	5413929.0	0.0	2966261.2	
sp|P61078|UB2D3_RAT	P61078	UB2D3_RAT	Ube2d3	147	Rattus norvegicus	2:Experimental evidence at transcript level	Ubiquitin-conjugating enzyme E2 D3	1.0	0.999	2	4	0	4	0	2	0	1	1	0	0	0	0	0	0	0	0	2	0	1	1	0	1.2481898E7	7516575.0	6150686.0	1.4324871E7	1.2458547E7	0.0	1.2481898E7	7516575.0	6150686.0	1.4324871E7	1.2458547E7	0.0	sp|P62839|UB2D2_RAT
sp|P61107|RAB14_RAT	P61107	RAB14_RAT	Rab14	215	Rattus norvegicus	1:Experimental evidence at protein level	Ras-related protein Rab-14	1.0	0.999	9	27	27	32	3	5	5	5	3	6	3	5	5	5	3	6	4	6	6	5	4	7	8.2975664E7	5.6445224E7	6.9532672E7	8.9729752E7	7.6004496E7	8.2934896E7	2.3377678E7	1.8026458E7	1.9196966E7	2.5726218E7	2.1117242E7	2.5392864E7	
sp|P61203|CSN2_RAT	P61203	CSN2_RAT	Cops2	443	Rattus norvegicus	1:Experimental evidence at protein level	COP9 signalosome complex subunit 2	0.9997	0.999	2	2	2	2	0	0	0	1	0	1	0	0	0	1	0	1	0	0	0	1	0	1	1.2418124E7	1.108135E7	8680650.0	1.3122116E7	8601047.0	2789085.0	7455791.0	6746884.0	4917031.0	8820971.0	6007834.5	7723161.5	
sp|P61206|ARF3_RAT	P61206	ARF3_RAT	Arf3	181	Rattus norvegicus	2:Experimental evidence at transcript level	ADP-ribosylation factor 3	1.0	0.999	8	93	0	93	16	14	15	19	15	14	0	0	0	0	0	0	16	14	15	19	15	14	9.5755808E8	7.6835117E8	7.132583E8	1.27213773E9	1.16103962E9	1.07535898E9	1.7091056E8	1.35182976E8	1.4349776E8	2.0541424E8	1.93079744E8	1.91488064E8	sp|P84079|ARF1_RAT
sp|P61212|ARL1_RAT	P61212	ARL1_RAT	Arl1	181	Rattus norvegicus	1:Experimental evidence at protein level	ADP-ribosylation factor-like protein 1	1.0	0.999	3	13	13	13	3	1	2	3	2	2	3	1	2	3	2	2	3	1	2	3	2	2	2.2280128E7	2.0279334E7	2.0157278E7	3.3544844E7	2.2697136E7	2.3372632E7	1.0244656E7	9695008.0	9274915.0	1.4340742E7	1.1336241E7	1.1087767E7	
sp|P61314|RL15_RAT	P61314	RL15_RAT	Rpl15	204	Rattus norvegicus	1:Experimental evidence at protein level	Large ribosomal subunit protein eL15	1.0	0.999	10	100	100	100	17	16	16	19	18	14	17	16	16	19	18	14	17	16	16	19	18	14	1.87465651E9	1.56016653E9	1.57229901E9	1.74030298E9	1.56024192E9	1.71759654E9	4.40744896E8	3.604272E8	3.65937344E8	3.96054304E8	3.4990208E8	3.83505856E8	
sp|P61354|RL27_RAT	P61354	RL27_RAT	Rpl27	136	Rattus norvegicus	2:Experimental evidence at transcript level	Large ribosomal subunit protein eL27	1.0	0.999	5	88	88	88	15	18	14	11	13	17	15	18	14	11	13	17	15	18	14	11	13	17	2.31039821E9	2.81124045E9	2.9830697E9	1.99357786E9	2.1766935E9	2.26186086E9	8.9270016E8	1.10341414E9	1.08659226E9	7.0478496E8	8.235449E8	7.9912608E8	
sp|P61459|PHS_RAT	P61459	PHS_RAT	Pcbd1	104	Rattus norvegicus	1:Experimental evidence at protein level	Pterin-4-alpha-carbinolamine dehydratase	1.0	0.999	5	20	20	20	3	3	4	3	3	4	3	3	4	3	3	4	3	3	4	3	3	4	4.0438836E7	5.2999224E7	6.2715092E7	5.2205568E7	5.7061464E7	6.896452E7	2.1370402E7	2.9326122E7	3.2459664E7	1.7375236E7	1.8615332E7	2.2247836E7	
sp|P61480|WDR12_RAT	P61480	WDR12_RAT	Wdr12	423	Rattus norvegicus	2:Experimental evidence at transcript level	Ribosome biogenesis protein WDR12	0.9992	0.999	2	3	3	3	0	1	0	0	1	1	0	1	0	0	1	1	0	1	0	0	1	1	0.0	1067770.9	845471.0	1732543.5	4155178.8	1587291.4	0.0	1067770.9	845471.0	1732543.5	0.0	1587291.4	
sp|P61515|RL37A_RAT	P61515	RL37A_RAT	Rpl37a	92	Rattus norvegicus	1:Experimental evidence at protein level	Large ribosomal subunit protein eL43	1.0	0.999	4	103	103	103	17	23	23	12	13	15	17	23	23	12	13	15	17	23	23	12	13	15	1.00818662E9	1.28971405E9	1.28947891E9	9.2842234E8	1.03238906E9	1.02737402E9	3.0269584E8	3.80237312E8	4.009248E8	2.66458784E8	2.96780896E8	3.08154464E8	
sp|P61589|RHOA_RAT	P61589	RHOA_RAT	Rhoa	193	Rattus norvegicus	1:Experimental evidence at protein level	Transforming protein RhoA	1.0	0.999	5	36	29	36	5	6	6	5	7	7	4	4	4	5	6	6	5	6	6	5	7	7	1.94356752E8	1.85772688E8	1.70777296E8	2.35368864E8	2.18320816E8	2.153644E8	5.356314E7	5.0044936E7	4.6238424E7	7.0009736E7	6.1956896E7	6.2608248E7	
sp|P61621|S61A1_RAT	P61621	S61A1_RAT	Sec61a1	476	Rattus norvegicus	2:Experimental evidence at transcript level	Protein transport protein Sec61 subunit alpha isoform 1	1.0	0.999	5	23	23	23	3	2	1	7	5	5	3	2	1	7	5	5	3	2	1	7	5	5	1.92877504E8	7.493444E7	8.5703136E7	3.89971776E8	3.32551232E8	3.18377088E8	7.371464E7	2.6397676E7	1.901602E7	1.38548032E8	1.08413392E8	1.13501072E8	
sp|P61751|ARF4_RAT	P61751	ARF4_RAT	Arf4	180	Rattus norvegicus	2:Experimental evidence at transcript level	ADP-ribosylation factor 4	1.0	0.999	8	35	35	87	5	4	5	6	8	7	5	4	5	6	8	7	14	12	13	17	17	14	3.18194688E8	2.46000368E8	2.60849632E8	3.43780608E8	3.18751488E8	3.25712E8	1.44602048E8	1.12573664E8	1.17852408E8	1.70850848E8	1.57436336E8	1.56341056E8	
sp|P61805|DAD1_RAT	P61805	DAD1_RAT	Dad1	113	Rattus norvegicus	3:Protein inferred from homology	Dolichyl-diphosphooligosaccharide--protein glycosyltransferase subunit DAD1	1.0	0.999	4	20	20	20	4	2	2	5	3	4	4	2	2	5	3	4	4	2	2	5	3	4	6.011936E7	3.1164858E7	3.4833012E7	8.5551592E7	6.3853488E7	6.9335416E7	1.9669984E7	1.0674317E7	1.1001428E7	2.947596E7	2.2682422E7	2.4835764E7	
sp|P61959|SUMO2_RAT	P61959	SUMO2_RAT	Sumo2	95	Rattus norvegicus	1:Experimental evidence at protein level	Small ubiquitin-related modifier 2	1.0	0.999	2	19	12	19	4	3	3	3	3	3	2	2	2	2	2	2	4	3	3	3	3	3	1.97129408E8	2.33025664E8	2.67060176E8	1.95513312E8	2.40329568E8	2.50147648E8	1.51917216E8	1.79801584E8	2.03763744E8	1.46947168E8	1.90120592E8	2.0134272E8	
sp|P61972|NTF2_RAT	P61972	NTF2_RAT	Nutf2	127	Rattus norvegicus	1:Experimental evidence at protein level	Nuclear transport factor 2	1.0	0.999	5	30	30	30	7	5	5	4	4	5	7	5	5	4	4	5	7	5	5	4	4	5	1.48000224E8	1.56024112E8	1.2994144E8	1.43694736E8	1.41411216E8	1.42867616E8	4.9455128E7	5.5416324E7	4.4169172E7	5.655564E7	5.6805216E7	5.321892E7	
sp|P61980|HNRPK_RAT	P61980	HNRPK_RAT	Hnrnpk	463	Rattus norvegicus	1:Experimental evidence at protein level	Heterogeneous nuclear ribonucleoprotein K	1.0	0.999	18	206	206	206	38	35	40	30	30	33	38	35	40	30	30	33	38	35	40	30	30	33	1.6515223E9	1.67708493E9	1.76498701E9	1.91268006E9	2.05107853E9	1.95266163E9	1.94441968E8	2.01567648E8	2.12297056E8	2.20347152E8	2.33299024E8	2.27582352E8	
sp|P61983|1433G_RAT	P61983	1433G_RAT	Ywhag	247	Rattus norvegicus	1:Experimental evidence at protein level	14-3-3 protein gamma	1.0	0.999	13	67	38	107	10	11	11	13	12	10	5	7	7	8	6	5	18	16	18	20	19	16	5.31119264E8	5.5094835E8	5.36573312E8	6.547145E8	5.9585376E8	6.0558054E8	1.05613032E8	1.1051876E8	1.00053064E8	1.25322936E8	1.25746904E8	1.23869016E8	
sp|P62074|TIM10_RAT	P62074	TIM10_RAT	Timm10	90	Rattus norvegicus	3:Protein inferred from homology	Mitochondrial import inner membrane translocase subunit Tim10	0.9685	0.999	1	5	5	5	0	1	1	1	1	1	0	1	1	1	1	1	0	1	1	1	1	1	3452838.0	6502025.0	6783736.5	1950911.2	0.0	0.0	3452838.0	6502025.0	6783736.5	1950911.2	0.0	0.0	
sp|P62076|TIM13_RAT	P62076	TIM13_RAT	Timm13	95	Rattus norvegicus	3:Protein inferred from homology	Mitochondrial import inner membrane translocase subunit Tim13	1.0	0.999	6	30	30	30	7	5	6	3	3	6	7	5	6	3	3	6	7	5	6	3	3	6	2.23543248E8	2.85261408E8	3.212128E8	6.6150532E7	1.3147148E8	1.4231912E8	7.7343704E7	9.8562752E7	1.12791568E8	4.1491596E7	4.7094416E7	4.8528708E7	
sp|P62078|TIM8B_RAT	P62078	TIM8B_RAT	Timm8b	83	Rattus norvegicus	3:Protein inferred from homology	Mitochondrial import inner membrane translocase subunit Tim8 B	1.0	0.999	4	9	9	9	3	4	2	0	0	0	3	4	2	0	0	0	3	4	2	0	0	0	4.1073592E7	6.1107164E7	5.5675416E7	1.8570822E7	1.3585504E7	2.6810636E7	1.1378912E7	1.7116282E7	1.5986956E7	5247876.5	5548134.0	7389638.5	
sp|P62083|RS7_RAT	P62083	RS7_RAT	Rps7	194	Rattus norvegicus	1:Experimental evidence at protein level	Small ribosomal subunit protein eS7	1.0	0.999	7	207	207	207	39	41	42	26	30	29	39	41	42	26	30	29	39	41	42	26	30	29	4.28130816E9	5.0512696E9	5.2380227E9	3.48612992E9	3.89766579E9	3.63091302E9	1.05327955E9	1.24433702E9	1.26844646E9	7.7979578E8	9.2100429E8	8.9598963E8	
sp|P62138|PP1A_RAT	P62138	PP1A_RAT	Ppp1ca	330	Rattus norvegicus	1:Experimental evidence at protein level	Serine/threonine-protein phosphatase PP1-alpha catalytic subunit	1.0	0.999	9	8	8	51	1	1	2	1	2	1	1	1	2	1	2	1	8	9	9	7	11	7	2.2419778E7	2.1652198E7	2.2908482E7	2.1836334E7	2.2814876E7	2.1362672E7	1.3825194E7	1.3081186E7	1.408165E7	1.3237481E7	1.3465956E7	1.3189251E7	
sp|P62142|PP1B_RAT	P62142	PP1B_RAT	Ppp1cb	327	Rattus norvegicus	1:Experimental evidence at protein level	Serine/threonine-protein phosphatase PP1-beta catalytic subunit	1.0	0.999	11	63	20	63	10	11	11	9	12	10	3	3	4	3	3	4	10	11	11	9	12	10	2.54406544E8	2.42565056E8	2.68198864E8	2.55299184E8	2.63443264E8	2.63569088E8	4.2262772E7	4.2130964E7	4.7132768E7	4.5009092E7	4.4405376E7	4.7647128E7	
sp|P62193|PRS4_RAT	P62193	PRS4_RAT	Psmc1	440	Rattus norvegicus	1:Experimental evidence at protein level	26S proteasome regulatory subunit 4	1.0	0.999	11	33	33	39	6	8	3	5	4	7	6	8	3	5	4	7	8	9	5	5	4	8	8.942296E7	9.157944E7	8.7114136E7	8.8625496E7	7.6810528E7	8.5026096E7	2.8850078E7	2.7173482E7	2.690739E7	2.7393906E7	2.4266852E7	2.6521338E7	
sp|P62198|PRS8_RAT	P62198	PRS8_RAT	Psmc5	406	Rattus norvegicus	1:Experimental evidence at protein level	26S proteasome regulatory subunit 8	1.0	0.999	15	63	57	63	12	12	11	9	9	10	10	11	9	9	9	9	12	12	11	9	9	10	2.04605472E8	2.25065632E8	2.12284176E8	2.9794816E8	3.06360224E8	2.01660592E8	5.7353408E7	6.0372008E7	6.2099692E7	5.1113956E7	5.1084668E7	5.3688556E7	
sp|P62243|RS8_RAT	P62243	RS8_RAT	Rps8	208	Rattus norvegicus	1:Experimental evidence at protein level	Small ribosomal subunit protein eS8	1.0	0.999	9	159	159	159	29	28	30	22	25	25	29	28	30	22	25	25	29	28	30	22	25	25	4.5101829E9	5.0480148E9	4.8148828E9	4.10433357E9	4.337385E9	4.3400735E9	9.945447E8	1.15736141E9	1.09284749E9	8.5396838E8	9.1507603E8	9.5607181E8	
sp|P62246|RS15A_RAT	P62246	RS15A_RAT	Rps15a	130	Rattus norvegicus	1:Experimental evidence at protein level	Small ribosomal subunit protein uS8	1.0	0.999	7	106	106	106	17	19	14	22	16	18	17	19	14	22	16	18	17	19	14	22	16	18	1.78623066E9	1.49955866E9	1.36370957E9	1.79415757E9	1.52500736E9	1.59948083E9	4.85962208E8	3.92149664E8	3.89269536E8	4.56729856E8	4.19808928E8	4.478752E8	
sp|P62250|RS16_RAT	P62250	RS16_RAT	Rps16	146	Rattus norvegicus	1:Experimental evidence at protein level	Small ribosomal subunit protein uS9	1.0	0.999	8	97	97	97	18	18	16	16	15	14	18	18	16	16	15	14	18	18	16	16	15	14	2.48798106E9	2.12865446E9	2.19163494E9	1.94059994E9	1.66195443E9	1.70624486E9	5.4069261E8	4.70625888E8	4.6814176E8	4.08750784E8	3.58076864E8	3.76998912E8	
sp|P62255|UB2G1_RAT	P62255	UB2G1_RAT	Ube2g1	170	Rattus norvegicus	2:Experimental evidence at transcript level	Ubiquitin-conjugating enzyme E2 G1	1.0	0.999	3	10	10	10	3	3	2	0	0	2	3	3	2	0	0	2	3	3	2	0	0	2	8781269.0	8402242.0	1.3473231E7	8788952.0	5143560.5	9939394.0	6254646.0	5611640.5	9250046.0	6149054.5	5143560.5	6837287.0	
sp|P62260|1433E_RAT	P62260	1433E_RAT	Ywhae	255	Rattus norvegicus	1:Experimental evidence at protein level	14-3-3 protein epsilon	1.0	0.999	15	229	192	229	44	41	41	38	35	30	36	36	34	32	29	25	44	41	41	38	35	30	3.15028966E9	3.29092506E9	3.35932288E9	3.21238707E9	3.08719462E9	3.25808384E9	5.6521549E8	5.946297E8	6.1913798E8	5.6053325E8	5.4295955E8	5.6866272E8	
sp|P62268|RS23_RAT	P62268	RS23_RAT	Rps23	143	Rattus norvegicus	1:Experimental evidence at protein level	Small ribosomal subunit protein uS12	1.0	0.999	5	84	84	84	13	18	17	12	11	13	13	18	17	12	11	13	13	18	17	12	11	13	1.3479255E9	1.4312009E9	1.36801024E9	1.21123661E9	1.12847245E9	1.23432E9	4.79560736E8	5.0315792E8	5.13272E8	4.02445984E8	4.00845888E8	4.03390176E8	
sp|P62271|RS18_RAT	P62271	RS18_RAT	Rps18	152	Rattus norvegicus	1:Experimental evidence at protein level	Small ribosomal subunit protein uS13	1.0	0.999	9	123	123	123	22	25	23	19	16	18	22	25	23	19	16	18	22	25	23	19	16	18	3.61865318E9	3.95744435E9	3.99161165E9	2.82525824E9	2.66877133E9	2.76631654E9	8.7388602E8	9.6702662E8	9.8965683E8	6.5333107E8	6.1784518E8	6.516816E8	
sp|P62275|RS29_RAT	P62275	RS29_RAT	Rps29	56	Rattus norvegicus	1:Experimental evidence at protein level	Small ribosomal subunit protein uS14	1.0	0.999	2	32	32	32	6	5	4	5	6	6	6	5	4	5	6	6	6	5	4	5	6	6	6.608144E8	7.8734522E8	6.079712E8	5.1668144E8	6.1435712E8	5.8774573E8	2.87785632E8	3.40599104E8	2.49706112E8	2.25703664E8	2.64646432E8	2.53521376E8	
sp|P62278|RS13_RAT	P62278	RS13_RAT	Rps13	151	Rattus norvegicus	1:Experimental evidence at protein level	Small ribosomal subunit protein uS15	1.0	0.999	9	104	104	104	19	19	21	14	17	14	19	19	21	14	17	14	19	19	21	14	17	14	3.47292902E9	3.3378048E9	3.53943322E9	2.37045581E9	2.0467945E9	2.24274739E9	6.6711398E8	6.5013613E8	7.0035213E8	4.80490592E8	4.20043008E8	4.5021472E8	
sp|P62282|RS11_RAT	P62282	RS11_RAT	Rps11	158	Rattus norvegicus	1:Experimental evidence at protein level	Small ribosomal subunit protein uS17	1.0	0.999	9	86	86	86	13	18	19	12	12	12	13	18	19	12	12	12	13	18	19	12	12	12	2.20841242E9	2.30522214E9	2.18700672E9	1.84322586E9	1.88705114E9	1.80616781E9	4.4133136E8	4.61998432E8	4.2952624E8	3.75164608E8	3.80661856E8	3.54499904E8	
sp|P62332|ARF6_RAT	P62332	ARF6_RAT	Arf6	175	Rattus norvegicus	1:Experimental evidence at protein level	ADP-ribosylation factor 6	1.0	0.999	3	12	6	12	1	2	2	2	3	2	0	1	1	1	2	1	1	2	2	2	3	2	2.1272616E7	1.9403896E7	1.9770226E7	3.0404568E7	3.216571E7	3.488588E7	1.2746037E7	1.1519501E7	1.1946354E7	1.7412496E7	1.9100006E7	2.0605072E7	
sp|P62425|RL7A_RAT	P62425	RL7A_RAT	Rpl7a	266	Rattus norvegicus	1:Experimental evidence at protein level	Large ribosomal subunit protein eL8	1.0	0.999	10	162	162	162	30	27	28	29	24	24	30	27	28	29	24	24	30	27	28	29	24	24	4.3779482E9	4.28980608E9	4.26409395E9	3.9347689E9	3.81389184E9	3.68646298E9	1.09801536E9	1.06363398E9	1.06142067E9	9.3419162E8	9.0250976E8	8.5193728E8	
sp|P62501|T22D1_RAT	P62501	T22D1_RAT	Tsc22d1	1050	Rattus norvegicus	2:Experimental evidence at transcript level	TSC22 domain family protein 1	0.9984	0.999	3	17	7	17	3	4	2	3	3	2	1	2	1	1	1	1	3	4	2	3	3	2	1.2790536E7	1.6455866E7	1.7607E7	2.7331206E7	3.021548E7	2.9158748E7	6044100.0	7411077.5	8056069.0	1.1160301E7	1.2230419E7	1.1944967E7	
sp|P62628|DLRB1_RAT	P62628	DLRB1_RAT	Dynlrb1	96	Rattus norvegicus	1:Experimental evidence at protein level	Dynein light chain roadblock-type 1	1.0	0.999	4	13	13	13	3	4	4	1	1	0	3	4	4	1	1	0	3	4	4	1	1	0	8.6585424E7	1.04330184E8	1.1006432E8	6.6197608E7	8.5335232E7	6.5998788E7	4.0803652E7	4.6323524E7	5.2340076E7	3.0365652E7	4.088022E7	3.8298684E7	
sp|P62630|EF1A1_RAT	P62630	EF1A1_RAT	Eef1a1	462	Rattus norvegicus	1:Experimental evidence at protein level	Elongation factor 1-alpha 1	1.0	0.999	20	919	215	919	176	169	163	148	128	135	42	42	39	34	28	30	176	169	163	148	128	135	2.54025196E10	2.39444972E10	2.29318328E10	2.69714719E10	2.63772959E10	2.67453624E10	4.813014E9	4.6368517E9	4.5044178E9	4.9082158E9	4.8051722E9	4.7854193E9	
sp|P62632|EF1A2_RAT	P62632	EF1A2_RAT	Eef1a2	463	Rattus norvegicus	1:Experimental evidence at protein level	Elongation factor 1-alpha 2	0.9985	0.984	11	2	2	706	0	0	0	1	1	0	0	0	0	1	1	0	134	127	124	115	101	105	0.0	0.0	0.0	0.0	0.0	0.0	0.0	0.0	0.0	0.0	0.0	0.0	
sp|P62634|CNBP_RAT	P62634	CNBP_RAT	Cnbp	177	Rattus norvegicus	2:Experimental evidence at transcript level	CCHC-type zinc finger nucleic acid binding protein	1.0	0.999	8	59	59	59	12	12	12	6	8	9	12	12	12	6	8	9	12	12	12	6	8	9	3.46009728E8	4.23291008E8	4.24422368E8	2.02406288E8	2.7328464E8	2.84735712E8	7.805804E7	9.6751344E7	9.661384E7	4.6657004E7	6.4166076E7	6.6390764E7	
sp|P62703|RS4X_RAT	P62703	RS4X_RAT	Rps4x	263	Rattus norvegicus	1:Experimental evidence at protein level	Small ribosomal subunit protein eS4	1.0	0.999	14	178	178	178	35	30	33	26	27	27	35	30	33	26	27	27	35	30	33	26	27	27	4.3025997E9	3.52359296E9	3.47330995E9	3.68768998E9	3.2619561E9	3.38997018E9	4.40238912E8	3.60350816E8	3.56984608E8	3.74780352E8	3.30718656E8	3.3787856E8	
sp|P62718|RL18A_RAT	P62718	RL18A_RAT	Rpl18a	176	Rattus norvegicus	1:Experimental evidence at protein level	Large ribosomal subunit protein eL20	1.0	0.999	9	63	63	63	11	10	9	13	10	10	11	10	9	13	10	10	11	10	9	13	10	10	1.2556873E9	9.0868883E8	9.5942278E8	1.27020762E9	1.04162234E9	1.16715686E9	2.63756368E8	1.91315488E8	2.02533424E8	2.50517696E8	2.2255072E8	2.35771808E8	
sp|P62738|ACTA_RAT	P62738	ACTA_RAT	Acta2	377	Rattus norvegicus	2:Experimental evidence at transcript level	Actin, aortic smooth muscle	1.0	0.999	16	119	0	358	21	23	18	21	17	19	0	0	0	0	0	0	62	63	56	63	60	54	2.11185037E9	1.92143078E9	1.76016294E9	3.22845389E9	3.1271703E9	3.10583859E9	1.65558682E9	1.3432585E9	1.22991667E9	2.12598874E9	1.97862938E9	1.84581696E9	
sp|P62744|AP2S1_RAT	P62744	AP2S1_RAT	Ap2s1	142	Rattus norvegicus	1:Experimental evidence at protein level	AP-2 complex subunit sigma	0.9685	0.999	1	2	2	2	0	0	0	0	1	1	0	0	0	0	1	1	0	0	0	0	1	1	2797825.8	1317486.8	2106615.8	3610799.5	3837362.0	4573696.5	2797825.8	1317486.8	2106615.8	3610799.5	3837362.0	4573696.5	
sp|P62749|HPCL1_RAT	P62749	HPCL1_RAT	Hpcal1	193	Rattus norvegicus	1:Experimental evidence at protein level	Hippocalcin-like protein 1	1.0	0.999	6	28	13	28	6	3	4	6	4	5	3	1	3	3	2	1	6	3	4	6	4	5	5.1381656E7	5.2129804E7	4.810416E7	5.2537016E7	4.8877152E7	3.972872E7	1.3521712E7	1.4164287E7	1.336359E7	1.3300025E7	1.2894122E7	1.1145806E7	
sp|P62752|RL23A_RAT	P62752	RL23A_RAT	Rpl23a	156	Rattus norvegicus	1:Experimental evidence at protein level	Large ribosomal subunit protein uL23	1.0	0.999	6	80	80	80	14	16	17	11	11	11	14	16	17	11	11	11	14	16	17	11	11	11	2.77764736E9	3.10400691E9	2.92863744E9	2.28636442E9	2.48951578E9	2.56703386E9	1.24794445E9	1.50249152E9	1.51751923E9	9.7106093E8	1.04407699E9	1.12146918E9	
sp|P62755|RS6_RAT	P62755	RS6_RAT	Rps6	249	Rattus norvegicus	1:Experimental evidence at protein level	Small ribosomal subunit protein eS6	1.0	0.999	6	96	96	96	18	17	15	14	17	15	18	17	15	14	17	15	18	17	15	14	17	15	2.84332493E9	3.02791296E9	2.74866918E9	2.47139891E9	2.60032794E9	2.17024026E9	6.9634278E8	7.5964128E8	7.1992864E8	5.9067354E8	6.0612019E8	5.8778784E8	
sp|P62775|MTPN_RAT	P62775	MTPN_RAT	Mtpn	118	Rattus norvegicus	1:Experimental evidence at protein level	Myotrophin	1.0	0.999	3	13	13	13	4	3	2	2	1	1	4	3	2	2	1	1	4	3	2	2	1	1	7.0007432E7	7.2278064E7	7.3243904E7	6.7179872E7	7.4170696E7	6.31225E7	3.995998E7	4.0934928E7	4.0802528E7	3.8029332E7	3.9884752E7	3.5993284E7	
sp|P62804|H4_RAT	P62804	H4_RAT	H4c2	103	Rattus norvegicus	1:Experimental evidence at protein level	Histone H4	1.0	0.999	4	28	28	28	2	5	5	6	5	5	2	5	5	6	5	5	2	5	5	6	5	5	1.16909584E8	1.3851744E8	1.37266208E8	2.5149552E8	2.25590784E8	2.0676224E8	4.703768E7	5.5564428E7	5.8205064E7	8.6201112E7	7.7208824E7	7.0455152E7	
sp|P62815|VATB2_RAT	P62815	VATB2_RAT	Atp6v1b2	511	Rattus norvegicus	1:Experimental evidence at protein level	V-type proton ATPase subunit B, brain isoform	1.0	0.999	11	50	50	50	8	10	8	10	8	6	8	10	8	10	8	6	8	10	8	10	8	6	1.1141564E8	1.17787696E8	1.19297176E8	1.18975496E8	1.1286616E8	1.11831712E8	3.3133784E7	3.2971566E7	3.3574092E7	3.487624E7	3.3252616E7	3.353807E7	
sp|P62828|RAN_RAT	P62828	RAN_RAT	Ran	216	Rattus norvegicus	1:Experimental evidence at protein level	GTP-binding nuclear protein Ran	1.0	0.999	7	50	19	50	7	9	9	8	8	9	3	3	3	3	4	3	7	9	9	8	8	9	5.33603936E8	5.5569069E8	5.3950515E8	5.810105E8	5.9650483E8	6.4271078E8	1.36220752E8	1.39716224E8	1.35751984E8	1.50297232E8	1.52173568E8	1.68859536E8	
sp|P62832|RL23_RAT	P62832	RL23_RAT	Rpl23	140	Rattus norvegicus	2:Experimental evidence at transcript level	Large ribosomal subunit protein uL14	1.0	0.999	8	152	152	152	27	32	30	21	20	22	27	32	30	21	20	22	27	32	30	21	20	22	2.86972442E9	2.66934528E9	2.5276009E9	2.58509542E9	2.24708966E9	1.82024512E9	9.6285235E8	1.0691817E9	1.04958227E9	7.1868211E8	7.3946829E8	7.5479667E8	
sp|P62845|RS15_RAT	P62845	RS15_RAT	Rps15	145	Rattus norvegicus	1:Experimental evidence at protein level	Small ribosomal subunit protein uS19	1.0	0.999	2	43	43	43	9	9	10	5	4	6	9	9	10	5	4	6	9	9	10	5	4	6	3.47886016E8	2.53601024E8	4.90347328E8	3.15879392E8	3.26223488E8	5.4352973E8	1.30280248E8	1.18288344E8	2.35245824E8	1.85574288E8	2.2407232E8	2.5460656E8	
sp|P62850|RS24_RAT	P62850	RS24_RAT	Rps24	133	Rattus norvegicus	1:Experimental evidence at protein level	Small ribosomal subunit protein eS24	1.0	0.999	5	81	81	81	13	16	15	12	12	13	13	16	15	12	12	13	13	16	15	12	12	13	1.49492736E9	1.71147456E9	1.72085286E9	1.23647872E9	1.42754483E9	1.26901798E9	6.6764006E8	8.1679872E8	8.2468045E8	4.36022368E8	5.14573888E8	5.4960538E8	
sp|P62853|RS25_RAT	P62853	RS25_RAT	Rps25	125	Rattus norvegicus	2:Experimental evidence at transcript level	Small ribosomal subunit protein eS25	1.0	0.999	5	61	61	61	10	10	13	10	10	8	10	10	13	10	10	8	10	10	13	10	10	8	2.47374413E9	2.68046438E9	2.7292992E9	1.91864051E9	2.04092352E9	2.0974263E9	9.7382035E8	1.06767226E9	1.08011366E9	7.4870515E8	7.9181274E8	8.2859315E8	
sp|P62856|RS26_RAT	P62856	RS26_RAT	Rps26	115	Rattus norvegicus	3:Protein inferred from homology	Small ribosomal subunit protein eS26	1.0	0.999	4	77	77	77	13	14	15	11	13	11	13	14	15	11	13	11	13	14	15	11	13	11	1.97911565E9	2.29355059E9	2.02065856E9	1.85276224E9	1.9807561E9	1.88484352E9	8.3508704E8	9.9944832E8	8.2546598E8	7.3941139E8	8.3033626E8	7.8830835E8	
sp|P62859|RS28_RAT	P62859	RS28_RAT	Rps28	69	Rattus norvegicus	1:Experimental evidence at protein level	Small ribosomal subunit protein eS28	1.0	0.999	3	56	56	56	12	13	11	7	7	6	12	13	11	7	7	6	12	13	11	7	7	6	1.87369805E9	2.23824768E9	2.18686592E9	1.48084749E9	1.55938547E9	1.62912717E9	9.080144E8	1.16382925E9	1.15915494E9	5.8104877E8	7.1536742E8	7.8180813E8	
sp|P62864|RS30_RAT	P62864	RS30_RAT	Fau	59	Rattus norvegicus	1:Experimental evidence at protein level	Small ribosomal subunit protein eS30	0.9997	0.999	2	21	21	21	2	4	4	4	3	4	2	4	4	4	3	4	2	4	4	4	3	4	7.6386714E8	1.02882093E9	1.06615923E9	6.0457786E8	6.8889613E8	6.9185248E8	3.78964E8	1.34884301E9	1.39239757E9	5.024704E8	6.8889613E8	8.2243014E8	
sp|P62870|ELOB_RAT	P62870	ELOB_RAT	Elob	118	Rattus norvegicus	1:Experimental evidence at protein level	Elongin-B	1.0	0.999	4	16	16	16	3	3	4	3	2	1	3	3	4	3	2	1	3	3	4	3	2	1	4.3545128E7	8.1996104E7	8.7381424E7	2.2535132E7	3.8699356E7	2.5066976E7	2.5417716E7	3.5854484E7	4.5804484E7	1.5586365E7	2.2201808E7	1.6039269E7	
sp|P62890|RL30_RAT	P62890	RL30_RAT	Rpl30	115	Rattus norvegicus	1:Experimental evidence at protein level	Large ribosomal subunit protein eL30	1.0	0.999	6	127	127	127	25	28	19	18	18	19	25	28	19	18	18	19	25	28	19	18	18	19	2.41012403E9	2.51707136E9	2.50268928E9	2.10993549E9	2.07229491E9	2.05801626E9	6.6230112E8	7.1405754E8	6.6178432E8	5.5031206E8	5.3924166E8	5.5402202E8	
sp|P62893|RL39_RAT	P62893	RL39_RAT	Rpl39	51	Rattus norvegicus	1:Experimental evidence at protein level	Large ribosomal subunit protein eL39	0.7924	0.992	1	6	6	6	1	1	1	1	1	1	1	1	1	1	1	1	1	1	1	1	1	1	5.207862E7	5.777814E7	5.7646196E7	3.8675772E7	3.4436584E7	3.3149456E7	5.207862E7	5.777814E7	5.7646196E7	3.8675772E7	3.4436584E7	3.3149456E7	
sp|P62898|CYC_RAT	P62898	CYC_RAT	Cycs	105	Rattus norvegicus	1:Experimental evidence at protein level	Cytochrome c, somatic	1.0	0.999	5	78	32	78	13	16	14	11	13	11	6	7	5	5	5	4	13	16	14	11	13	11	9.852025E8	1.15903859E9	1.21739789E9	6.1652493E8	6.7189638E8	6.7968122E8	1.97017776E8	2.25810336E8	2.30082128E8	1.21559872E8	1.3347432E8	1.24428152E8	
sp|P62902|RL31_RAT	P62902	RL31_RAT	Rpl31	125	Rattus norvegicus	2:Experimental evidence at transcript level	Large ribosomal subunit protein eL31	1.0	0.999	6	79	79	79	12	16	15	12	12	12	12	16	15	12	12	12	12	16	15	12	12	12	3.81589606E9	4.4188375E9	4.4561531E9	3.0232809E9	2.99039155E9	3.29390925E9	1.14858035E9	1.32000102E9	1.3442816E9	8.9707469E8	1.00025722E9	9.7682746E8	
sp|P62907|RL10A_RAT	P62907	RL10A_RAT	Rpl10a	217	Rattus norvegicus	1:Experimental evidence at protein level	Large ribosomal subunit protein uL1	1.0	0.999	9	134	134	134	27	23	22	22	20	20	27	23	22	22	20	20	27	23	22	22	20	20	1.89326285E9	1.5122455E9	1.59892365E9	1.85837619E9	1.65677299E9	1.7692841E9	3.64503744E8	2.77875008E8	2.94865632E8	3.37541792E8	3.12423008E8	3.14235328E8	
sp|P62909|RS3_RAT	P62909	RS3_RAT	Rps3	243	Rattus norvegicus	1:Experimental evidence at protein level	Small ribosomal subunit protein uS3	1.0	0.999	16	227	227	227	40	41	40	36	32	38	40	41	40	36	32	38	40	41	40	36	32	38	5.657641E9	5.0673357E9	4.7238943E9	5.4190551E9	4.8277048E9	5.2320809E9	6.1338189E8	5.547641E8	5.24208128E8	5.6057952E8	5.22896288E8	5.4600128E8	
sp|P62912|RL32_RAT	P62912	RL32_RAT	Rpl32	135	Rattus norvegicus	1:Experimental evidence at protein level	Large ribosomal subunit protein eL32	1.0	0.999	6	112	112	112	19	21	25	14	16	17	19	21	25	14	16	17	19	21	25	14	16	17	3.28495155E9	3.74680448E9	3.68862413E9	2.6976553E9	2.96551962E9	2.94183962E9	5.9296582E8	7.0833216E8	7.3290477E8	4.85009664E8	5.4719066E8	5.5000806E8	
sp|P62914|RL11_RAT	P62914	RL11_RAT	Rpl11	178	Rattus norvegicus	1:Experimental evidence at protein level	Large ribosomal subunit protein uL5	1.0	0.999	7	67	67	67	13	11	11	11	10	11	13	11	11	11	10	11	13	11	11	11	10	11	2.3350121E9	2.43216282E9	2.39329536E9	2.06225664E9	1.98554048E9	1.69184922E9	6.815961E8	7.4496128E8	7.271673E8	6.16208E8	5.9485018E8	6.3485658E8	
sp|P62916|TF2B_RAT	P62916	TF2B_RAT	Gtf2b	316	Rattus norvegicus	2:Experimental evidence at transcript level	Transcription initiation factor IIB	1.0	0.999	2	5	5	5	1	1	1	0	1	1	1	1	1	0	1	1	1	1	1	0	1	1	1.073516E7	7687315.0	5463490.0	8794763.0	2068444.5	8600836.0	7832556.5	6338026.0	5463490.0	7063625.0	2068444.5	6840317.5	
sp|P62919|RL8_RAT	P62919	RL8_RAT	Rpl8	257	Rattus norvegicus	2:Experimental evidence at transcript level	Large ribosomal subunit protein uL2	1.0	0.999	8	149	149	149	25	29	29	24	21	21	25	29	29	24	21	21	25	29	29	24	21	21	3.87106893E9	4.01581158E9	4.07524966E9	3.24135834E9	3.48839885E9	3.30542925E9	9.614992E8	9.9139379E8	1.01761811E9	7.9694707E8	8.4157696E8	8.2236416E8	
sp|P62944|AP2B1_RAT	P62944	AP2B1_RAT	Ap2b1	937	Rattus norvegicus	1:Experimental evidence at protein level	AP-2 complex subunit beta	1.0	0.999	12	11	11	28	2	1	0	3	3	2	2	1	0	3	3	2	4	1	2	9	5	7	2.140736E7	8010104.0	8466153.0	2.5113622E7	2.975002E7	2.3150842E7	6653211.0	5671570.5	4256795.0	1.0709927E7	1.082016E7	9463711.0	
sp|P62959|HINT1_RAT	P62959	HINT1_RAT	Hint1	126	Rattus norvegicus	1:Experimental evidence at protein level	Adenosine 5'-monophosphoramidase HINT1	1.0	0.999	6	100	100	100	17	18	23	13	14	15	17	18	23	13	14	15	17	18	23	13	14	15	1.56089626E9	1.85048256E9	1.85865523E9	1.39491635E9	1.55035533E9	1.53177843E9	4.35907872E8	5.4688544E8	5.7058502E8	3.80930592E8	4.44486688E8	4.33891136E8	
sp|P62961|YBOX1_RAT	P62961	YBOX1_RAT	Ybx1	322	Rattus norvegicus	2:Experimental evidence at transcript level	Y-box-binding protein 1	1.0	0.999	7	27	27	73	4	6	6	3	4	4	4	6	6	3	4	4	13	15	13	10	12	10	2.0271288E8	2.35255344E8	2.93579936E8	1.8235744E8	2.15077616E8	2.05909344E8	1.45025808E8	1.78210464E8	2.07034896E8	1.24344416E8	1.4432744E8	1.41053456E8	
sp|P62963|PROF1_RAT	P62963	PROF1_RAT	Pfn1	140	Rattus norvegicus	1:Experimental evidence at protein level	Profilin-1	1.0	0.999	9	174	174	174	30	32	32	27	26	27	30	32	32	27	26	27	30	32	32	27	26	27	1.16434163E9	1.12263462E9	1.07118022E9	1.3813609E9	1.40670272E9	1.25222259E9	2.8905872E8	3.14138016E8	2.91961408E8	3.03289408E8	3.26620032E8	3.20867328E8	
sp|P62982|RS27A_RAT	P62982	RS27A_RAT	Rps27a	156	Rattus norvegicus	1:Experimental evidence at protein level	Ubiquitin-ribosomal protein eS31 fusion protein	1.0	0.999	5	134	40	134	22	23	27	19	21	22	7	7	7	6	6	7	22	23	27	19	21	22	2.08382195E9	2.55702374E9	2.79711821E9	2.2349952E9	2.39442202E9	2.39675571E9	5.3274352E8	6.5395552E8	6.8883712E8	5.5090643E8	5.744041E8	5.7665318E8	
sp|P62994|GRB2_RAT	P62994	GRB2_RAT	Grb2	217	Rattus norvegicus	1:Experimental evidence at protein level	Growth factor receptor-bound protein 2	1.0	0.999	7	25	25	25	4	5	3	4	5	4	4	5	3	4	5	4	4	5	3	4	5	4	3.5002464E7	4.5069832E7	4.0352972E7	3.1142396E7	3.6004684E7	3.958008E7	7785077.0	1.0083137E7	1.0486047E7	8351065.0	8524106.0	8933260.0	
sp|P62997|TRA2B_RAT	P62997	TRA2B_RAT	Tra2b	288	Rattus norvegicus	1:Experimental evidence at protein level	Transformer-2 protein homolog beta	1.0	0.999	5	32	32	32	6	6	6	6	5	3	6	6	6	6	5	3	6	6	6	6	5	3	9.6594488E7	1.07200664E8	1.29486016E8	1.06969456E8	1.1368152E8	1.05527312E8	3.7250536E7	3.9195008E7	4.0607688E7	3.451724E7	3.730582E7	3.3309956E7	
sp|P63004|LIS1_RAT	P63004	LIS1_RAT	Pafah1b1	410	Rattus norvegicus	1:Experimental evidence at protein level	Platelet-activating factor acetylhydrolase IB subunit alpha	1.0	0.999	11	58	58	58	10	8	12	10	7	11	10	8	12	10	7	11	10	8	12	10	7	11	1.63503056E8	1.51835072E8	1.65959696E8	1.5227216E8	1.43409856E8	1.5533904E8	3.3471808E7	3.0698764E7	3.3519032E7	3.06154E7	2.8529022E7	3.1722812E7	
sp|P63018|HSP7C_RAT	P63018	HSP7C_RAT	Hspa8	646	Rattus norvegicus	1:Experimental evidence at protein level	Heat shock cognate 71 kDa protein	1.0	0.999	30	408	305	488	65	70	75	64	71	63	48	51	58	46	55	47	80	85	88	78	82	75	5.9993738E9	6.3394412E9	6.5562906E9	5.9787228E9	6.0737766E9	6.2740859E9	5.6483686E8	6.0036166E8	6.2506163E8	5.4017869E8	5.7576141E8	5.8480051E8	
sp|P63029|TCTP_RAT	P63029	TCTP_RAT	Tpt1	172	Rattus norvegicus	1:Experimental evidence at protein level	Translationally-controlled tumor protein	1.0	0.999	4	104	104	104	16	22	23	14	13	16	16	22	23	14	13	16	16	22	23	14	13	16	2.67997722E9	2.76751411E9	2.92234854E9	2.38773453E9	2.59685581E9	2.47381555E9	7.0190733E8	6.9170413E8	7.3897696E8	6.0316384E8	6.6059002E8	6.5428544E8	
sp|P63036|DNJA1_RAT	P63036	DNJA1_RAT	Dnaja1	397	Rattus norvegicus	1:Experimental evidence at protein level	DnaJ homolog subfamily A member 1	1.0	0.999	9	41	41	41	9	9	7	6	5	5	9	9	7	6	5	5	9	9	7	6	5	5	7.9730872E7	9.3712904E7	9.5300872E7	7.1963344E7	8.0110624E7	8.1088648E7	1.8479496E7	1.7983602E7	2.1633172E7	1.740166E7	1.9693318E7	2.0164496E7	
sp|P63039|CH60_RAT	P63039	CH60_RAT	Hspd1	573	Rattus norvegicus	1:Experimental evidence at protein level	60 kDa heat shock protein, mitochondrial	1.0	0.999	27	333	333	333	68	73	66	46	36	44	68	73	66	46	36	44	68	73	66	46	36	44	4.731968E9	5.0012923E9	4.8923909E9	2.87038208E9	3.10473139E9	3.0691415E9	3.7245872E8	3.89404832E8	4.0727552E8	2.19349072E8	2.37686592E8	2.3468288E8	
sp|P63045|VAMP2_RAT	P63045	VAMP2_RAT	Vamp2	116	Rattus norvegicus	1:Experimental evidence at protein level	Vesicle-associated membrane protein 2	0.9685	0.999	1	4	4	4	0	0	1	1	1	1	0	0	1	1	1	1	0	0	1	1	1	1	1.0856549E7	0.0	9737868.0	2.4777618E7	2.7271236E7	1.0913005E7	1.0856549E7	0.0	9737868.0	2.4777618E7	2.7271236E7	1.0913005E7	
sp|P63074|IF4E_RAT	P63074	IF4E_RAT	Eif4e	217	Rattus norvegicus	1:Experimental evidence at protein level	Eukaryotic translation initiation factor 4E	1.0	0.999	6	26	26	26	5	5	5	3	4	4	5	5	5	3	4	4	5	5	5	3	4	4	1.33912112E8	1.42072752E8	1.46108448E8	1.18830576E8	1.1263428E8	1.1144464E8	4.3539668E7	4.2423884E7	4.3755712E7	3.5858224E7	3.3374606E7	3.3113002E7	
sp|P63086|MK01_RAT	P63086	MK01_RAT	Mapk1	358	Rattus norvegicus	1:Experimental evidence at protein level	Mitogen-activated protein kinase 1	1.0	0.999	7	16	13	16	4	3	3	2	2	2	3	2	3	1	2	2	4	3	3	2	2	2	5.4031112E7	5.7476324E7	5.3255272E7	4.9083768E7	3.7414476E7	2.825779E7	1.7792446E7	1.5504584E7	1.6139122E7	1.8494762E7	1.7495236E7	1.6458567E7	
sp|P63095|GNAS2_RAT	P63095	GNAS2_RAT	Gnas	394	Rattus norvegicus	1:Experimental evidence at protein level	Guanine nucleotide-binding protein G(s) subunit alpha isoforms short	0.9944	0.999	2	6	0	8	1	1	1	1	1	1	0	0	0	0	0	0	1	2	2	1	1	1	5307557.0	3535797.5	2753793.0	7229629.0	8154568.0	6640818.5	5307557.0	3535797.5	2753793.0	7229629.0	8154568.0	6640818.5	sp|Q63803|GNAS1_RAT
sp|P63100|CANB1_RAT	P63100	CANB1_RAT	Ppp3r1	170	Rattus norvegicus	1:Experimental evidence at protein level	Calcineurin subunit B type 1	1.0	0.999	5	25	24	25	3	6	6	3	3	4	3	6	5	3	3	4	3	6	6	3	3	4	6.505668E7	7.4453016E7	7.9148168E7	7.3688712E7	6.8956864E7	3.0925228E7	2.5598586E7	2.9335968E7	3.1782052E7	2.6157898E7	3.2699552E7	2.229115E7	
sp|P63102|1433Z_RAT	P63102	1433Z_RAT	Ywhaz	245	Rattus norvegicus	1:Experimental evidence at protein level	14-3-3 protein zeta/delta	1.0	0.999	13	124	107	161	20	22	23	18	21	20	17	19	20	16	18	17	28	27	30	24	27	25	1.71285645E9	1.57276979E9	1.63678285E9	1.77076698E9	1.87319565E9	1.71652378E9	2.51009904E8	2.56180448E8	2.55437344E8	2.57612384E8	2.72414432E8	2.62318944E8	
sp|P63155|CRNL1_RAT	P63155	CRNL1_RAT	Crnkl1	690	Rattus norvegicus	2:Experimental evidence at transcript level	Crooked neck-like protein 1	0.9668	0.9989	1	1	1	1	0	1	0	0	0	0	0	1	0	0	0	0	0	1	0	0	0	0	2337754.5	3000595.5	6086090.0	0.0	3311016.5	2085501.6	2337754.5	3000595.5	6086090.0	0.0	3311016.5	2085501.6	
sp|P63159|HMGB1_RAT	P63159	HMGB1_RAT	Hmgb1	215	Rattus norvegicus	1:Experimental evidence at protein level	High mobility group protein B1	1.0	0.999	4	23	23	34	4	5	4	4	3	3	4	5	4	4	3	3	7	7	6	6	4	4	7.3521576E7	7.2712824E7	8.0831912E7	9.9019744E7	9.7782464E7	8.5520024E7	4.7272032E7	4.8385556E7	5.1190288E7	6.5486144E7	6.4759988E7	5.5959836E7	
sp|P63165|SUMO1_HUMAN	P63165	SUMO1_HUMAN	SUMO1	101	Homo sapiens	1:Experimental evidence at protein level	Small ubiquitin-related modifier 1	1.0	0.999	2	9	0	9	2	1	2	1	2	1	0	0	0	0	0	0	2	1	2	1	2	1	3.3141604E7	3.6905172E7	4.0754636E7	3.5091168E7	3.3149504E7	4.0005964E7	1.8192052E7	2.1293074E7	2.2902282E7	1.8631616E7	1.8689922E7	2.1657316E7	sp|Q5I0H3|SUMO1_RAT
sp|P63170|DYL1_RAT	P63170	DYL1_RAT	Dynll1	89	Rattus norvegicus	1:Experimental evidence at protein level	Dynein light chain 1, cytoplasmic	1.0	0.999	4	20	11	20	4	5	3	3	2	3	2	2	2	2	1	2	4	5	3	3	2	3	1.01743632E8	1.02014536E8	9.069356E7	1.10479176E8	1.09645376E8	1.140782E8	2.9505696E7	2.8334992E7	2.5520792E7	3.1814226E7	3.1089156E7	3.2508448E7	
sp|P63174|RL38_RAT	P63174	RL38_RAT	Rpl38	70	Rattus norvegicus	1:Experimental evidence at protein level	Large ribosomal subunit protein eL38	1.0	0.999	3	46	46	46	8	8	9	6	8	7	8	8	9	6	8	7	8	8	9	6	8	7	4.41760992E8	4.89671744E8	5.12157824E8	2.82519584E8	3.0168128E8	3.05101216E8	2.47238624E8	2.7072832E8	2.84179424E8	1.60172672E8	1.6747952E8	1.71251216E8	
sp|P63219|GBG5_RAT	P63219	GBG5_RAT	Gng5	68	Rattus norvegicus	3:Protein inferred from homology	Guanine nucleotide-binding protein G(I)/G(S)/G(O) subunit gamma-5	0.9682	0.999	1	2	2	2	0	0	0	1	0	1	0	0	0	1	0	1	0	0	0	1	0	1	9603637.0	8179297.5	2231958.2	9731973.0	0.0	1.0447795E7	9603637.0	8179297.5	2231958.2	9731973.0	0.0	1.0447795E7	
sp|P63245|RACK1_RAT	P63245	RACK1_RAT	Rack1	317	Rattus norvegicus	1:Experimental evidence at protein level	Small ribosomal subunit protein RACK1	1.0	0.999	20	405	405	405	69	80	89	54	53	60	69	80	89	54	53	60	69	80	89	54	53	60	5.0486702E9	4.6953958E9	4.11048064E9	5.1496499E9	4.5611479E9	4.7346524E9	5.4813491E8	5.03702624E8	4.43820224E8	5.20946592E8	4.8909392E8	5.00629536E8	
sp|P63255|CRIP1_RAT	P63255	CRIP1_RAT	Crip1	77	Rattus norvegicus	1:Experimental evidence at protein level	Cysteine-rich protein 1	0.9684	0.999	1	4	4	4	0	1	1	0	1	1	0	1	1	0	1	1	0	1	1	0	1	1	0.0	1.2691184E7	1.2168303E7	6500187.0	2741140.5	6739074.5	0.0	1.2691184E7	1.2168303E7	6500187.0	2741140.5	6739074.5	
sp|P63259|ACTG_RAT	P63259	ACTG_RAT	Actg1	375	Rattus norvegicus	1:Experimental evidence at protein level	Actin, cytoplasmic 2	1.0	0.999	18	9	9	663	2	1	1	2	2	1	2	1	1	2	2	1	112	110	97	114	120	110	5.42745E7	5.036726E7	2.686281E7	7.6269168E7	2.4266438E7	3.687798E7	5.42745E7	5.036726E7	2.686281E7	7.6269168E7	2.4266438E7	3.687798E7	
sp|P63279|UBC9_HUMAN	P63279	UBC9_HUMAN	UBE2I	158	Homo sapiens	1:Experimental evidence at protein level	SUMO-conjugating enzyme UBC9	1.0	0.999	2	10	0	10	2	2	0	2	2	2	0	0	0	0	0	0	2	2	0	2	2	2	1.8188404E7	1.5722054E7	1.8735182E7	2.2884356E7	2.2462136E7	2.52674E7	1.2533274E7	9552236.0	1.2629068E7	1.5424053E7	1.629816E7	1.6802344E7	sp|P63281|UBC9_RAT
sp|P63322|RALA_RAT	P63322	RALA_RAT	Rala	206	Rattus norvegicus	1:Experimental evidence at protein level	Ras-related protein Ral-A	0.9944	0.999	3	7	7	22	2	1	1	1	1	1	2	1	1	1	1	1	4	4	3	3	4	4	5.2318944E8	8743990.0	6879541.0	7551934.0	7754883.5	9803478.0	5.2318944E8	8743990.0	6879541.0	7551934.0	7754883.5	9803478.0	
sp|P63324|RS12_RAT	P63324	RS12_RAT	Rps12	132	Rattus norvegicus	1:Experimental evidence at protein level	Small ribosomal subunit protein eS12	1.0	0.999	6	149	149	149	32	34	29	20	16	18	32	34	29	20	16	18	32	34	29	20	16	18	2.1005417E9	2.24693965E9	2.05626445E9	1.80396864E9	1.9918592E9	1.64494118E9	3.7690432E8	4.09186976E8	3.93394624E8	3.47791008E8	3.51588192E8	3.35053504E8	
sp|P63326|RS10_RAT	P63326	RS10_RAT	Rps10	165	Rattus norvegicus	1:Experimental evidence at protein level	Small ribosomal subunit protein eS10	1.0	0.999	8	192	184	192	37	37	33	28	28	29	35	35	33	27	26	28	37	37	33	28	28	29	2.18681216E9	2.2492841E9	2.02928205E9	1.81924992E9	1.87605798E9	1.71356698E9	6.6442381E8	6.7916352E8	6.9555091E8	5.5063616E8	5.5508768E8	5.31823296E8	
sp|P63329|PP2BA_RAT	P63329	PP2BA_RAT	Ppp3ca	521	Rattus norvegicus	1:Experimental evidence at protein level	Protein phosphatase 3 catalytic subunit alpha	1.0	0.999	12	40	21	40	9	5	7	7	5	7	5	3	3	4	3	3	9	5	7	7	5	7	9.1650152E7	6.3096312E7	8.034424E7	8.9427672E7	6.9576888E7	9.3437856E7	1.8127956E7	1.6499995E7	1.4598546E7	1.809603E7	1.5649677E7	1.9226026E7	
sp|P63331|PP2AA_RAT	P63331	PP2AA_RAT	Ppp2ca	309	Rattus norvegicus	1:Experimental evidence at protein level	Serine/threonine-protein phosphatase 2A catalytic subunit alpha isoform	1.0	0.999	7	35	6	35	9	5	4	6	6	5	1	1	1	1	1	1	9	5	4	6	6	5	9.2370248E7	8.348372E7	8.1143184E7	1.10700936E8	9.9064208E7	1.0860648E8	2.7938042E7	2.5266448E7	2.4681764E7	3.3909428E7	3.1325396E7	3.186373E7	
sp|P67779|PHB1_RAT	P67779	PHB1_RAT	Phb1	272	Rattus norvegicus	1:Experimental evidence at protein level	Prohibitin 1	1.0	0.999	7	30	30	30	6	7	7	4	2	4	6	7	7	4	2	4	6	7	7	4	2	4	4.9962336E7	5.6453656E7	5.6288668E7	3.3697932E7	2.8648226E7	3.5357588E7	1.1172282E7	1.1598193E7	1.1869524E7	7488176.5	6610277.0	7641459.5	
sp|P67874|CSK2B_RAT	P67874	CSK2B_RAT	Csnk2b	215	Rattus norvegicus	1:Experimental evidence at protein level	Casein kinase II subunit beta	1.0	0.999	5	29	29	29	4	5	5	5	5	5	4	5	5	5	5	5	4	5	5	5	5	5	5.5885712E7	5.8671308E7	7.3582072E7	4.8942096E7	6.1051332E7	6.0624944E7	1.5015488E7	1.7797178E7	2.1720588E7	1.3555476E7	1.6346387E7	1.7053042E7	
sp|P67999|KS6B1_RAT	P67999	KS6B1_RAT	Rps6kb1	525	Rattus norvegicus	1:Experimental evidence at protein level	Ribosomal protein S6 kinase beta-1	1.0	0.999	4	4	3	4	1	1	0	0	0	2	0	1	0	0	0	2	1	1	0	0	0	2	2935173.5	9662974.0	3493478.5	9306648.0	3780016.2	8933996.0	3268811.5	4222075.0	3890578.2	5238080.5	4209686.5	4957848.5	
sp|P68101|IF2A_RAT	P68101	IF2A_RAT	Eif2s1	315	Rattus norvegicus	1:Experimental evidence at protein level	Eukaryotic translation initiation factor 2 subunit 1	1.0	0.999	16	91	91	91	15	17	17	14	13	15	15	17	17	14	13	15	15	17	17	14	13	15	5.5793299E8	4.69971648E8	5.879152E8	5.15649088E8	5.29312064E8	5.4618554E8	8.4376264E7	8.868188E7	9.5886112E7	8.2051528E7	7.8289072E7	8.2555912E7	
sp|P68182|KAPCB_RAT	P68182	KAPCB_RAT	Prkacb	351	Rattus norvegicus	1:Experimental evidence at protein level	cAMP-dependent protein kinase catalytic subunit beta	1.0	0.999	4	13	2	13	2	1	1	3	4	2	0	0	0	1	1	0	2	1	1	3	4	2	2.1177512E7	1.3744844E7	1.2928061E7	2.9915144E7	2.3083784E7	2.3199616E7	6591974.5	5100660.0	4890472.5	9159502.0	7071850.0	7056720.0	
sp|P68255|1433T_RAT	P68255	1433T_RAT	Ywhaq	245	Rattus norvegicus	1:Experimental evidence at protein level	14-3-3 protein theta	1.0	0.999	12	73	70	127	13	14	13	10	11	12	13	14	13	9	10	11	24	22	23	18	20	20	6.7857184E8	5.8310381E8	5.6891245E8	7.5259885E8	6.6405069E8	6.5036198E8	2.04265136E8	1.80433536E8	1.72455312E8	2.17170688E8	2.05780304E8	1.9720656E8	
sp|P68370|TBA1A_RAT	P68370	TBA1A_RAT	Tuba1a	451	Rattus norvegicus	1:Experimental evidence at protein level	Tubulin alpha-1A chain	1.0	0.999	20	312	0	312	51	47	47	54	60	53	0	0	0	0	0	0	51	47	47	54	60	53	2.39408486E9	1.91411776E9	1.93463219E9	3.49386906E9	3.27763021E9	3.16612147E9	2.17837808E8	1.88947568E8	1.72307696E8	3.08954624E8	2.89328032E8	2.86975104E8	
sp|P68511|1433F_RAT	P68511	1433F_RAT	Ywhah	246	Rattus norvegicus	1:Experimental evidence at protein level	14-3-3 protein eta	1.0	0.999	12	30	30	88	5	5	6	5	4	5	5	5	6	5	4	5	17	12	15	15	15	14	1.2415912E8	1.04764592E8	1.190756E8	2.07843488E8	1.36951824E8	1.8784224E8	4.1278856E7	3.9892348E7	3.7851364E7	4.5527192E7	4.6252848E7	4.1449456E7	
sp|P68943|MED28_RAT	P68943	MED28_RAT	Med28	178	Rattus norvegicus	1:Experimental evidence at protein level	Mediator of RNA polymerase II transcription subunit 28	0.9648	0.9989	1	1	1	1	0	0	0	0	0	1	0	0	0	0	0	1	0	0	0	0	0	1	0.0	0.0	0.0	0.0	0.0	377798.5	0.0	0.0	0.0	0.0	0.0	0.0	
sp|P69060|NEUA_RAT	P69060	NEUA_RAT	Cmas	432	Rattus norvegicus	2:Experimental evidence at transcript level	N-acylneuraminate cytidylyltransferase	1.0	0.999	9	36	36	36	5	7	7	7	5	5	5	7	7	7	5	5	5	7	7	7	5	5	7.9915504E7	6.743168E7	6.834056E7	7.8636448E7	7.1841872E7	6.5777652E7	1.9264952E7	1.79521E7	1.814741E7	2.0654212E7	1.993478E7	1.7869296E7	
sp|P69682|NECP1_RAT	P69682	NECP1_RAT	Necap1	277	Rattus norvegicus	1:Experimental evidence at protein level	Adaptin ear-binding coat-associated protein 1	1.0	0.999	4	12	12	12	2	3	3	2	1	1	2	3	3	2	1	1	2	3	3	2	1	1	2.5944302E7	3.6822596E7	3.3377154E7	2.573588E7	1.3591255E7	2.7442424E7	9262357.0	1.3279425E7	1.1880479E7	9478956.0	1.0665475E7	9977808.0	
sp|P69736|EDF1_RAT	P69736	EDF1_RAT	Edf1	148	Rattus norvegicus	1:Experimental evidence at protein level	Endothelial differentiation-related factor 1	1.0	0.999	4	17	17	17	4	5	4	1	2	1	4	5	4	1	2	1	4	5	4	1	2	1	1.71552048E8	2.14459904E8	2.42196128E8	7.093088E7	8.9194096E7	8.268476E7	4.9129108E7	6.1171548E7	6.8075232E7	2.03803E7	2.5286938E7	2.375447E7	
sp|P69897|TBB5_RAT	P69897	TBB5_RAT	Tubb5	444	Rattus norvegicus	1:Experimental evidence at protein level	Tubulin beta-5 chain	1.0	0.999	20	421	77	421	69	73	64	71	70	74	13	14	11	13	13	13	69	73	64	71	70	74	3.95701274E9	3.52506163E9	3.29410688E9	5.6429384E9	5.3847281E9	5.2126264E9	4.31012224E8	3.91215232E8	3.6824576E8	5.4301376E8	5.4036192E8	5.3760307E8	
sp|P70470|LYPA1_RAT	P70470	LYPA1_RAT	Lypla1	230	Rattus norvegicus	1:Experimental evidence at protein level	Acyl-protein thioesterase 1	1.0	0.999	5	23	23	23	3	5	4	4	3	4	3	5	4	4	3	4	3	5	4	4	3	4	7.0506608E7	6.8357008E7	7.2471776E7	6.8119928E7	6.732624E7	7.2340568E7	2.087198E7	1.9299014E7	2.0895554E7	2.0362936E7	2.0087368E7	2.1637646E7	
sp|P70483|STRN_RAT	P70483	STRN_RAT	Strn	780	Rattus norvegicus	1:Experimental evidence at protein level	Striatin	1.0	0.999	2	6	6	6	2	0	1	1	1	1	2	0	1	1	1	1	2	0	1	1	1	1	1.2006243E7	1597110.0	1.1325364E7	2.3349164E7	2.4479364E7	2.0614278E7	8575016.0	9253084.0	9358794.0	1.7423016E7	1.3978582E7	1.118445E7	
sp|P70501|RBM10_RAT	P70501	RBM10_RAT	Rbm10	852	Rattus norvegicus	1:Experimental evidence at protein level	RNA-binding protein 10	1.0	0.999	4	13	13	13	3	3	3	0	2	2	3	3	3	0	2	2	3	3	3	0	2	2	7794013.0	1.0785654E7	1.1401021E7	9861394.0	6194047.0	1.1869404E7	3571800.2	3545799.0	3681610.0	3933349.2	4075215.5	4664346.5	
sp|P70531|EF2K_RAT	P70531	EF2K_RAT	Eef2k	724	Rattus norvegicus	1:Experimental evidence at protein level	Eukaryotic elongation factor 2 kinase	1.0	0.999	4	6	6	6	2	2	2	0	0	0	2	2	2	0	0	0	2	2	2	0	0	0	1.1397473E7	8922774.0	6997651.0	7867557.0	7800737.0	7909856.0	4267571.5	3328732.2	3024193.0	3819116.8	3848396.5	3945275.2	
sp|P70541|EI2BG_RAT	P70541	EI2BG_RAT	Eif2b3	452	Rattus norvegicus	2:Experimental evidence at transcript level	Translation initiation factor eIF2B subunit gamma	1.0	0.999	6	21	21	21	4	4	3	4	3	3	4	4	3	4	3	3	4	4	3	4	3	3	3.4279368E7	2.9853558E7	2.6021594E7	2.8851044E7	2.5652582E7	2.6322232E7	9692021.0	8365953.0	9318826.0	8588408.0	7449031.5	7545342.5	
sp|P70562|BHA15_RAT	P70562	BHA15_RAT	Bhlha15	197	Rattus norvegicus	1:Experimental evidence at protein level	Class A basic helix-loop-helix protein 15	1.0	0.999	2	6	6	6	0	3	1	0	0	2	0	3	1	0	0	2	0	3	1	0	0	2	4549703.0	1.9446066E7	2.4158256E7	3132955.2	0.0	1.3814166E7	6367115.0	7776779.0	6201214.0	4384437.0	0.0	5394202.0	
sp|P70566|TMOD2_RAT	P70566	TMOD2_RAT	Tmod2	351	Rattus norvegicus	1:Experimental evidence at protein level	Tropomodulin-2	0.6255	0.9819	1	5	0	5	1	0	0	1	2	1	0	0	0	0	0	0	1	0	0	1	2	1	4439180.0	5182356.0	5252241.0	5504140.0	5256338.0	5093308.5	4439180.0	5182356.0	5252241.0	5504140.0	5256338.0	5093308.5	sp|P70567|TMOD1_RAT
sp|P70580|PGRC1_RAT	P70580	PGRC1_RAT	Pgrmc1	195	Rattus norvegicus	1:Experimental evidence at protein level	Membrane-associated progesterone receptor component 1	1.0	0.999	3	22	16	22	4	6	3	4	2	3	3	4	2	3	2	2	4	6	3	4	2	3	3.2285126E7	3.081279E7	3.1657912E7	3.263318E7	2.2690806E7	2.8530302E7	1.9425324E7	1.691271E7	1.8516702E7	1.839789E7	1.5802126E7	1.3967953E7	
sp|P70582|NUP54_RAT	P70582	NUP54_RAT	Nup54	510	Rattus norvegicus	1:Experimental evidence at protein level	Nuclear pore complex protein Nup54	0.9685	0.999	1	1	1	1	0	0	0	1	0	0	0	0	0	1	0	0	0	0	0	1	0	0	3692696.2	4580183.5	0.0	4507241.5	4241595.5	3371168.2	3692696.2	4580183.5	0.0	4507241.5	4241595.5	3371168.2	
sp|P70583|DUT_RAT	P70583	DUT_RAT	Dut	205	Rattus norvegicus	2:Experimental evidence at transcript level	Deoxyuridine 5'-triphosphate nucleotidohydrolase	0.9982	0.999	2	3	3	3	2	1	0	0	0	0	2	1	0	0	0	0	2	1	0	0	0	0	1903632.1	3198646.2	2998539.5	1568593.5	1718035.9	1826724.1	1903632.1	3198646.2	2998539.5	1568593.5	1718035.9	1826724.1	
sp|P70584|ACDSB_RAT	P70584	ACDSB_RAT	Acadsb	432	Rattus norvegicus	1:Experimental evidence at protein level	Short/branched chain specific acyl-CoA dehydrogenase, mitochondrial	1.0	0.999	9	51	51	51	10	9	10	8	7	7	10	9	10	8	7	7	10	9	10	8	7	7	2.24957792E8	2.06007584E8	1.9067984E8	1.1288536E8	1.04414808E8	9.8584024E7	3.3711904E7	2.976882E7	2.833659E7	1.81946E7	1.8007092E7	1.6071018E7	
sp|P70615|LMNB1_RAT	P70615	LMNB1_RAT	Lmnb1	587	Rattus norvegicus	1:Experimental evidence at protein level	Lamin-B1	1.0	0.999	11	27	27	28	7	10	5	0	2	3	7	10	5	0	2	3	7	11	5	0	2	3	4.937192E7	5.7099792E7	4.5003784E7	2.9571624E7	1.8750014E7	2.7490192E7	1.131443E7	1.1980935E7	1.1399358E7	9572364.0	6252771.5	9261674.0	
sp|P70618|MK14_RAT	P70618	MK14_RAT	Mapk14	360	Rattus norvegicus	1:Experimental evidence at protein level	Mitogen-activated protein kinase 14	1.0	0.999	4	9	6	9	1	1	1	1	2	3	1	1	1	0	1	2	1	1	1	1	2	3	1.6323527E7	2.0341564E7	1.4457836E7	1.738134E7	1.9798374E7	2.8703638E7	8181349.0	6362296.0	7380193.5	8820772.0	8441096.0	9279790.0	
sp|P70619|GSHR_RAT	P70619	GSHR_RAT	Gsr	424	Rattus norvegicus	2:Experimental evidence at transcript level	Glutathione reductase (Fragment)	1.0	0.999	5	28	28	28	5	5	6	4	4	4	5	5	6	4	4	4	5	5	6	4	4	4	1.14640496E8	1.17055824E8	1.348728E8	1.14473768E8	1.11164512E8	1.41490832E8	3.3823332E7	3.5156428E7	3.9257904E7	3.534178E7	4.0947316E7	4.2788132E7	
sp|P70623|FABP4_RAT	P70623	FABP4_RAT	Fabp4	132	Rattus norvegicus	1:Experimental evidence at protein level	Fatty acid-binding protein, adipocyte	1.0	0.999	8	91	85	91	12	11	12	22	19	15	11	10	11	21	18	14	12	11	12	22	19	15	6.656096E8	7.0533754E8	6.9279571E8	2.36037862E9	2.34765645E9	2.03380646E9	1.74081552E8	1.87515424E8	1.89524176E8	5.4547776E8	5.4999827E8	5.388585E8	
sp|P70645|BLMH_RAT	P70645	BLMH_RAT	Blmh	454	Rattus norvegicus	1:Experimental evidence at protein level	Bleomycin hydrolase	1.0	0.999	8	19	19	19	3	2	3	4	4	3	3	2	3	4	4	3	3	2	3	4	4	3	4.9064616E7	3.8210948E7	2.8802932E7	4.7397036E7	5.4746624E7	4.6601392E7	1.2694074E7	9735569.0	8106870.0	1.5339389E7	1.5062373E7	1.4115767E7	
sp|P78386|KRT85_HUMAN	P78386	KRT85_HUMAN	KRT85	507	Homo sapiens	1:Experimental evidence at protein level	Keratin, type II cuticular Hb5	1.0	0.999	10	2	2	16	2	0	0	0	0	0	2	0	0	0	0	0	10	1	1	1	2	1	5.4753844E7	0.0	0.0	0.0	0.0	0.0	0.0	0.0	0.0	0.0	0.0	0.0	
sp|P80067|CATC_RAT	P80067	CATC_RAT	Ctsc	462	Rattus norvegicus	1:Experimental evidence at protein level	Dipeptidyl peptidase 1	1.0	0.999	8	44	44	44	5	6	8	7	8	10	5	6	8	7	8	10	5	6	8	7	8	10	1.5838496E8	1.81347856E8	1.90840752E8	2.1684584E8	2.17422176E8	2.15109152E8	4.6496164E7	5.089088E7	5.6286632E7	6.505596E7	6.2906628E7	6.2059772E7	
sp|P80254|DOPD_RAT	P80254	DOPD_RAT	Ddt	118	Rattus norvegicus	1:Experimental evidence at protein level	D-dopachrome decarboxylase	1.0	0.999	8	76	76	76	13	13	17	11	10	12	13	13	17	11	10	12	13	13	17	11	10	12	1.52055706E9	1.92111181E9	1.66092352E9	1.0692953E9	1.29938086E9	1.18970176E9	2.99350464E8	4.16686112E8	4.26360864E8	2.37973408E8	2.5768344E8	2.61496864E8	
sp|P80349|FUC3_RAT	P80349	FUC3_RAT		39	Rattus norvegicus	1:Experimental evidence at protein level	Fuctinin-3 (Fragment)	0.9685	0.999	2	5	5	11	1	1	1	1	0	1	1	1	1	1	0	1	2	2	2	2	1	2	2362635.0	2555256.5	2824313.2	2782729.8	2723184.5	2383287.5	2362635.0	2555256.5	2824313.2	2782729.8	2723184.5	2383287.5	
sp|P81155|VDAC2_RAT	P81155	VDAC2_RAT	Vdac2	295	Rattus norvegicus	1:Experimental evidence at protein level	Non-selective voltage-gated ion channel VDAC2	1.0	0.999	2	7	3	7	2	0	1	2	2	0	1	0	0	1	1	0	2	0	1	2	2	0	8325480.0	7821376.0	3900964.8	1.7289504E7	1.4013772E7	1.276857E7	4592270.0	4321685.5	3953082.5	9606410.0	7623150.5	7068581.0	
sp|P81377|KAP1_RAT	P81377	KAP1_RAT	Prkar1b	381	Rattus norvegicus	2:Experimental evidence at transcript level	cAMP-dependent protein kinase type I-beta regulatory subunit	1.0	0.999	3	2	2	7	1	0	0	0	1	0	1	0	0	0	1	0	2	1	1	1	1	1	2545015.0	2939465.2	2958276.0	1734823.9	2.8132352E7	0.0	4472873.5	5166121.0	5199181.0	3048959.5	2782718.5	0.0	
sp|P81718|PTN6_RAT	P81718	PTN6_RAT	Ptpn6	613	Rattus norvegicus	1:Experimental evidence at protein level	Tyrosine-protein phosphatase non-receptor type 6	1.0	0.999	12	34	34	34	6	6	8	3	5	6	6	6	8	3	5	6	6	6	8	3	5	6	6.4828068E7	5.613454E7	6.2463164E7	5.7023432E7	6.4362532E7	6.1069432E7	1.2406392E7	1.0894804E7	1.1299459E7	1.3743853E7	1.2374952E7	1.3346723E7	
sp|P81795|IF2G_RAT	P81795	IF2G_RAT	Eif2s3	472	Rattus norvegicus	1:Experimental evidence at protein level	Eukaryotic translation initiation factor 2 subunit 3, X-linked	0.9998	0.999	14	6	6	94	1	1	1	1	1	1	1	1	1	1	1	1	18	16	18	15	14	13	2.190976E7	1.8864506E7	2.2425748E7	1.6586874E7	1.6873364E7	1.4295173E7	2.190976E7	1.8864506E7	2.2425748E7	1.6586874E7	1.6873364E7	1.4295173E7	
sp|P81799|NAGK_RAT	P81799	NAGK_RAT	Nagk	343	Rattus norvegicus	1:Experimental evidence at protein level	N-acetyl-D-glucosamine kinase	0.9999	0.999	2	7	7	7	1	1	0	2	1	2	1	1	0	2	1	2	1	1	0	2	1	2	2672799.8	7647295.5	3743504.8	8675248.0	2.1198368E7	7003634.5	4620246.5	5395391.5	6471085.5	4433259.0	5835406.0	5014043.5	
sp|P82450|SIAE_RAT	P82450	SIAE_RAT	Siae	542	Rattus norvegicus	1:Experimental evidence at protein level	Sialate O-acetylesterase	1.0	0.999	5	15	15	15	1	4	5	2	1	2	1	4	5	2	1	2	1	4	5	2	1	2	2.5468484E7	3.4561824E7	3.97198E7	2.9959312E7	3.8629208E7	4.4857212E7	8947827.0	1.191572E7	1.4054664E7	1.2523529E7	1.3525962E7	1.556154E7	
sp|P82471|GNAQ_RAT	P82471	GNAQ_RAT	Gnaq	359	Rattus norvegicus	2:Experimental evidence at transcript level	Guanine nucleotide-binding protein G(q) subunit alpha	0.9685	0.999	1	3	0	3	1	0	0	1	0	1	0	0	0	0	0	0	1	0	0	1	0	1	2738553.8	551357.56	2022178.8	3027858.5	2760145.8	3276920.2	2738553.8	551357.56	2022178.8	3027858.5	2760145.8	3276920.2	sp|Q9JID2|GNA11_RAT
sp|P82808|GFPT1_RAT	P82808	GFPT1_RAT	Gfpt1	681	Rattus norvegicus	1:Experimental evidence at protein level	Glutamine--fructose-6-phosphate aminotransferase [isomerizing] 1	0.9685	0.999	1	2	2	2	1	1	0	0	0	0	1	1	0	0	0	0	1	1	0	0	0	0	3709352.2	2258745.2	2281917.5	0.0	0.0	0.0	3709352.2	2258745.2	2281917.5	0.0	0.0	0.0	
sp|P82995|HS90A_RAT	P82995	HS90A_RAT	Hsp90aa1	733	Rattus norvegicus	1:Experimental evidence at protein level	Heat shock protein HSP 90-alpha	1.0	0.999	29	157	157	251	34	27	27	23	24	22	34	27	27	23	24	22	50	43	43	40	37	38	9.4927488E8	8.4907418E8	8.4958387E8	1.38144832E9	1.25456883E9	1.19914573E9	1.182946E8	1.06911184E8	1.0371648E8	1.37238096E8	1.30985536E8	1.25467304E8	
sp|P83565|RM40_RAT	P83565	RM40_RAT	Mrpl40	206	Rattus norvegicus	1:Experimental evidence at protein level	Large ribosomal subunit protein mL40	0.9685	0.999	1	1	1	1	0	0	1	0	0	0	0	0	1	0	0	0	0	0	1	0	0	0	1625424.4	3555076.0	3460485.2	1101503.1	2242215.5	2054609.2	1625424.4	3555076.0	3460485.2	1101503.1	2242215.5	2054609.2	
sp|P83732|RL24_RAT	P83732	RL24_RAT	Rpl24	157	Rattus norvegicus	2:Experimental evidence at transcript level	Large ribosomal subunit protein eL24	1.0	0.999	7	86	86	86	16	17	16	12	12	13	16	17	16	12	12	13	16	17	16	12	12	13	1.96006426E9	2.18742682E9	2.01363213E9	1.54829914E9	1.59451456E9	1.6682519E9	7.0486752E8	8.232487E8	7.7155686E8	4.98982784E8	5.23815168E8	5.4731968E8	
sp|P83868|TEBP_RAT	P83868	TEBP_RAT	Ptges3	160	Rattus norvegicus	1:Experimental evidence at protein level	Prostaglandin E synthase 3	1.0	0.999	5	25	25	25	5	4	4	4	5	3	5	4	4	4	5	3	5	4	4	4	5	3	1.67226672E8	1.83992992E8	1.70409072E8	1.47030416E8	1.64143808E8	1.57563296E8	5.6647816E7	6.7805352E7	6.6542756E7	5.4365976E7	5.839508E7	5.8419136E7	
sp|P83871|PHF5A_RAT	P83871	PHF5A_RAT	Phf5a	110	Rattus norvegicus	2:Experimental evidence at transcript level	PHD finger-like domain-containing protein 5A	1.0	0.999	3	13	13	13	1	2	1	3	3	3	1	2	1	3	3	3	1	2	1	3	3	3	1.5681452E7	3.11425E7	7874853.5	2.2256936E7	2.3504312E7	2.713725E7	8771518.0	1.092742E7	9214173.0	7591320.0	8401003.0	9550391.0	
sp|P83883|RL36A_RAT	P83883	RL36A_RAT	Rpl36a	106	Rattus norvegicus	1:Experimental evidence at protein level	Large ribosomal subunit protein eL42	1.0	0.999	3	19	19	19	3	4	3	3	3	3	3	4	3	3	3	3	3	4	3	3	3	3	1.03970355E9	1.17633446E9	1.14450995E9	8.0318912E8	9.675056E8	8.5544262E8	4.76126016E8	5.458656E8	5.5498362E8	3.70246368E8	4.69481344E8	4.02108064E8	
sp|P83941|ELOC_RAT	P83941	ELOC_RAT	Eloc	112	Rattus norvegicus	1:Experimental evidence at protein level	Elongin-C	1.0	0.999	3	20	20	20	3	3	3	4	4	3	3	3	3	4	4	3	3	3	3	4	4	3	5.5901984E7	6.1856176E7	6.6788944E7	5.4472736E7	5.6195764E7	5.739222E7	2.4980818E7	2.8356614E7	2.93781E7	2.4964992E7	2.5447424E7	2.6023792E7	
sp|P84025|SMAD3_RAT	P84025	SMAD3_RAT	Smad3	425	Rattus norvegicus	1:Experimental evidence at protein level	Mothers against decapentaplegic homolog 3	0.9685	0.999	1	3	3	3	1	1	1	0	0	0	1	1	1	0	0	0	1	1	1	0	0	0	0.0	0.0	0.0	0.0	0.0	0.0	0.0	0.0	0.0	0.0	0.0	0.0	
sp|P84039|ENPP5_RAT	P84039	ENPP5_RAT	Enpp5	477	Rattus norvegicus	1:Experimental evidence at protein level	Ectonucleotide pyrophosphatase/phosphodiesterase family member 5	0.9971	0.999	2	3	3	3	0	1	1	0	1	0	0	1	1	0	1	0	0	1	1	0	1	0	0.0	1367588.9	1657133.4	2.1126476E7	2.0470048E7	2.7981508E7	0.0	7181201.5	8701598.0	5791344.0	7568477.0	1.2042065E7	
sp|P84083|ARF5_RAT	P84083	ARF5_RAT	Arf5	180	Rattus norvegicus	1:Experimental evidence at protein level	ADP-ribosylation factor 5	1.0	0.999	9	30	24	89	6	5	4	5	5	5	5	4	3	4	4	4	16	14	13	18	15	13	1.44368368E8	8.8176928E7	1.01716416E8	1.2327752E8	1.21288984E8	1.04620528E8	3.9261612E7	3.1122032E7	3.0752206E7	4.2250836E7	3.443148E7	3.5882928E7	
sp|P84092|AP2M1_RAT	P84092	AP2M1_RAT	Ap2m1	435	Rattus norvegicus	1:Experimental evidence at protein level	AP-2 complex subunit mu	1.0	0.999	6	11	11	11	3	2	1	2	1	2	3	2	1	2	1	2	3	2	1	2	1	2	1.088716E7	1.7242112E7	6531007.0	1.7233788E7	3.0085772E7	3.9038824E7	1.1068257E7	5658122.0	6721741.5	1.3680874E7	1.1319493E7	1.3219321E7	
sp|P84100|RL19_RAT	P84100	RL19_RAT	Rpl19	196	Rattus norvegicus	1:Experimental evidence at protein level	Large ribosomal subunit protein eL19	1.0	0.999	5	78	78	78	15	15	12	12	13	11	15	15	12	12	13	11	15	15	12	12	13	11	1.54391091E9	1.42197837E9	9.9332685E8	1.22665178E9	1.05734131E9	1.13414579E9	4.221208E8	3.97559232E8	3.96991168E8	3.33950816E8	3.0983808E8	3.15395584E8	
sp|P84245|H33_RAT	P84245	H33_RAT	H3-3b	136	Rattus norvegicus	1:Experimental evidence at protein level	Histone H3.3	0.9992	0.9963	3	17	0	17	2	2	2	4	3	4	0	0	0	0	0	0	2	2	2	4	3	4	6.7886984E7	7.8158616E7	8.117152E7	1.22958288E8	1.24808888E8	1.18750112E8	3.8150892E7	4.4088564E7	4.5613676E7	6.9446416E7	7.1169416E7	6.7637336E7	sp|Q6LED0|H31_RAT
sp|P84586|RMXRL_RAT	P84586	RMXRL_RAT	Rbmxrtl	388	Rattus norvegicus	1:Experimental evidence at protein level	RNA-binding motif protein, X chromosome retrogene-like	1.0	0.999	8	28	0	28	4	4	5	4	5	6	0	0	0	0	0	0	4	4	5	4	5	6	7.1824736E7	1.07233432E8	1.190008E8	1.14636112E8	1.2744636E8	1.37151584E8	2.5470574E7	3.8659048E7	4.020084E7	3.856256E7	4.4086704E7	4.7363556E7	
sp|P84817|FIS1_RAT	P84817	FIS1_RAT	Fis1	152	Rattus norvegicus	1:Experimental evidence at protein level	Mitochondrial fission 1 protein	0.9685	0.999	1	6	6	6	1	1	1	1	1	1	1	1	1	1	1	1	1	1	1	1	1	1	8780603.0	8865878.0	1.0123936E7	5691069.0	7801330.0	4158068.5	8780603.0	8865878.0	1.0123936E7	5691069.0	7801330.0	4158068.5	
sp|P84850|D2HDH_RAT	P84850	D2HDH_RAT	D2hgdh	535	Rattus norvegicus	1:Experimental evidence at protein level	D-2-hydroxyglutarate dehydrogenase, mitochondrial	0.9685	0.999	1	4	4	4	0	1	1	1	1	0	0	1	1	1	1	0	0	1	1	1	1	0	5007243.5	1991785.0	7289313.0	5117720.0	6732238.5	0.0	5007243.5	1991785.0	7289313.0	5117720.0	6732238.5	0.0	
sp|P84903|STIM1_RAT	P84903	STIM1_RAT	Stim1	685	Rattus norvegicus	1:Experimental evidence at protein level	Stromal interaction molecule 1	1.0	0.999	4	6	6	6	1	0	0	2	2	1	1	0	0	2	2	1	1	0	0	2	2	1	4643916.0	1171279.2	3090424.0	9336666.0	9907337.0	6431977.0	2761308.2	2148082.2	2793336.8	4134309.2	4613726.0	3961671.2	
sp|P85007|IR3IP_RAT	P85007	IR3IP_RAT	Ier3ip1	82	Rattus norvegicus	3:Protein inferred from homology	Immediate early response 3-interacting protein 1	0.9996	0.999	2	4	4	4	2	1	1	0	0	0	2	1	1	0	0	0	2	1	1	0	0	0	1.47043E7	8120087.0	1.071715E7	1.4749229E7	1.5261418E7	1.3525768E7	8870195.0	4755526.0	5785000.0	8985619.0	9301731.0	8064041.5	
sp|P85108|TBB2A_RAT	P85108	TBB2A_RAT	Tubb2a	445	Rattus norvegicus	1:Experimental evidence at protein level	Tubulin beta-2A chain	1.0	0.999	19	33	6	348	6	4	4	6	7	6	1	1	1	1	1	1	58	58	53	58	59	62	5.4295676E7	4.972038E7	4.1964936E7	1.0369264E8	1.05915384E8	9.4055048E7	1.759241E7	1.6149553E7	1.5852263E7	2.8080898E7	2.906317E7	2.675651E7	
sp|P85125|CAVN1_RAT	P85125	CAVN1_RAT	Cavin1	392	Rattus norvegicus	1:Experimental evidence at protein level	Caveolae-associated protein 1	1.0	0.999	7	63	63	63	6	11	9	11	13	13	6	11	9	11	13	13	6	11	9	11	13	13	1.75438096E8	2.4850256E8	2.152256E8	2.88286112E8	3.45534944E8	3.32367072E8	4.3147272E7	5.1826124E7	5.279974E7	7.1667168E7	8.2222976E7	8.01784E7	
sp|P85515|ACTZ_RAT	P85515	ACTZ_RAT	Actr1a	376	Rattus norvegicus	1:Experimental evidence at protein level	Alpha-centractin	1.0	0.999	10	55	55	55	9	11	11	7	9	8	9	11	11	7	9	8	9	11	11	7	9	8	2.19409632E8	2.05982576E8	2.1489144E8	1.88348288E8	1.89048864E8	1.68235712E8	5.0650652E7	4.6939616E7	5.0148308E7	4.3832088E7	4.4469804E7	3.9968344E7	
sp|P85834|EFTU_RAT	P85834	EFTU_RAT	Tufm	452	Rattus norvegicus	1:Experimental evidence at protein level	Elongation factor Tu, mitochondrial	1.0	0.999	18	97	97	97	16	22	19	12	13	15	16	22	19	12	13	15	16	22	19	12	13	15	4.08688096E8	4.73704864E8	3.96872352E8	2.2632472E8	2.50552208E8	2.51864688E8	5.5734088E7	5.6950996E7	5.3792492E7	3.2482508E7	3.3758796E7	3.3076316E7	
sp|P85845|FSCN1_RAT	P85845	FSCN1_RAT	Fscn1	493	Rattus norvegicus	1:Experimental evidence at protein level	Fascin	0.9999	0.999	2	3	3	3	0	0	0	1	1	1	0	0	0	1	1	1	0	0	0	1	1	1	1.2642733E7	1.0452578E7	1.1328397E7	2.1640474E7	2.6100538E7	2.554966E7	8824004.0	8090486.0	8324302.0	1.4300696E7	1.6978372E7	1.7106422E7	
sp|P85968|6PGD_RAT	P85968	6PGD_RAT	Pgd	483	Rattus norvegicus	1:Experimental evidence at protein level	6-phosphogluconate dehydrogenase, decarboxylating	1.0	0.999	9	55	55	55	9	7	6	12	10	11	9	7	6	12	10	11	9	7	6	12	10	11	9.9447424E7	7.6835896E7	7.6296656E7	1.76740016E8	1.5425952E8	1.5564456E8	1.4751092E7	1.2833595E7	1.0814518E7	2.6783764E7	2.609372E7	2.3432872E7	
sp|P85970|ARPC2_RAT	P85970	ARPC2_RAT	Arpc2	300	Rattus norvegicus	1:Experimental evidence at protein level	Actin-related protein 2/3 complex subunit 2	1.0	0.999	10	59	59	59	10	10	14	9	7	9	10	10	14	9	7	9	10	10	14	9	7	9	2.2855688E8	2.16458304E8	2.0853456E8	2.49930208E8	2.43701248E8	2.32601648E8	2.9679578E7	3.0609366E7	3.0146394E7	3.2051458E7	3.2653106E7	3.3174958E7	
sp|P85971|6PGL_RAT	P85971	6PGL_RAT	Pgls	257	Rattus norvegicus	1:Experimental evidence at protein level	6-phosphogluconolactonase	1.0	0.999	8	41	41	41	7	9	9	4	6	6	7	9	9	4	6	6	7	9	9	4	6	6	1.82142976E8	2.8812592E8	3.4182208E8	2.94513088E8	2.96015136E8	2.92102304E8	8.7753176E7	9.8746744E7	9.318796E7	9.1541632E7	9.1944392E7	9.0020992E7	
sp|P85972|VINC_RAT	P85972	VINC_RAT	Vcl	1066	Rattus norvegicus	1:Experimental evidence at protein level	Vinculin	1.0	0.999	25	107	107	107	19	15	15	19	19	20	19	15	15	19	19	20	19	15	15	19	19	20	2.73097472E8	3.188736E8	2.21970624E8	7.8755283E8	3.2296208E8	7.1103091E8	8.0261424E7	6.1690224E7	6.793824E7	9.7561272E7	9.5743616E7	9.5825216E7	
sp|P85973|PNPH_RAT	P85973	PNPH_RAT	Pnp	289	Rattus norvegicus	1:Experimental evidence at protein level	Purine nucleoside phosphorylase	1.0	0.999	12	87	87	87	12	14	11	16	16	18	12	14	11	16	16	18	12	14	11	16	16	18	3.33444896E8	3.21597664E8	3.02345536E8	4.50458944E8	4.3792416E8	4.07658336E8	4.33305E7	4.15182E7	3.8632544E7	5.8029796E7	5.7058828E7	5.3190808E7	
sp|P86172|NMRL1_RAT	P86172	NMRL1_RAT	Nmral1	150	Rattus norvegicus	1:Experimental evidence at protein level	NmrA-like family domain-containing protein 1 (Fragment)	1.0	0.999	6	20	20	20	2	5	4	5	3	1	2	5	4	5	3	1	2	5	4	5	3	1	5.043054E7	5.2382124E7	5.633914E7	4.519376E7	5.1837492E7	5.3824184E7	1.2300104E7	1.3593345E7	1.4419148E7	1.1850126E7	1.272173E7	1.3893952E7	
sp|P86182|CCD22_RAT	P86182	CCD22_RAT	Ccdc22	627	Rattus norvegicus	1:Experimental evidence at protein level	Coiled-coil domain-containing protein 22	0.8531	0.9947	1	2	2	2	0	0	0	1	0	1	0	0	0	1	0	1	0	0	0	1	0	1	2.6293082E7	2.4310624E7	2.6498748E7	4962262.5	3911181.2	4411560.5	2.6293082E7	2.4310624E7	2.6498748E7	4962262.5	3911181.2	4411560.5	
sp|P86252|PURA_RAT	P86252	PURA_RAT	Pura	138	Rattus norvegicus	1:Experimental evidence at protein level	Transcriptional activator protein Pur-alpha (Fragment)	1.0	0.999	5	27	27	27	5	5	5	4	4	4	5	5	5	4	4	4	5	5	5	4	4	4	1.98583056E8	2.1703816E8	2.11702016E8	1.15091952E8	2.12771328E8	1.29201936E8	7.6680192E7	7.1184888E7	7.7457368E7	5.4611648E7	7.1029488E7	5.9379956E7	
sp|P97519|HMGCL_RAT	P97519	HMGCL_RAT	Hmgcl	325	Rattus norvegicus	2:Experimental evidence at transcript level	Hydroxymethylglutaryl-CoA lyase, mitochondrial	1.0	0.999	7	36	36	36	8	8	7	4	4	5	8	8	7	4	4	5	8	8	7	4	4	5	1.76014592E8	1.69784048E8	1.6739984E8	9.4219312E7	7.11876E7	1.14338944E8	3.691286E7	3.5251324E7	3.5220856E7	2.2508014E7	1.9429626E7	2.170194E7	
sp|P97531|CIP4_RAT	P97531	CIP4_RAT	Trip10	547	Rattus norvegicus	1:Experimental evidence at protein level	Cdc42-interacting protein 4	0.966	0.9989	1	4	4	4	1	1	0	1	1	0	1	1	0	1	1	0	1	1	0	1	1	0	3759561.0	3310344.2	4380589.5	5250073.5	3430528.0	5223796.0	3759561.0	3310344.2	4380589.5	5250073.5	3430528.0	5223796.0	
sp|P97532|THTM_RAT	P97532	THTM_RAT	Mpst	297	Rattus norvegicus	1:Experimental evidence at protein level	3-mercaptopyruvate sulfurtransferase	1.0	0.999	12	58	58	58	13	12	11	8	7	7	13	12	11	8	7	7	13	12	11	8	7	7	6.476137E8	6.0919379E8	5.696745E8	3.13337376E8	3.38876448E8	2.97871936E8	1.0485924E8	1.03525336E8	9.8560216E7	5.941596E7	6.3819628E7	5.6847752E7	
sp|P97536|CAND1_RAT	P97536	CAND1_RAT	Cand1	1230	Rattus norvegicus	1:Experimental evidence at protein level	Cullin-associated NEDD8-dissociated protein 1	1.0	0.999	16	33	33	33	5	1	1	10	6	10	5	1	1	10	6	10	5	1	1	10	6	10	4.364638E7	1.8208442E7	1.5362861E7	7.8158288E7	7.348736E7	7.2831E7	1.0122164E7	4650917.5	4286160.0	1.5142099E7	1.4156919E7	1.3036749E7	
sp|P97546|NPTN_RAT	P97546	NPTN_RAT	Nptn	393	Rattus norvegicus	1:Experimental evidence at protein level	Neuroplastin	1.0	0.999	2	2	2	2	0	0	0	0	0	2	0	0	0	0	0	2	0	0	0	0	0	2	7694270.0	8716206.0	9605220.0	1.1246187E7	1.2627156E7	1.1747706E7	4325378.0	4844729.5	5314387.5	6369606.5	7153756.5	6663591.5	
sp|P97571|CAN1_RAT	P97571	CAN1_RAT	Capn1	713	Rattus norvegicus	1:Experimental evidence at protein level	Calpain-1 catalytic subunit	1.0	0.999	3	8	8	8	2	0	1	2	2	1	2	0	1	2	2	1	2	0	1	2	2	1	0.0	0.0	0.0	0.0	0.0	0.0	0.0	0.0	0.0	0.0	0.0	0.0	
sp|P97576|GRPE1_RAT	P97576	GRPE1_RAT	Grpel1	217	Rattus norvegicus	1:Experimental evidence at protein level	GrpE protein homolog 1, mitochondrial	1.0	0.999	4	11	11	11	2	2	3	1	1	2	2	2	3	1	1	2	2	2	3	1	1	2	4.1388616E7	4.7097368E7	4.7648844E7	2.2967406E7	2.5768138E7	2.4513268E7	2.382499E7	2.6948634E7	2.693987E7	1.5227542E7	1.6072779E7	1.5624817E7	
sp|P97584|PTGR1_RAT	P97584	PTGR1_RAT	Ptgr1	329	Rattus norvegicus	1:Experimental evidence at protein level	Prostaglandin reductase 1	1.0	0.999	5	17	17	17	3	3	3	2	2	4	3	3	3	2	2	4	3	3	3	2	2	4	2.069217E7	1.8671922E7	1.2842456E7	1.834952E7	2.027472E7	2.4448344E7	7729711.0	6950158.0	5516922.0	6607140.0	7005955.5	6101784.5	
sp|P97608|OPLA_RAT	P97608	OPLA_RAT	Oplah	1288	Rattus norvegicus	1:Experimental evidence at protein level	5-oxoprolinase	1.0	0.999	12	37	37	37	7	8	4	6	6	6	7	8	4	6	6	6	7	8	4	6	6	6	4.8443692E7	3.728252E7	5.7964268E7	5.0399628E7	4.9662732E7	5.0362488E7	8569882.0	7638702.0	7917762.5	9032747.0	9902796.0	9330481.0	
sp|P97629|LCAP_RAT	P97629	LCAP_RAT	Lnpep	1025	Rattus norvegicus	1:Experimental evidence at protein level	Leucyl-cystinyl aminopeptidase	0.9663	0.9989	1	3	3	3	0	0	0	1	1	1	0	0	0	1	1	1	0	0	0	1	1	1	0.0	0.0	0.0	3998792.2	4614164.5	6066349.5	0.0	0.0	0.0	3998792.2	4614164.5	6066349.5	
sp|P97633|KC1A_RAT	P97633	KC1A_RAT	Csnk1a1	325	Rattus norvegicus	2:Experimental evidence at transcript level	Casein kinase I isoform alpha	0.8327	0.9939	1	1	1	1	0	0	0	0	0	1	0	0	0	0	0	1	0	0	0	0	0	1	0.0	0.0	0.0	0.0	0.0	3341055.0	0.0	0.0	0.0	0.0	0.0	0.0	
sp|P97675|ENPP3_RAT	P97675	ENPP3_RAT	Enpp3	875	Rattus norvegicus	1:Experimental evidence at protein level	Ectonucleotide pyrophosphatase/phosphodiesterase family member 3	1.0	0.999	6	16	16	16	1	2	1	4	3	5	1	2	1	4	3	5	1	2	1	4	3	5	1.0166166E7	1.0693326E7	9852457.0	2.191481E7	1.7010592E7	2.4996156E7	8390417.0	5227010.0	6841361.5	9371106.0	8032061.0	1.0973234E7	
sp|P97690|SMC3_RAT	P97690	SMC3_RAT	Smc3	1191	Rattus norvegicus	1:Experimental evidence at protein level	Structural maintenance of chromosomes protein 3	1.0	0.999	3	7	7	7	1	1	0	3	1	1	1	1	0	3	1	1	1	1	0	3	1	1	6658041.0	6417514.0	5597294.5	7384621.0	6901386.5	4792377.0	4404800.0	3819444.0	2981911.8	4632346.5	2941764.0	4068179.2	
sp|P97697|IMPA1_RAT	P97697	IMPA1_RAT	Impa1	277	Rattus norvegicus	1:Experimental evidence at protein level	Inositol monophosphatase 1	1.0	0.999	10	49	49	49	8	7	10	6	10	8	8	7	10	6	10	8	8	7	10	6	10	8	1.39546816E8	1.36204864E8	1.25243224E8	1.31151744E8	1.36067888E8	1.39316432E8	2.497305E7	2.3896734E7	2.467173E7	2.1984408E7	2.302638E7	2.3555722E7	
sp|P97829|CD47_RAT	P97829	CD47_RAT	Cd47	303	Rattus norvegicus	1:Experimental evidence at protein level	Leukocyte surface antigen CD47	0.9685	0.999	1	1	1	1	0	0	0	0	1	0	0	0	0	0	1	0	0	0	0	0	1	0	847670.8	0.0	0.0	4217845.5	4740072.5	5220919.5	847670.8	0.0	0.0	4217845.5	4740072.5	5220919.5	
sp|P97834|CSN1_RAT	P97834	CSN1_RAT	Gps1	471	Rattus norvegicus	1:Experimental evidence at protein level	COP9 signalosome complex subunit 1	1.0	0.999	3	7	7	7	2	0	0	1	2	2	2	0	0	1	2	2	2	0	0	1	2	2	1.039121E7	9050191.0	2244888.8	1.2436702E7	1.3410974E7	1.2825608E7	3964583.5	3403854.8	2337000.2	5260201.5	4934832.5	5351336.5	
sp|P97839|DLGP4_RAT	P97839	DLGP4_RAT	Dlgap4	992	Rattus norvegicus	1:Experimental evidence at protein level	Disks large-associated protein 4	0.9685	0.999	1	2	2	2	0	1	0	0	0	1	0	1	0	0	0	1	0	1	0	0	0	1	2689478.2	5085534.0	3364871.8	1599973.4	0.0	5673138.5	2689478.2	5085534.0	3364871.8	1599973.4	0.0	5673138.5	
sp|P97852|DHB4_RAT	P97852	DHB4_RAT	Hsd17b4	735	Rattus norvegicus	1:Experimental evidence at protein level	Peroxisomal multifunctional enzyme type 2	1.0	0.999	6	21	21	21	2	2	3	5	4	5	2	2	3	5	4	5	2	2	3	5	4	5	3.902812E7	3.522012E7	2.4892324E7	4.070662E7	4.9488696E7	5.1492272E7	1.1113205E7	1.0194053E7	9590466.0	1.4166534E7	1.699529E7	1.6626594E7	
sp|Q00438|PTBP1_RAT	Q00438	PTBP1_RAT	Ptbp1	556	Rattus norvegicus	1:Experimental evidence at protein level	Polypyrimidine tract-binding protein 1	1.0	0.999	19	149	131	149	24	24	25	28	22	26	21	21	21	25	20	23	24	24	25	28	22	26	6.5133414E8	6.2761677E8	5.9343424E8	8.4880294E8	7.9582502E8	8.209136E8	7.5807816E7	7.144044E7	6.758472E7	9.6267432E7	9.680784E7	9.0877056E7	
sp|Q00566|MECP2_RAT	Q00566	MECP2_RAT	Mecp2	492	Rattus norvegicus	1:Experimental evidence at protein level	Methyl-CpG-binding protein 2	1.0	0.999	5	7	7	7	3	0	2	1	1	0	3	0	2	1	1	0	3	0	2	1	1	0	1.7245758E7	1.884717E7	1.7972916E7	1.7768572E7	1.8143432E7	1.5681737E7	1.1403937E7	1.2158682E7	1.1728766E7	1.1579875E7	1.1649157E7	8982672.0	
sp|Q00657|CSPG4_RAT	Q00657	CSPG4_RAT	Cspg4	2326	Rattus norvegicus	1:Experimental evidence at protein level	Chondroitin sulfate proteoglycan 4	0.9685	0.999	1	1	1	1	0	0	0	1	0	0	0	0	0	1	0	0	0	0	0	1	0	0	953248.44	0.0	0.0	619727.75	1886046.0	1004889.44	953248.44	0.0	0.0	619727.75	1886046.0	1004889.44	
sp|Q00715|H2B1_RAT	Q00715	H2B1_RAT		125	Rattus norvegicus	1:Experimental evidence at protein level	Histone H2B type 1	1.0	0.999	5	73	39	73	13	13	12	11	13	11	8	7	6	6	8	4	13	13	12	11	13	11	5.079344E8	6.1122515E8	5.29903072E8	6.7613408E8	7.4987334E8	6.8817005E8	1.79760208E8	2.14743392E8	2.0315656E8	2.26148688E8	2.71582336E8	2.40410384E8	
sp|Q00972|BCKD_RAT	Q00972	BCKD_RAT	Bckdk	412	Rattus norvegicus	1:Experimental evidence at protein level	Branched-chain alpha-ketoacid dehydrogenase kinase	1.0	0.999	2	3	3	3	0	1	1	1	0	0	0	1	1	1	0	0	0	1	1	1	0	0	2402100.5	3530179.2	2418579.0	542222.06	0.0	1025393.56	2402100.5	3530179.2	2418579.0	542222.06	0.0	1025393.56	
sp|Q00981|UCHL1_RAT	Q00981	UCHL1_RAT	Uchl1	223	Rattus norvegicus	1:Experimental evidence at protein level	Ubiquitin carboxyl-terminal hydrolase isozyme L1	0.9685	0.999	1	2	2	2	0	1	0	1	0	0	0	1	0	1	0	0	0	1	0	1	0	0	9047692.0	6263420.0	5402267.5	5952107.5	7125027.5	7074384.0	9047692.0	6263420.0	5402267.5	5952107.5	7125027.5	7074384.0	
sp|Q01129|PGS2_RAT	Q01129	PGS2_RAT	Dcn	354	Rattus norvegicus	1:Experimental evidence at protein level	Decorin	1.0	0.999	4	16	16	16	2	4	2	3	3	2	2	4	2	3	3	2	2	4	2	3	3	2	2.5196362E7	8.878976E7	7.9494576E7	2.8879064E7	2.3354312E7	2.6666118E7	2.1830146E7	2.400909E7	3.9412044E7	2.569075E7	2.1659488E7	2.3061702E7	
sp|Q01177|PLMN_RAT	Q01177	PLMN_RAT	Plg	812	Rattus norvegicus	2:Experimental evidence at transcript level	Plasminogen	1.0	0.999	24	86	86	86	7	4	3	22	25	25	7	4	3	22	25	25	7	4	3	22	25	25	1.01892696E8	8.250912E7	1.02687088E8	4.2263136E8	3.93711008E8	4.22754176E8	1.2589881E7	1.1240982E7	1.2300887E7	4.7906272E7	4.6575492E7	4.8280996E7	
sp|Q01205|ODO2_RAT	Q01205	ODO2_RAT	Dlst	454	Rattus norvegicus	1:Experimental evidence at protein level	Dihydrolipoyllysine-residue succinyltransferase component of 2-oxoglutarate dehydrogenase complex, mitochondrial	1.0	0.999	9	65	65	65	12	16	12	6	10	9	12	16	12	6	10	9	12	16	12	6	10	9	3.4742944E8	3.791976E8	3.88033312E8	1.53288928E8	2.53984016E8	2.63658672E8	8.3982576E7	9.5797744E7	9.0222792E7	4.849444E7	5.7421596E7	6.038006E7	
sp|Q01579|GSTT1_RAT	Q01579	GSTT1_RAT	Gstt1	240	Rattus norvegicus	1:Experimental evidence at protein level	Glutathione S-transferase theta-1	1.0	0.999	2	5	5	5	1	1	1	1	0	1	1	1	1	1	0	1	1	1	1	1	0	1	5916987.0	7353170.0	3255397.2	1.1354066E7	2146934.5	4604799.0	3792277.8	4544559.0	5440308.5	4611400.5	3587883.5	1883251.5	
sp|Q01714|SP1_RAT	Q01714	SP1_RAT	Sp1	786	Rattus norvegicus	1:Experimental evidence at protein level	Transcription factor Sp1	1.0	0.999	3	8	8	8	1	1	1	1	2	2	1	1	1	1	2	2	1	1	1	1	2	2	7223464.5	7560473.0	7029569.5	9790350.0	1.094537E7	1.0671368E7	7223464.5	7560473.0	7029569.5	9790350.0	1.094537E7	1.0671368E7	
sp|Q01750|T2FB_RAT	Q01750	T2FB_RAT	Gtf2f2	249	Rattus norvegicus	1:Experimental evidence at protein level	General transcription factor IIF subunit 2	0.9987	0.9989	4	4	4	4	0	2	0	2	0	0	0	2	0	2	0	0	0	2	0	2	0	0	0.0	0.0	0.0	0.0	0.0	0.0	0.0	0.0	0.0	0.0	0.0	0.0	
sp|Q02253|MMSA_RAT	Q02253	MMSA_RAT	Aldh6a1	535	Rattus norvegicus	1:Experimental evidence at protein level	Methylmalonate-semialdehyde/malonate-semialdehyde dehydrogenase [acylating], mitochondrial	1.0	0.999	23	240	240	240	53	53	54	28	29	23	53	53	54	28	29	23	53	53	54	28	29	23	3.09286477E9	2.90436224E9	2.95205453E9	1.58154573E9	1.57622246E9	1.4683392E9	3.86375072E8	3.7296896E8	3.79943328E8	2.03022112E8	1.98648544E8	1.99320256E8	
sp|Q02356|AMPD2_RAT	Q02356	AMPD2_RAT	Ampd2	824	Rattus norvegicus	1:Experimental evidence at protein level	AMP deaminase 2	1.0	0.999	6	13	13	13	4	2	1	2	2	2	4	2	1	2	2	2	4	2	1	2	2	2	3785862.8	3887624.5	0.0	4536897.0	3535264.0	3137325.5	2285828.8	2731886.8	0.0	3191090.2	2481001.0	2054298.4	
sp|Q02589|ADPRH_RAT	Q02589	ADPRH_RAT	Adprh	362	Rattus norvegicus	1:Experimental evidence at protein level	ADP-ribosylhydrolase ARH1	1.0	0.999	3	8	8	8	1	2	1	2	1	1	1	2	1	2	1	1	1	2	1	2	1	1	1.0586366E7	1.418495E7	1.9472014E7	1.7573894E7	2.058719E7	2.0255024E7	6798234.5	8365181.0	1.1301934E7	1.1094182E7	1.0904224E7	1.4782125E7	
sp|Q02765|CATS_RAT	Q02765	CATS_RAT	Ctss	330	Rattus norvegicus	2:Experimental evidence at transcript level	Cathepsin S	1.0	0.999	2	3	3	3	0	0	0	1	1	1	0	0	0	1	1	1	0	0	0	1	1	1	1955921.9	649146.06	5621826.5	3422814.0	2907584.5	1.0579338E7	2116837.0	702551.75	3146106.2	3704411.2	3146793.5	4640380.5	
sp|Q02769|FDFT_RAT	Q02769	FDFT_RAT	Fdft1	416	Rattus norvegicus	1:Experimental evidence at protein level	Squalene synthase	0.8421	0.9943	1	1	1	1	0	0	0	1	0	0	0	0	0	1	0	0	0	0	0	1	0	0	0.0	0.0	0.0	0.0	0.0	0.0	0.0	0.0	0.0	0.0	0.0	0.0	
sp|Q02958|KRA61_SHEEP	Q02958	KRA61_SHEEP	KRTAP6-1	83	Ovis aries	1:Experimental evidence at protein level	Keratin-associated protein 6-1	0.9685	0.999	1	1	1	1	1	0	0	0	0	0	1	0	0	0	0	0	1	0	0	0	0	0	9330336.0	0.0	0.0	0.0	0.0	0.0	0.0	0.0	0.0	0.0	0.0	0.0	
sp|Q02974|KHK_RAT	Q02974	KHK_RAT	Khk	298	Rattus norvegicus	1:Experimental evidence at protein level	Ketohexokinase	0.9982	0.999	2	9	9	9	1	2	2	1	1	2	1	2	2	1	1	2	1	2	2	1	1	2	6161276.0	3859422.5	4072424.5	6660426.0	2783870.8	7956845.0	7328074.0	2557753.0	2493743.0	4016534.0	3311069.0	4233628.0	
sp|Q03336|RGN_RAT	Q03336	RGN_RAT	Rgn	299	Rattus norvegicus	1:Experimental evidence at protein level	Regucalcin	1.0	0.999	1	3	3	3	0	0	0	1	1	1	0	0	0	1	1	1	0	0	0	1	1	1	0.0	6031967.5	4753906.0	9848605.0	9834645.0	8327970.0	0.0	4236982.0	3302849.2	5543129.0	6756918.0	5366223.5	
sp|Q03344|ATIF1_RAT	Q03344	ATIF1_RAT	Atp5if1	107	Rattus norvegicus	3:Protein inferred from homology	ATPase inhibitor, mitochondrial	0.9976	0.9973	2	3	3	3	0	1	0	1	0	1	0	1	0	1	0	1	0	1	0	1	0	1	2135920.2	1192353.2	0.0	5908401.5	0.0	4193434.2	2135920.2	1192353.2	0.0	5908401.5	0.0	4193434.2	
sp|Q03346|MPPB_RAT	Q03346	MPPB_RAT	Pmpcb	489	Rattus norvegicus	1:Experimental evidence at protein level	Mitochondrial-processing peptidase subunit beta	1.0	0.999	4	6	6	6	3	1	1	0	0	1	3	1	1	0	0	1	3	1	1	0	0	1	1.5685566E7	1.8798242E7	1.3874522E7	1.240664E7	9883997.0	1.2570848E7	6387710.5	7565995.0	5885244.5	5522409.0	4291428.5	5540171.5	
sp|Q03555|GEPH_RAT	Q03555	GEPH_RAT	Gphn	768	Rattus norvegicus	1:Experimental evidence at protein level	Gephyrin	1.0	0.999	3	6	6	6	0	0	1	2	1	2	0	0	1	2	1	2	0	0	1	2	1	2	1.6702272E7	8480401.0	1.3139127E7	2.230947E7	2.1140048E7	1.3911698E7	1.1161133E7	5879982.0	6195934.0	1.0185338E7	7686444.5	9324776.0	
sp|Q03626|MUG1_RAT	Q03626	MUG1_RAT	Mug1	1487	Rattus norvegicus	2:Experimental evidence at transcript level	Murinoglobulin-1	1.0	0.999	44	72	46	350	8	5	3	19	17	20	4	3	2	12	11	14	35	27	26	95	83	84	1.19339488E8	9.4837256E7	8.9505736E7	7.3259174E8	6.830695E8	7.266727E8	2.3820824E7	1.9567144E7	2.045662E7	1.18895288E8	1.12905016E8	1.19004144E8	
sp|Q04462|SYVC_RAT	Q04462	SYVC_RAT	Vars1	1264	Rattus norvegicus	2:Experimental evidence at transcript level	Valine--tRNA ligase	1.0	0.999	21	86	86	86	15	11	10	18	12	20	15	11	10	18	12	20	15	11	10	18	12	20	2.985112E8	2.00835696E8	2.17088752E8	3.99661152E8	3.28842784E8	3.55593536E8	5.0390156E7	3.0962108E7	2.6409382E7	6.8915784E7	5.954324E7	5.884936E7	
sp|Q04631|FNTA_RAT	Q04631	FNTA_RAT	Fnta	377	Rattus norvegicus	1:Experimental evidence at protein level	Protein farnesyltransferase/geranylgeranyltransferase type-1 subunit alpha	0.9987	0.999	2	4	4	4	0	0	1	1	0	2	0	0	1	1	0	2	0	0	1	1	0	2	2823843.2	3703793.5	3615073.5	2495798.0	1480655.8	3695351.0	2823843.2	3703793.5	3615073.5	2495798.0	1480655.8	3695351.0	
sp|Q04753|ICLN_RAT	Q04753	ICLN_RAT	Clns1a	236	Rattus norvegicus	1:Experimental evidence at protein level	Methylosome subunit pICln	0.9985	0.999	2	3	3	3	0	2	1	0	0	0	0	2	1	0	0	0	0	2	1	0	0	0	2663281.8	4902652.0	5564902.5	3095267.2	1454808.9	2000076.8	2663281.8	4902652.0	5564902.5	3095267.2	1454808.9	2000076.8	
sp|Q04931|SSRP1_RAT	Q04931	SSRP1_RAT	Ssrp1	709	Rattus norvegicus	1:Experimental evidence at protein level	FACT complex subunit SSRP1	0.8403	0.9942	1	1	1	1	0	0	0	0	0	1	0	0	0	0	0	1	0	0	0	0	0	1	0.0	0.0	0.0	0.0	0.0	0.0	0.0	0.0	0.0	0.0	0.0	0.0	
sp|Q04970|RASN_RAT	Q04970	RASN_RAT	Nras	189	Rattus norvegicus	1:Experimental evidence at protein level	GTPase NRas	0.9651	0.9989	1	1	1	1	0	0	1	0	0	0	0	0	1	0	0	0	0	0	1	0	0	0	2352001.5	2129348.5	2095942.1	3464755.5	0.0	0.0	2352001.5	2129348.5	2095942.1	3464755.5	0.0	0.0	
sp|Q05095|CDX1_RAT	Q05095	CDX1_RAT	Cdx1	123	Rattus norvegicus	2:Experimental evidence at transcript level	Homeobox protein CDX-1 (Fragment)	0.588	0.9789	1	4	4	4	1	0	1	1	0	1	1	0	1	1	0	1	1	0	1	1	0	1	3.8777732E7	3.879674E7	4.4460632E7	3.0475004E7	3.6203136E7	3.6572092E7	3.8777732E7	3.879674E7	4.4460632E7	3.0475004E7	3.6203136E7	3.6572092E7	
sp|Q05096|MYO1B_RAT	Q05096	MYO1B_RAT	Myo1b	1136	Rattus norvegicus	1:Experimental evidence at protein level	Unconventional myosin-Ib	0.9758	0.999	2	2	2	2	0	1	0	1	0	0	0	1	0	1	0	0	0	1	0	1	0	0	708499.44	0.0	0.0	2299488.8	3276546.2	2042324.1	708499.44	0.0	0.0	2299488.8	3276546.2	2042324.1	
sp|Q05175|BASP1_RAT	Q05175	BASP1_RAT	Basp1	220	Rattus norvegicus	1:Experimental evidence at protein level	Brain acid soluble protein 1	1.0	0.999	2	7	7	7	0	0	2	2	2	1	0	0	2	2	2	1	0	0	2	2	2	1	2504905.2	3493171.2	5076691.0	4959664.0	6681209.0	5623041.0	3330221.8	1669730.4	2875157.8	2684663.5	3802848.2	3239227.8	
sp|Q05982|NDKA_RAT	Q05982	NDKA_RAT	Nme1	152	Rattus norvegicus	1:Experimental evidence at protein level	Nucleoside diphosphate kinase A	1.0	0.999	9	36	36	111	8	9	7	3	4	5	8	9	7	3	4	5	19	25	23	14	15	15	2.60846928E8	3.07214432E8	3.22284864E8	2.23635424E8	2.45764992E8	2.48542576E8	8.8814848E7	1.0234212E8	1.01919512E8	7.2713496E7	8.2757608E7	8.122928E7	
sp|Q06000|LIPL_RAT	Q06000	LIPL_RAT	Lpl	474	Rattus norvegicus	1:Experimental evidence at protein level	Lipoprotein lipase	1.0	0.999	5	12	12	12	0	1	1	5	2	3	0	1	1	5	2	3	0	1	1	5	2	3	9428184.0	8442817.0	1.3331802E7	2.6015884E7	1.7275672E7	8.1142088E7	3857868.5	4511107.5	4886162.0	1.0234109E7	1.1137143E7	9981502.0	
sp|Q06486|KC1D_RAT	Q06486	KC1D_RAT	Csnk1d	415	Rattus norvegicus	1:Experimental evidence at protein level	Casein kinase I isoform delta	0.9998	0.999	2	7	7	7	1	1	1	2	1	1	1	1	1	2	1	1	1	1	1	2	1	1	3455520.2	1882052.8	1190422.0	3873353.5	0.0	1863947.0	3455520.2	1240432.6	1190422.0	2649586.0	0.0	1863947.0	
sp|Q06518|NOS2_RAT	Q06518	NOS2_RAT	Nos2	1147	Rattus norvegicus	1:Experimental evidence at protein level	Nitric oxide synthase, inducible	0.9992	0.9931	2	14	14	14	2	2	2	2	4	2	2	2	2	2	4	2	2	2	2	2	4	2	2.07327642E9	1.91429261E9	7.0366008E7	1.9138807E9	1.65726912E9	1.46227482E9	1.32716762E9	1.23208704E9	4.6846584E7	1.20762522E9	1.04476294E9	8.8579507E8	
sp|Q06647|ATPO_RAT	Q06647	ATPO_RAT	Atp5po	213	Rattus norvegicus	1:Experimental evidence at protein level	ATP synthase peripheral stalk subunit OSCP, mitochondrial	1.0	0.999	7	29	29	29	8	7	8	3	2	1	8	7	8	3	2	1	8	7	8	3	2	1	3.32405888E8	3.605992E8	3.18572896E8	2.69557408E8	2.9764624E8	1.26936904E8	9.9082136E7	1.1279756E8	9.2500288E7	6.0805728E7	7.0427632E7	6.0427776E7	
sp|Q07009|CAN2_RAT	Q07009	CAN2_RAT	Capn2	700	Rattus norvegicus	1:Experimental evidence at protein level	Calpain-2 catalytic subunit	1.0	0.999	3	11	11	11	2	2	1	2	2	2	2	2	1	2	2	2	2	2	1	2	2	2	9168700.0	6318225.0	7756816.0	1.0882148E7	6772807.5	1.583261E7	6019220.0	3975453.0	4841827.5	1.0882148E7	6772807.5	1.2230408E7	
sp|Q07116|SUOX_RAT	Q07116	SUOX_RAT	Suox	546	Rattus norvegicus	1:Experimental evidence at protein level	Sulfite oxidase, mitochondrial	1.0	0.999	3	9	9	9	2	2	2	1	2	0	2	2	2	1	2	0	2	2	2	1	2	0	1953364.4	2440800.8	2369529.0	1497144.0	1526414.9	1441905.9	1953364.4	2440800.8	2369529.0	1497144.0	1526414.9	1441905.9	
sp|Q07205|IF5_RAT	Q07205	IF5_RAT	Eif5	429	Rattus norvegicus	1:Experimental evidence at protein level	Eukaryotic translation initiation factor 5	1.0	0.999	12	68	68	68	14	14	10	10	12	8	14	14	10	10	12	8	14	14	10	10	12	8	3.85956544E8	3.45403104E8	2.90869632E8	2.46738704E8	3.15177696E8	2.85946592E8	6.965752E7	6.9290984E7	6.6655548E7	5.5606184E7	5.8625468E7	5.435478E7	
sp|Q07266|DREB_RAT	Q07266	DREB_RAT	Dbn1	707	Rattus norvegicus	1:Experimental evidence at protein level	Drebrin	0.976	0.999	2	2	2	2	0	0	1	1	0	0	0	0	1	1	0	0	0	0	1	1	0	0	0.0	0.0	0.0	0.0	0.0	0.0	0.0	0.0	0.0	0.0	0.0	0.0	
sp|Q07803|EFGM_RAT	Q07803	EFGM_RAT	Gfm1	751	Rattus norvegicus	1:Experimental evidence at protein level	Elongation factor G, mitochondrial	1.0	0.999	5	5	5	5	1	1	3	0	0	0	1	1	3	0	0	0	1	1	3	0	0	0	6498534.0	9055380.0	1.538875E7	0.0	4058200.0	3378284.2	4033753.5	3634559.0	4081698.0	0.0	2386271.5	2058438.6	
sp|Q07936|ANXA2_RAT	Q07936	ANXA2_RAT	Anxa2	339	Rattus norvegicus	1:Experimental evidence at protein level	Annexin A2	1.0	0.999	19	143	143	143	25	21	20	26	27	24	25	21	20	26	27	24	25	21	20	26	27	24	7.7874726E8	6.7102298E8	6.625993E8	1.3016896E9	1.25904205E9	1.15971597E9	7.4752672E7	6.6078292E7	6.4839524E7	1.24831136E8	1.17893688E8	1.11075288E8	
sp|Q07969|CD36_RAT	Q07969	CD36_RAT	Cd36	472	Rattus norvegicus	1:Experimental evidence at protein level	Platelet glycoprotein 4	0.9996	0.999	2	4	4	4	0	0	0	2	1	1	0	0	0	2	1	1	0	0	0	2	1	1	0.0	0.0	0.0	9766378.0	6473713.5	3749324.0	0.0	0.0	0.0	6821146.0	4513816.0	3749324.0	
sp|Q07984|SSRD_RAT	Q07984	SSRD_RAT	Ssr4	173	Rattus norvegicus	2:Experimental evidence at transcript level	Translocon-associated protein subunit delta	1.0	0.999	5	91	91	91	14	15	15	18	13	16	14	15	15	18	13	16	14	15	15	18	13	16	7.4094061E8	6.2179936E8	6.0093811E8	9.1272358E8	8.3481978E8	8.1397632E8	1.95644352E8	1.64093584E8	1.52760064E8	2.39511632E8	2.16321472E8	2.11608256E8	
sp|Q08013|SSRG_RAT	Q08013	SSRG_RAT	Ssr3	185	Rattus norvegicus	1:Experimental evidence at protein level	Translocon-associated protein subunit gamma	1.0	0.999	1	12	12	12	2	2	2	2	2	2	2	2	2	2	2	2	2	2	2	2	2	2	5.0754208E7	1.9725898E7	1.8866172E7	1.05809136E8	8.420864E7	7.7244784E7	3.6046884E7	1.5382064E7	1.3845279E7	7.8367456E7	5.6957736E7	5.5878824E7	
sp|Q08163|CAP1_RAT	Q08163	CAP1_RAT	Cap1	474	Rattus norvegicus	1:Experimental evidence at protein level	Adenylyl cyclase-associated protein 1	1.0	0.999	15	87	87	87	14	13	13	15	15	17	14	13	13	15	15	17	14	13	13	15	15	17	5.0776816E8	2.95183232E8	2.84167904E8	1.08559373E9	1.15235725E9	1.13863514E9	1.9839768E8	1.85049552E8	1.87714144E8	2.57467424E8	2.583336E8	2.69829024E8	
sp|Q08290|CNN1_RAT	Q08290	CNN1_RAT	Cnn1	297	Rattus norvegicus	1:Experimental evidence at protein level	Calponin-1	1.0	0.999	9	33	31	33	10	9	4	2	5	3	9	8	4	2	5	3	10	9	4	2	5	3	1.03113832E8	7.341708E7	7.2435184E7	5.5974408E7	4.794888E7	4.8461408E7	1.8411656E7	1.4400369E7	1.6935372E7	1.1266824E7	9751733.0	1.1139713E7	
sp|Q08326|MSS4_RAT	Q08326	MSS4_RAT	Rabif	123	Rattus norvegicus	1:Experimental evidence at protein level	Guanine nucleotide exchange factor MSS4	0.9679	0.999	1	4	4	4	1	1	1	0	0	1	1	1	1	0	0	1	1	1	1	0	0	1	6185455.5	8177208.0	1.0389803E7	6228651.5	7362854.0	6144879.0	6185455.5	8177208.0	1.0389803E7	6228651.5	7362854.0	6144879.0	
sp|Q08415|KAT1_RAT	Q08415	KAT1_RAT	Kyat1	423	Rattus norvegicus	1:Experimental evidence at protein level	Kynurenine--oxoglutarate transaminase 1	1.0	0.999	4	12	12	12	4	2	3	1	1	1	4	2	3	1	1	1	4	2	3	1	1	1	2.8570344E7	2.8792776E7	2.6112836E7	1.7413804E7	1.0551923E7	1.6532632E7	1.052658E7	1.0095142E7	9659029.0	8481105.0	6929902.0	8423591.0	
sp|Q08420|SODE_RAT	Q08420	SODE_RAT	Sod3	244	Rattus norvegicus	1:Experimental evidence at protein level	Extracellular superoxide dismutase [Cu-Zn]	0.9683	0.999	1	1	1	1	0	0	1	0	0	0	0	0	1	0	0	0	0	0	1	0	0	0	3489667.8	2827735.8	3936930.8	2706728.8	4007243.0	4009878.0	3489667.8	2827735.8	3936930.8	2706728.8	4007243.0	4009878.0	
sp|Q08602|PGTA_RAT	Q08602	PGTA_RAT	Rabggta	567	Rattus norvegicus	1:Experimental evidence at protein level	Geranylgeranyl transferase type-2 subunit alpha	0.8038	0.9925	1	1	1	1	0	0	0	0	1	0	0	0	0	0	1	0	0	0	0	0	1	0	0.0	0.0	0.0	1.1623975E7	1.2651231E7	0.0	0.0	0.0	0.0	1.1623975E7	1.2651231E7	0.0	
sp|Q08851|STX5_RAT	Q08851	STX5_RAT	Stx5	355	Rattus norvegicus	1:Experimental evidence at protein level	Syntaxin-5	0.9545	0.9985	1	1	1	1	1	0	0	0	0	0	1	0	0	0	0	0	1	0	0	0	0	0	0.0	0.0	0.0	0.0	0.0	0.0	0.0	0.0	0.0	0.0	0.0	0.0	
sp|Q09030|TFF2_RAT	Q09030	TFF2_RAT	Tff2	129	Rattus norvegicus	2:Experimental evidence at transcript level	Trefoil factor 2	1.0	0.999	1	36	36	36	5	6	6	6	6	7	5	6	6	6	6	7	5	6	6	6	6	7	9.6687384E7	1.09049568E8	1.28714728E8	2.9423648E8	3.54319648E8	3.47521536E8	8.4776624E7	1.0487572E8	1.13868912E8	2.34104176E8	2.91854336E8	3.21451424E8	
sp|Q09073|ADT2_RAT	Q09073	ADT2_RAT	Slc25a5	298	Rattus norvegicus	1:Experimental evidence at protein level	ADP/ATP translocase 2	1.0	0.999	5	31	13	31	7	5	2	6	6	5	3	3	0	3	2	2	7	5	2	6	6	5	6.7106644E7	4.7946936E7	3.6698388E7	1.0424604E8	8.2411936E7	9.208092E7	1.763991E7	1.2961667E7	1.0590487E7	2.3791026E7	1.9006328E7	2.2227868E7	
sp|Q09167|SRSF5_RAT	Q09167	SRSF5_RAT	Srsf5	269	Rattus norvegicus	1:Experimental evidence at protein level	Serine/arginine-rich splicing factor 5	1.0	0.999	5	12	12	18	1	2	4	3	1	1	1	2	4	3	1	1	2	3	5	4	2	2	5.217266E7	6.5762208E7	6.9377896E7	4.8223484E7	4.1292532E7	3.7600288E7	1.7406938E7	2.1611148E7	2.2199636E7	1.5721574E7	1.5642818E7	1.7445466E7	
sp|Q09326|MGAT2_RAT	Q09326	MGAT2_RAT	Mgat2	442	Rattus norvegicus	1:Experimental evidence at protein level	Alpha-1,6-mannosyl-glycoprotein 2-beta-N-acetylglucosaminyltransferase	0.9685	0.999	1	1	1	1	1	0	0	0	0	0	1	0	0	0	0	0	1	0	0	0	0	0	3550760.8	0.0	0.0	3208190.5	1564032.9	6004831.5	3550760.8	0.0	0.0	3208190.5	1564032.9	6004831.5	
sp|Q0PGW2|DEN11_RAT	Q0PGW2	DEN11_RAT	Dennd11	455	Rattus norvegicus	2:Experimental evidence at transcript level	DENN domain-containing protein 11	0.6524	0.9839	1	1	1	1	0	0	0	0	0	1	0	0	0	0	0	1	0	0	0	0	0	1	0.0	0.0	0.0	0.0	0.0	0.0	0.0	0.0	0.0	0.0	0.0	0.0	
sp|Q0ZHH6|ATLA3_RAT	Q0ZHH6	ATLA3_RAT	Atl3	541	Rattus norvegicus	2:Experimental evidence at transcript level	Atlastin-3	0.9303	0.9977	1	1	1	1	1	0	0	0	0	0	1	0	0	0	0	0	1	0	0	0	0	0	1382619.1	0.0	0.0	1801407.2	0.0	2054619.5	1382619.1	0.0	0.0	1801407.2	0.0	2054619.5	
sp|Q10473|GALT1_RAT	Q10473	GALT1_RAT	Galnt1	559	Rattus norvegicus	1:Experimental evidence at protein level	Polypeptide N-acetylgalactosaminyltransferase 1	0.9287	0.9976	1	1	1	1	0	0	0	1	0	0	0	0	0	1	0	0	0	0	0	1	0	0	0.0	0.0	0.0	0.0	0.0	0.0	0.0	0.0	0.0	0.0	0.0	0.0	
sp|Q10728|MYPT1_RAT	Q10728	MYPT1_RAT	Ppp1r12a	1032	Rattus norvegicus	1:Experimental evidence at protein level	Protein phosphatase 1 regulatory subunit 12A	0.9999	0.9989	2	6	6	6	2	1	2	1	0	0	2	1	2	1	0	0	2	1	2	1	0	0	3933156.8	4494587.5	4746926.0	4400493.0	4613955.5	4586062.0	3933156.8	4494587.5	4746926.0	4400493.0	4613955.5	4586062.0	
sp|Q10758|K2C8_RAT	Q10758	K2C8_RAT	Krt8	483	Rattus norvegicus	1:Experimental evidence at protein level	Keratin, type II cytoskeletal 8	1.0	0.999	29	380	341	380	56	64	68	58	64	70	49	58	62	53	56	63	56	64	68	58	64	70	5.7096888E9	6.268799E9	6.2095273E9	7.2968407E9	8.3965179E9	8.5384412E9	3.98486016E8	4.560144E8	4.6239856E8	5.18530816E8	5.7807155E8	5.992784E8	
sp|Q14525|KT33B_HUMAN	Q14525	KT33B_HUMAN	KRT33B	404	Homo sapiens	1:Experimental evidence at protein level	Keratin, type I cuticular Ha3-II	0.9999	0.999	7	2	1	18	2	0	0	0	0	0	1	0	0	0	0	0	9	3	1	2	2	1	2.6698982E7	0.0	0.0	0.0	0.0	0.0	0.0	0.0	0.0	0.0	0.0	0.0	
sp|Q157S1|CRTC1_RAT	Q157S1	CRTC1_RAT	Crtc1	630	Rattus norvegicus	1:Experimental evidence at protein level	CREB-regulated transcription coactivator 1	0.9999	0.999	2	2	2	2	0	1	1	0	0	0	0	1	1	0	0	0	0	1	1	0	0	0	0.0	1623395.0	4655106.0	0.0	1372131.8	0.0	0.0	1623395.0	0.0	0.0	1372131.8	0.0	
sp|Q15843|NEDD8_HUMAN	Q15843	NEDD8_HUMAN	NEDD8	81	Homo sapiens	1:Experimental evidence at protein level	NEDD8	1.0	0.999	3	19	0	19	4	3	3	3	2	4	0	0	0	0	0	0	4	3	3	3	2	4	4.3291308E7	4.4611652E7	5.7354448E7	3.4545056E7	4.2925204E7	2.9950182E7	2.4010608E7	2.2764804E7	2.9524154E7	1.8622472E7	2.4633072E7	1.4375356E7	sp|Q71UE8|NEDD8_RAT
sp|Q1HCL7|NADK2_RAT	Q1HCL7	NADK2_RAT	Nadk2	425	Rattus norvegicus	1:Experimental evidence at protein level	NAD kinase 2, mitochondrial	1.0	0.999	3	6	6	6	2	1	3	0	0	0	2	1	3	0	0	0	2	1	3	0	0	0	8397378.0	8937938.0	1.1075092E7	2528909.0	2431553.5	1962464.1	4798291.5	5578611.0	6912115.5	2528909.0	2431553.5	1962464.1	
sp|Q1HG60|PIF1_RAT	Q1HG60	PIF1_RAT	Pif1	637	Rattus norvegicus	2:Experimental evidence at transcript level	ATP-dependent DNA helicase PIF1	0.9884	0.9956	2	8	8	8	1	1	0	2	1	3	1	1	0	2	1	3	1	1	0	2	1	3	0.0	1.6589752E7	0.0	0.0	0.0	5.3326012E7	0.0	1.6589752E7	0.0	0.0	0.0	4.506648E7	
sp|Q1JU68|EIF3A_RAT	Q1JU68	EIF3A_RAT	Eif3a	1354	Rattus norvegicus	2:Experimental evidence at transcript level	Eukaryotic translation initiation factor 3 subunit A	1.0	0.999	25	93	93	93	14	13	12	18	16	20	14	13	12	18	16	20	14	13	12	18	16	20	3.30280224E8	7.135591E8	6.6716442E8	5.9160486E8	3.13064736E8	5.7376096E8	1.52062496E8	1.0154128E8	8.5513264E7	1.57407008E8	1.40400272E8	1.46908352E8	
sp|Q1RP77|NOP16_RAT	Q1RP77	NOP16_RAT	Nop16	178	Rattus norvegicus	2:Experimental evidence at transcript level	Nucleolar protein 16	1.0	0.999	3	7	7	7	1	2	2	1	1	0	1	2	2	1	1	0	1	2	2	1	1	0	1.579304E7	1.6319034E7	2.0141476E7	1.5725043E7	1.4108575E7	7018563.5	7557046.0	8861989.0	9601588.0	8523821.0	7199945.0	7018563.5	
sp|Q27W01|RBM8A_RAT	Q27W01	RBM8A_RAT	Rbm8a	174	Rattus norvegicus	1:Experimental evidence at protein level	RNA-binding protein 8A	1.0	0.999	2	8	8	8	2	2	3	0	1	0	2	2	3	0	1	0	2	2	3	0	1	0	1.5384313E7	4.6049084E7	5.76146E7	3.9520736E7	4.0384748E7	3.6352504E7	2.1290724E7	2.3392934E7	3.0076754E7	2.0822946E7	2.2765094E7	1.4391251E7	
sp|Q27W02|MGN_RAT	Q27W02	MGN_RAT	Magoh	146	Rattus norvegicus	2:Experimental evidence at transcript level	Protein mago nashi homolog	1.0	0.999	2	7	7	7	1	0	2	1	2	1	1	0	2	1	2	1	1	0	2	1	2	1	3.3277812E7	2.377075E7	9662033.0	4.246022E7	2.9930932E7	3.117472E7	2.9445684E7	2.1466284E7	3719408.8	3.5771352E7	2.508795E7	2.7328976E7	
sp|Q29463|TRY2_BOVIN	Q29463	TRY2_BOVIN		247	Bos taurus	2:Experimental evidence at transcript level	Anionic trypsin	0.9685	0.999	1	1	1	1	1	0	0	0	0	0	1	0	0	0	0	0	1	0	0	0	0	0	3319429.0	0.0	0.0	0.0	0.0	0.0	0.0	0.0	0.0	0.0	0.0	0.0	
sp|Q29RW1|MYH4_RAT	Q29RW1	MYH4_RAT	Myh4	1939	Rattus norvegicus	1:Experimental evidence at protein level	Myosin-4	1.0	0.999	7	12	7	12	0	0	0	4	5	3	0	0	0	2	3	2	0	0	0	4	5	3	2922387.5	2372567.0	1933792.8	2.1180962E7	1.9443526E7	2.0604404E7	2953595.0	2397903.0	1954443.2	6900120.5	6817156.5	7844017.0	
sp|Q2A121|FTO_RAT	Q2A121	FTO_RAT	Fto	502	Rattus norvegicus	2:Experimental evidence at transcript level	Alpha-ketoglutarate-dependent dioxygenase FTO	0.9999	0.999	2	5	5	5	1	0	2	0	1	1	1	0	2	0	1	1	1	0	2	0	1	1	3525193.5	5076219.0	5752485.0	4614426.5	4461232.5	3609163.5	1948771.5	2907591.0	3228789.5	2620635.2	2543786.5	2056260.5	
sp|Q2KJ09|UBP16_RAT	Q2KJ09	UBP16_RAT	Usp16	826	Rattus norvegicus	1:Experimental evidence at protein level	Ubiquitin carboxyl-terminal hydrolase 16	0.7207	0.9882	1	2	2	2	0	1	1	0	0	0	0	1	1	0	0	0	0	1	1	0	0	0	0.0	0.0	2874242.0	0.0	0.0	2727308.8	0.0	0.0	2874242.0	0.0	0.0	2727308.8	
sp|Q2LAP6|TES_RAT	Q2LAP6	TES_RAT	Tes	419	Rattus norvegicus	1:Experimental evidence at protein level	Testin	1.0	0.999	8	21	21	21	2	5	1	5	3	5	2	5	1	5	3	5	2	5	1	5	3	5	5.1075944E7	4.7121432E7	3.939656E7	5.8739352E7	6.9765872E7	6.9330384E7	1.2451608E7	1.1241118E7	1.0674712E7	1.7722676E7	1.6227531E7	1.679014E7	
sp|Q2M2R8|PEX5_RAT	Q2M2R8	PEX5_RAT	Pex5	640	Rattus norvegicus	1:Experimental evidence at protein level	Peroxisomal targeting signal 1 receptor	0.959	0.9987	1	2	2	2	0	1	1	0	0	0	0	1	1	0	0	0	0	1	1	0	0	0	0.0	0.0	0.0	0.0	0.0	0.0	0.0	0.0	0.0	0.0	0.0	0.0	
sp|Q2PQA9|KINH_RAT	Q2PQA9	KINH_RAT	Kif5b	963	Rattus norvegicus	1:Experimental evidence at protein level	Kinesin-1 heavy chain	1.0	0.999	15	49	34	49	13	7	5	9	7	8	9	4	3	7	5	6	13	7	5	9	7	8	6.8258936E7	4.360866E7	4.458412E7	5.3294724E7	7.7386952E7	7.1494824E7	1.206808E7	8108957.0	9393360.0	1.2367477E7	1.165122E7	1.0898313E7	
sp|Q2TA68|OPA1_RAT	Q2TA68	OPA1_RAT	Opa1	960	Rattus norvegicus	1:Experimental evidence at protein level	Dynamin-like GTPase OPA1, mitochondrial	1.0	0.999	6	23	23	23	6	4	3	4	1	5	6	4	3	4	1	5	6	4	3	4	1	5	1.8346972E7	1.387095E7	1.0807982E7	1.0990628E7	7802980.5	1.2186154E7	4954660.5	3970269.0	3768490.5	4600740.0	4033274.5	3785101.5	
sp|Q2TL32|UBR4_RAT	Q2TL32	UBR4_RAT	Ubr4	5194	Rattus norvegicus	1:Experimental evidence at protein level	E3 ubiquitin-protein ligase UBR4	0.9971	0.9989	2	5	5	5	1	1	1	0	0	2	1	1	1	0	0	2	1	1	1	0	0	2	1.1762259E7	1.1210611E7	1.3391477E7	1.4175814E7	1.372954E7	1.5128448E7	1.1762259E7	1.1210611E7	1.3391477E7	1.1678721E7	1.1650863E7	1.2355803E7	
sp|Q32PX2|AIMP2_RAT	Q32PX2	AIMP2_RAT	Aimp2	320	Rattus norvegicus	2:Experimental evidence at transcript level	Aminoacyl tRNA synthase complex-interacting multifunctional protein 2	1.0	0.999	9	31	31	31	7	3	4	7	5	5	7	3	4	7	5	5	7	3	4	7	5	5	8.094924E7	5.3685216E7	4.9287796E7	1.6339216E8	7.7889688E7	7.6129456E7	3.5718656E7	2.6274314E7	2.3761452E7	4.1832464E7	3.7042968E7	4.091288E7	
sp|Q32PX7|FUBP1_RAT	Q32PX7	FUBP1_RAT	Fubp1	639	Rattus norvegicus	1:Experimental evidence at protein level	Far upstream element-binding protein 1	1.0	0.999	11	37	37	41	6	7	10	4	4	6	6	7	10	4	4	6	6	8	11	4	5	7	1.0212948E8	1.20394416E8	1.2756196E8	1.10842904E8	1.45614704E8	1.44483136E8	2.6427768E7	3.2494286E7	3.2828954E7	3.2755276E7	3.5035164E7	3.5949276E7	
sp|Q32Q06|AP1M1_RAT	Q32Q06	AP1M1_RAT	Ap1m1	423	Rattus norvegicus	1:Experimental evidence at protein level	AP-1 complex subunit mu-1	1.0	0.999	6	14	11	14	3	1	3	2	3	2	3	1	2	2	2	1	3	1	3	2	3	2	5.9463344E7	5.6094608E7	5.1834128E7	2.5837472E7	4.4925008E7	3.816938E7	2.1407316E7	1.8949618E7	1.4301002E7	2.2774872E7	1.9297136E7	2.0805094E7	
sp|Q32WR5|BL1S2_RAT	Q32WR5	BL1S2_RAT	Bloc1s2	142	Rattus norvegicus	2:Experimental evidence at transcript level	Biogenesis of lysosome-related organelles complex-1 subunit 2	0.9994	0.999	1	3	3	3	1	0	2	0	0	0	1	0	2	0	0	0	1	0	2	0	0	0	8375921.0	1.0429813E7	1.7446536E7	7673691.5	0.0	0.0	8375921.0	1.0429813E7	1.0680258E7	7673691.5	0.0	0.0	
sp|Q3B7D0|HEM6_RAT	Q3B7D0	HEM6_RAT	Cpox	443	Rattus norvegicus	1:Experimental evidence at protein level	Oxygen-dependent coproporphyrinogen-III oxidase, mitochondrial	1.0	0.999	8	19	19	19	5	5	5	2	2	0	5	5	5	2	2	0	5	5	5	2	2	0	4.463672E7	5.38873E7	5.6035976E7	2.0640392E7	2.132132E7	1.6972876E7	1.1529985E7	1.2066809E7	1.2467798E7	5965361.0	6774723.0	5721930.0	
sp|Q3B7D1|UBE2Z_RAT	Q3B7D1	UBE2Z_RAT	Ube2z	356	Rattus norvegicus	1:Experimental evidence at protein level	Ubiquitin-conjugating enzyme E2 Z	1.0	0.999	3	13	13	13	4	3	0	2	2	2	4	3	0	2	2	2	4	3	0	2	2	2	1.5670292E7	1.3204024E7	8450868.0	1.7548582E7	1.733006E7	1.5547278E7	5590502.0	4581017.0	4394654.5	6091424.5	6061777.5	5540632.0	
sp|Q3B7U4|CTU2_RAT	Q3B7U4	CTU2_RAT	Ctu2	528	Rattus norvegicus	2:Experimental evidence at transcript level	Cytoplasmic tRNA 2-thiolation protein 2	0.795	0.9921	1	3	3	3	0	0	1	1	0	1	0	0	1	1	0	1	0	0	1	1	0	1	0.0	0.0	0.0	0.0	0.0	0.0	0.0	0.0	0.0	0.0	0.0	0.0	
sp|Q3B8Q0|MARE2_RAT	Q3B8Q0	MARE2_RAT	Mapre2	326	Rattus norvegicus	1:Experimental evidence at protein level	Microtubule-associated protein RP/EB family member 2	1.0	0.999	9	41	33	41	10	6	6	6	5	8	8	5	5	5	4	6	10	6	6	6	5	8	1.12622936E8	1.12295728E8	8.6909304E7	1.15149816E8	1.01575224E8	1.14843936E8	3.0856848E7	3.1933676E7	2.6602888E7	2.7029828E7	2.750701E7	2.608067E7	
sp|Q3B8Q1|DDX21_RAT	Q3B8Q1	DDX21_RAT	Ddx21	782	Rattus norvegicus	2:Experimental evidence at transcript level	Nucleolar RNA helicase 2	1.0	0.999	9	36	33	36	6	6	6	7	6	5	6	6	5	6	5	5	6	6	6	7	6	5	4.7896012E7	5.2188728E7	5.5460108E7	4.3109092E7	4.514512E7	4.3204296E7	1.2042711E7	1.3062069E7	1.2809069E7	1.1321082E7	1.2369865E7	1.1151304E7	
sp|Q3B8Q2|IF4A3_RAT	Q3B8Q2	IF4A3_RAT	Eif4a3	411	Rattus norvegicus	1:Experimental evidence at protein level	Eukaryotic initiation factor 4A-III	1.0	0.999	9	23	23	30	7	2	4	4	3	3	7	2	4	4	3	3	8	3	5	5	4	5	6.1124848E7	5.4027388E7	6.3828464E7	5.655862E7	5.2354964E7	5.1426704E7	1.4656782E7	1.4720217E7	1.6018404E7	1.3395474E7	1.4296924E7	1.3484915E7	
sp|Q3KR59|UBP10_RAT	Q3KR59	UBP10_RAT	Usp10	794	Rattus norvegicus	1:Experimental evidence at protein level	Ubiquitin carboxyl-terminal hydrolase 10	0.9668	0.9989	1	3	3	3	0	1	0	1	1	0	0	1	0	1	1	0	0	1	0	1	1	0	1672260.6	0.0	1306339.0	4179302.8	684595.6	2657733.2	1672260.6	0.0	1306339.0	4179302.8	684595.6	2657733.2	
sp|Q3KR97|BI2L1_RAT	Q3KR97	BI2L1_RAT	Baiap2l1	516	Rattus norvegicus	1:Experimental evidence at protein level	BAR/IMD domain-containing adapter protein 2-like 1	0.9982	0.999	2	2	2	2	1	0	1	0	0	0	1	0	1	0	0	0	1	0	1	0	0	0	3327324.0	1584901.6	5581101.0	5964859.0	6035358.5	5858000.0	2032296.1	3784978.8	3509364.5	3751276.2	3929197.5	3437016.5	
sp|Q3KRC5|DUS3L_RAT	Q3KRC5	DUS3L_RAT	Dus3l	640	Rattus norvegicus	2:Experimental evidence at transcript level	tRNA-dihydrouridine(47) synthase [NAD(P)(+)]-like	0.9685	0.999	2	3	3	3	0	0	0	1	0	2	0	0	0	1	0	2	0	0	0	1	0	2	9053657.0	1.1574538E7	8023902.5	1.1958569E7	1.0204264E7	8.2997616E7	6158257.5	7929228.0	5052496.0	1.6782476E7	1.4320511E7	2.6600966E7	
sp|Q3KRD8|IF6_RAT	Q3KRD8	IF6_RAT	Eif6	245	Rattus norvegicus	1:Experimental evidence at protein level	Eukaryotic translation initiation factor 6	1.0	0.999	5	25	25	25	6	6	6	2	2	3	6	6	6	2	2	3	6	6	6	2	2	3	1.07965136E8	1.21291216E8	1.1583664E8	4.8063588E7	9.2598336E7	5.5661168E7	3.0685376E7	3.4593404E7	3.0510142E7	2.797426E7	3.120633E7	2.7596528E7	
sp|Q3KRE0|ATD3A_RAT	Q3KRE0	ATD3A_RAT	Atad3a	591	Rattus norvegicus	1:Experimental evidence at protein level	ATPase family AAA domain-containing protein 3A	1.0	0.999	3	8	8	8	3	0	1	2	0	2	3	0	1	2	0	2	3	0	1	2	0	2	1.89808896E8	4615719.0	2501466.5	0.0	0.0	0.0	1.2693122E7	1.769264E7	9588440.0	0.0	0.0	0.0	
sp|Q3MHC2|INT11_RAT	Q3MHC2	INT11_RAT	Ints11	600	Rattus norvegicus	2:Experimental evidence at transcript level	Integrator complex subunit 11	0.6045	0.9802	1	1	1	1	0	0	0	0	0	1	0	0	0	0	0	1	0	0	0	0	0	1	4.8479384E7	4.17221E7	4.013212E7	4.1100404E7	3.6283984E7	4.2501852E7	4.8479384E7	4.17221E7	4.013212E7	4.1100404E7	3.6283984E7	4.2501852E7	
sp|Q3MIB4|LONP2_RAT	Q3MIB4	LONP2_RAT	Lonp2	852	Rattus norvegicus	1:Experimental evidence at protein level	Lon protease homolog 2, peroxisomal	0.6327	0.9824	1	1	1	1	0	0	0	0	0	1	0	0	0	0	0	1	0	0	0	0	0	1	0.0	0.0	0.0	0.0	0.0	0.0	0.0	0.0	0.0	0.0	0.0	0.0	
sp|Q3MID3|ARFG2_RAT	Q3MID3	ARFG2_RAT	Arfgap2	520	Rattus norvegicus	1:Experimental evidence at protein level	ADP-ribosylation factor GTPase-activating protein 2	1.0	0.999	8	15	15	21	3	2	1	2	3	4	3	2	1	2	3	4	4	3	2	3	4	5	3.2728232E7	2.7113996E7	2.9686216E7	3.1050398E7	3.676452E7	3.1633428E7	8854817.0	7888510.5	7588475.0	8702873.0	1.0445993E7	9138774.0	
sp|Q3MIE0|ECHD3_RAT	Q3MIE0	ECHD3_RAT	Echdc3	300	Rattus norvegicus	2:Experimental evidence at transcript level	Enoyl-CoA hydratase domain-containing protein 3, mitochondrial	1.0	0.999	11	45	45	45	12	11	11	3	4	4	12	11	11	3	4	4	12	11	11	3	4	4	3.70272736E8	3.63711584E8	3.99551744E8	1.48285392E8	1.57605056E8	1.86946336E8	1.20030952E8	1.30211368E8	1.31969944E8	4.4767384E7	5.3107692E7	5.1011896E7	
sp|Q3MIE4|VAT1_RAT	Q3MIE4	VAT1_RAT	Vat1	404	Rattus norvegicus	1:Experimental evidence at protein level	Synaptic vesicle membrane protein VAT-1 homolog	1.0	0.999	12	97	97	97	17	17	16	15	15	17	17	17	16	15	15	17	17	17	16	15	15	17	3.8626512E8	3.207448E8	3.1490112E8	4.56223168E8	4.36511168E8	4.19465472E8	5.6992772E7	4.8885416E7	4.7334884E7	7.010988E7	6.590832E7	6.6663588E7	
sp|Q3MIF4|XYLB_RAT	Q3MIF4	XYLB_RAT	Xylb	536	Rattus norvegicus	2:Experimental evidence at transcript level	Xylulose kinase	0.9956	0.9982	2	2	2	2	0	0	0	0	0	2	0	0	0	0	0	2	0	0	0	0	0	2	869501.5	1459671.2	2019288.1	2405364.8	1578901.9	2937323.0	869501.5	1459671.2	2019288.1	2405364.8	1578901.9	2937323.0	
sp|Q3SWS8|RAE1L_RAT	Q3SWS8	RAE1L_RAT	Rae1	368	Rattus norvegicus	1:Experimental evidence at protein level	mRNA export factor	1.0	0.999	3	6	6	6	0	1	0	1	2	2	0	1	0	1	2	2	0	1	0	1	2	2	2.404853E7	2.7877622E7	3.566626E7	3.6869648E7	4.845964E7	5.2915084E7	2.404853E7	2.6559088E7	3.2215824E7	3.6869648E7	4.845964E7	4.8714364E7	
sp|Q3SWT0|PECA1_RAT	Q3SWT0	PECA1_RAT	Pecam1	678	Rattus norvegicus	1:Experimental evidence at protein level	Platelet endothelial cell adhesion molecule	0.9685	0.999	1	2	2	2	0	0	0	1	0	1	0	0	0	1	0	1	0	0	0	1	0	1	0.0	0.0	0.0	4406046.5	0.0	0.0	0.0	0.0	0.0	0.0	0.0	0.0	
sp|Q3SWU3|HNRDL_RAT	Q3SWU3	HNRDL_RAT	Hnrnpdl	322	Rattus norvegicus	1:Experimental evidence at protein level	Heterogeneous nuclear ribonucleoprotein D-like	1.0	0.999	5	19	19	26	3	4	3	3	3	3	3	4	3	3	3	3	4	6	4	4	4	4	1.42443648E8	1.56337392E8	1.53879296E8	1.72510864E8	1.72822064E8	1.78907456E8	1.16779136E8	1.25865368E8	1.3445928E8	1.3566536E8	1.46245264E8	1.45017584E8	
sp|Q3T1I4|PRRC1_RAT	Q3T1I4	PRRC1_RAT	Prrc1	443	Rattus norvegicus	2:Experimental evidence at transcript level	Protein PRRC1	1.0	0.999	11	74	74	74	15	18	14	7	10	10	15	18	14	7	10	10	15	18	14	7	10	10	5.4474912E8	6.7381158E8	6.4119034E8	4.4645856E8	4.8396496E8	5.1148944E8	7.3535928E7	8.748568E7	8.411992E7	6.0022716E7	6.8050328E7	6.5948832E7	
sp|Q3T1J1|IF5A1_RAT	Q3T1J1	IF5A1_RAT	Eif5a	154	Rattus norvegicus	1:Experimental evidence at protein level	Eukaryotic translation initiation factor 5A-1	1.0	0.999	8	103	103	103	19	21	19	15	15	14	19	21	19	15	15	14	19	21	19	15	15	14	2.16446848E9	2.44356454E9	2.53682227E9	1.61536922E9	1.70337472E9	1.60882112E9	5.04748032E8	5.8010771E8	5.8752506E8	4.08647584E8	4.19960736E8	4.046656E8	
sp|Q3T1J9|MOB1A_RAT	Q3T1J9	MOB1A_RAT	Mob1a	216	Rattus norvegicus	2:Experimental evidence at transcript level	MOB kinase activator 1A	1.0	0.999	2	11	11	11	2	2	2	2	1	2	2	2	2	2	1	2	2	2	2	2	1	2	1.0850488E7	8526822.0	8236162.0	8275411.0	8596957.0	9167978.0	6409272.0	4697766.0	5017180.5	5144871.5	5325513.0	5625588.5	
sp|Q3T1K5|CAZA2_RAT	Q3T1K5	CAZA2_RAT	Capza2	286	Rattus norvegicus	1:Experimental evidence at protein level	F-actin-capping protein subunit alpha-2	1.0	0.999	11	69	51	69	14	13	9	13	10	10	11	10	8	9	7	6	14	13	9	13	10	10	3.07929984E8	3.15173248E8	3.36158496E8	2.99719584E8	2.93501536E8	2.68577568E8	6.141554E7	6.6425832E7	6.899296E7	6.295418E7	6.2149088E7	6.2277124E7	
sp|Q3T1L0|A16A1_RAT	Q3T1L0	A16A1_RAT	Aldh16a1	802	Rattus norvegicus	2:Experimental evidence at transcript level	Aldehyde dehydrogenase family 16 member A1	1.0	0.999	4	6	6	6	1	0	0	2	2	1	1	0	0	2	2	1	1	0	0	2	2	1	8.3388216E7	9937165.0	5034262.0	6.6958704E7	9093158.0	9838430.0	1.1877436E7	1.106174E7	5739592.5	1.6735792E7	1.2150992E7	1.2723917E7	
sp|Q3ZAV8|EDC4_RAT	Q3ZAV8	EDC4_RAT	Edc4	1407	Rattus norvegicus	1:Experimental evidence at protein level	Enhancer of mRNA-decapping protein 4	1.0	0.999	3	4	4	4	0	0	0	2	1	1	0	0	0	2	1	1	0	0	0	2	1	1	2531779.5	2881334.0	551205.1	1.0600501E7	6483653.5	6793447.0	1883261.1	1988781.6	1086523.5	2943849.2	4378945.5	4600806.5	
sp|Q3ZU82|GOGA5_RAT	Q3ZU82	GOGA5_RAT	Golga5	728	Rattus norvegicus	1:Experimental evidence at protein level	Golgin subfamily A member 5	1.0	0.999	5	10	10	10	0	0	1	4	2	3	0	0	1	4	2	3	0	0	1	4	2	3	5695035.0	4979081.5	5727386.0	1.0362631E7	1.1132434E7	8975956.0	2711288.8	2430359.8	3225038.5	5117890.0	5404243.5	4451155.0	
sp|Q496Z0|ELP2_RAT	Q496Z0	ELP2_RAT	Elp2	821	Rattus norvegicus	2:Experimental evidence at transcript level	Elongator complex protein 2	0.8536	0.9947	1	1	1	1	0	0	0	1	0	0	0	0	0	1	0	0	0	0	0	1	0	0	0.0	0.0	0.0	0.0	0.0	0.0	0.0	0.0	0.0	0.0	0.0	0.0	
sp|Q497B0|NIT2_RAT	Q497B0	NIT2_RAT	Nit2	276	Rattus norvegicus	1:Experimental evidence at protein level	Omega-amidase NIT2	1.0	0.999	15	110	110	110	18	21	22	16	17	16	18	21	22	16	17	16	18	21	22	16	17	16	3.788464E8	4.66730528E8	4.50995808E8	3.71062464E8	3.73933568E8	4.12184544E8	5.16977E7	5.7315564E7	5.715078E7	4.7699356E7	4.83408E7	5.4043948E7	
sp|Q497C3|MTL26_RAT	Q497C3	MTL26_RAT	Mettl26	204	Rattus norvegicus	2:Experimental evidence at transcript level	Methyltransferase-like 26	0.9553	0.9986	1	3	3	3	1	0	1	0	1	0	1	0	1	0	1	0	1	0	1	0	1	0	0.0	0.0	0.0	0.0	0.0	0.0	0.0	0.0	0.0	0.0	0.0	0.0	
sp|Q498C8|RER1_RAT	Q498C8	RER1_RAT	Rer1	196	Rattus norvegicus	1:Experimental evidence at protein level	Protein RER1	1.0	0.999	2	3	3	3	0	0	0	1	2	0	0	0	0	1	2	0	0	0	0	1	2	0	4908229.0	0.0	0.0	8637328.0	1.0101218E7	7714212.5	2902104.5	0.0	0.0	5276950.0	6113021.5	4622607.5	
sp|Q498E0|TXD12_RAT	Q498E0	TXD12_RAT	Txndc12	170	Rattus norvegicus	2:Experimental evidence at transcript level	Thioredoxin domain-containing protein 12	1.0	0.999	3	13	13	13	1	2	2	2	3	3	1	2	2	2	3	3	1	2	2	2	3	3	1.5035248E7	1.9321264E7	1.662972E7	1.4440156E7	1.2073931E7	1.5002089E7	6628181.0	8146603.5	7690000.5	5792479.0	5553903.5	6847475.0	
sp|Q498M4|WDR5_RAT	Q498M4	WDR5_RAT	Wdr5	334	Rattus norvegicus	1:Experimental evidence at protein level	WD repeat-containing protein 5	1.0	0.999	3	7	7	7	1	1	2	1	1	1	1	1	2	1	1	1	1	1	2	1	1	1	1.1017962E7	1.0176508E7	1.0121597E7	1.181147E7	9088035.0	9075244.0	1.1017962E7	8233270.0	8985509.0	1.181147E7	8139740.0	9075244.0	
sp|Q498R7|CZIB_RAT	Q498R7	CZIB_RAT	Czib	160	Rattus norvegicus	2:Experimental evidence at transcript level	CXXC motif containing zinc binding protein	1.0	0.999	2	8	8	8	2	1	2	1	1	1	2	1	2	1	1	1	2	1	2	1	1	1	1.6267169E7	1.7793114E7	2.0067966E7	1.5512554E7	1.717761E7	1.3426088E7	1.0034531E7	1.0807889E7	1.1056147E7	9664640.0	1.0755006E7	8491394.0	
sp|Q498T2|CHTOP_RAT	Q498T2	CHTOP_RAT	Chtop	248	Rattus norvegicus	2:Experimental evidence at transcript level	Chromatin target of PRMT1 protein	0.9685	0.999	1	3	3	3	0	1	1	0	0	1	0	1	1	0	0	1	0	1	1	0	0	1	6164101.5	9082686.0	7124489.0	6012581.0	6904653.5	5886623.0	6164101.5	9082686.0	7124489.0	6012581.0	6904653.5	5886623.0	
sp|Q498T4|RM02_RAT	Q498T4	RM02_RAT	Mrpl2	304	Rattus norvegicus	2:Experimental evidence at transcript level	Large ribosomal subunit protein uL2m	0.9675	0.999	1	1	1	1	1	0	0	0	0	0	1	0	0	0	0	0	1	0	0	0	0	0	1587612.6	1942839.1	1677057.5	881511.5	0.0	0.0	1587612.6	1942839.1	1677057.5	881511.5	0.0	0.0	
sp|Q498U4|SARNP_RAT	Q498U4	SARNP_RAT	Sarnp	210	Rattus norvegicus	1:Experimental evidence at protein level	SAP domain-containing ribonucleoprotein	1.0	0.999	5	26	26	26	5	4	5	3	5	4	5	4	5	3	5	4	5	4	5	3	5	4	1.26613024E8	1.5872192E8	1.63870512E8	1.29847336E8	1.6620768E8	1.69556064E8	4.31873E7	5.270508E7	5.5309696E7	3.98095E7	5.064442E7	5.2541368E7	
sp|Q499N5|ACSF2_RAT	Q499N5	ACSF2_RAT	Acsf2	615	Rattus norvegicus	2:Experimental evidence at transcript level	Medium-chain acyl-CoA ligase ACSF2, mitochondrial	1.0	0.999	9	31	31	31	8	8	8	2	3	2	8	8	8	2	3	2	8	8	8	2	3	2	7.501852E7	5.757338E7	6.4374072E7	3.9535148E7	3.7464224E7	3.9671316E7	1.5134485E7	1.2477216E7	1.3601166E7	8746954.0	8185202.0	8787991.0	
sp|Q499N6|UBXN1_RAT	Q499N6	UBXN1_RAT	Ubxn1	297	Rattus norvegicus	3:Protein inferred from homology	UBX domain-containing protein 1	0.9685	0.999	1	1	1	1	0	0	1	0	0	0	0	0	1	0	0	0	0	0	1	0	0	0	2861044.0	0.0	4207804.0	3430766.2	2537139.0	1523378.8	2861044.0	0.0	4207804.0	3430766.2	2537139.0	1523378.8	
sp|Q499P8|RUSF1_RAT	Q499P8	RUSF1_RAT	Rusf1	466	Rattus norvegicus	2:Experimental evidence at transcript level	RUS family member 1	0.672	0.9852	1	1	1	1	0	0	0	0	0	1	0	0	0	0	0	1	0	0	0	0	0	1	0.0	0.0	0.0	0.0	0.0	0.0	0.0	0.0	0.0	0.0	0.0	0.0	
sp|Q499R4|YRDC_RAT	Q499R4	YRDC_RAT	Yrdc	280	Rattus norvegicus	2:Experimental evidence at transcript level	Threonylcarbamoyl-AMP synthase	0.8749	0.9956	1	2	2	2	1	0	0	0	0	1	1	0	0	0	0	1	1	0	0	0	0	1	0.0	0.0	0.0	0.0	0.0	0.0	0.0	0.0	0.0	0.0	0.0	0.0	
sp|Q4AE70|CARM1_RAT	Q4AE70	CARM1_RAT	Carm1	651	Rattus norvegicus	1:Experimental evidence at protein level	Histone-arginine methyltransferase CARM1	0.9685	0.999	1	3	3	3	1	0	0	1	0	1	1	0	0	1	0	1	1	0	0	1	0	1	2794594.2	1835153.1	1450658.4	2237911.2	2874731.0	3709258.0	2794594.2	1835153.1	1450658.4	2237911.2	2874731.0	3709258.0	
sp|Q4AEF8|COPG1_RAT	Q4AEF8	COPG1_RAT	Copg1	874	Rattus norvegicus	2:Experimental evidence at transcript level	Coatomer subunit gamma-1	1.0	0.999	21	69	57	69	14	6	4	13	15	17	12	5	3	10	12	15	14	6	4	13	15	17	2.14183104E8	1.2234736E8	6.7552632E7	4.0387104E8	2.71627648E8	2.48958304E8	3.7317776E7	1.9124376E7	1.5272236E7	5.255422E7	4.2198272E7	4.2036392E7	
sp|Q4FZT0|STML2_RAT	Q4FZT0	STML2_RAT	Stoml2	353	Rattus norvegicus	1:Experimental evidence at protein level	Stomatin-like protein 2, mitochondrial	1.0	0.999	3	6	6	6	1	3	2	0	0	0	1	3	2	0	0	0	1	3	2	0	0	0	1.5555857E7	1.6744987E7	1.5260703E7	7983475.5	3105944.0	4337969.0	6524231.0	7089938.0	6168508.5	4522057.0	4357202.5	2636221.0	
sp|Q4FZT8|SPRY4_RAT	Q4FZT8	SPRY4_RAT	Spryd4	207	Rattus norvegicus	2:Experimental evidence at transcript level	SPRY domain-containing protein 4	0.9911	0.9946	2	3	3	3	0	1	1	0	0	1	0	1	1	0	0	1	0	1	1	0	0	1	1.1553765E7	1.3934948E7	1.2283851E7	1.0497894E7	1.0961407E7	1.4447185E7	9223539.0	1.0721248E7	1.0537056E7	7281721.5	8108288.0	1.051995E7	
sp|Q4FZT9|PSMD2_RAT	Q4FZT9	PSMD2_RAT	Psmd2	908	Rattus norvegicus	1:Experimental evidence at protein level	26S proteasome non-ATPase regulatory subunit 2	1.0	0.999	12	44	44	44	10	7	5	9	8	5	10	7	5	9	8	5	10	7	5	9	8	5	7.0138528E7	5.28114E7	5.0454068E7	9.2327224E7	7.2971368E7	7.2582832E7	2.441162E7	1.6159192E7	1.4487718E7	3.0841684E7	2.4180706E7	2.5948254E7	
sp|Q4FZU4|ATL4_RAT	Q4FZU4	ATL4_RAT	Adamtsl4	1030	Rattus norvegicus	2:Experimental evidence at transcript level	ADAMTS-like protein 4	0.9867	0.9839	2	3	3	3	0	0	0	0	2	1	0	0	0	0	2	1	0	0	0	0	2	1	0.0	0.0	0.0	0.0	0.0	0.0	0.0	0.0	0.0	0.0	0.0	0.0	
sp|Q4FZX7|SRPRB_RAT	Q4FZX7	SRPRB_RAT	Srprb	269	Rattus norvegicus	2:Experimental evidence at transcript level	Signal recognition particle receptor subunit beta	1.0	0.999	10	44	44	44	10	5	5	8	8	8	10	5	5	8	8	8	10	5	5	8	8	8	1.98778272E8	1.09273416E8	1.01275408E8	2.42077408E8	1.97757312E8	2.07281072E8	3.4788028E7	2.0069356E7	1.881137E7	4.3762612E7	3.640222E7	3.7294332E7	
sp|Q4FZY0|EFHD2_RAT	Q4FZY0	EFHD2_RAT	Efhd2	239	Rattus norvegicus	1:Experimental evidence at protein level	EF-hand domain-containing protein D2	1.0	0.999	8	28	28	28	5	5	6	4	4	4	5	5	6	4	4	4	5	5	6	4	4	4	5.8517196E7	8.0481496E7	1.17427016E8	8.043128E7	9.3555632E7	8.7527792E7	2.1461652E7	3.1330374E7	3.525546E7	2.1332784E7	2.7839594E7	2.4619846E7	
sp|Q4G009|MCTS1_RAT	Q4G009	MCTS1_RAT	Mcts1	182	Rattus norvegicus	2:Experimental evidence at transcript level	Malignant T-cell-amplified sequence 1	1.0	0.999	7	41	41	41	8	8	8	5	6	6	8	8	8	5	6	6	8	8	8	5	6	6	3.55811744E8	3.1423456E8	3.55662144E8	5.05864384E8	4.47874912E8	3.87957024E8	2.83685728E8	2.76632928E8	2.78993504E8	2.43852704E8	2.22449104E8	2.14930448E8	
sp|Q4G061|EIF3B_RAT	Q4G061	EIF3B_RAT	Eif3b	797	Rattus norvegicus	1:Experimental evidence at protein level	Eukaryotic translation initiation factor 3 subunit B	1.0	0.999	20	116	116	116	24	23	20	16	16	17	24	23	20	16	16	17	24	23	20	16	16	17	4.5659184E8	4.23098048E8	4.0919392E8	3.61981344E8	3.25752064E8	3.61114048E8	4.8875632E7	4.3668632E7	4.2396268E7	4.055024E7	3.5526796E7	3.610256E7	
sp|Q4G063|CREL2_RAT	Q4G063	CREL2_RAT	Creld2	349	Rattus norvegicus	1:Experimental evidence at protein level	Protein disulfide isomerase Creld2	1.0	0.999	8	51	51	51	9	9	10	7	9	7	9	9	10	7	9	7	9	9	10	7	9	7	2.029492E8	2.073412E8	2.07784528E8	1.73835856E8	1.88205312E8	1.86109584E8	4.8695484E7	5.008696E7	5.2651988E7	4.1819008E7	4.6917084E7	4.5233784E7	
sp|Q4G064|COQ5_RAT	Q4G064	COQ5_RAT	Coq5	327	Rattus norvegicus	2:Experimental evidence at transcript level	2-methoxy-6-polyprenyl-1,4-benzoquinol methylase, mitochondrial	1.0	0.999	2	4	4	4	2	1	1	0	0	0	2	1	1	0	0	0	2	1	1	0	0	0	1.0966126E7	1.2151186E7	1.2535104E7	7247229.0	2647546.2	7161728.0	5908417.0	6709761.0	6825046.0	3699150.8	2943746.2	3881839.8	
sp|Q4G069|RMD1_RAT	Q4G069	RMD1_RAT	Rmdn1	310	Rattus norvegicus	2:Experimental evidence at transcript level	Regulator of microtubule dynamics protein 1	0.9685	0.999	1	3	3	3	1	0	0	1	1	0	1	0	0	1	1	0	1	0	0	1	1	0	3135270.5	3337287.5	2827978.2	3030620.5	2683703.2	1496869.8	3135270.5	3337287.5	2827978.2	3030620.5	2683703.2	1496869.8	
sp|Q4G075|ILEUA_RAT	Q4G075	ILEUA_RAT	Serpinb1a	379	Rattus norvegicus	1:Experimental evidence at protein level	Leukocyte elastase inhibitor A	1.0	0.999	17	303	303	303	60	52	48	46	48	49	60	52	48	46	48	49	60	52	48	46	48	49	3.4453888E9	3.28171341E9	3.22455808E9	3.29414528E9	3.4916969E9	3.18327066E9	4.26635648E8	4.13057184E8	4.04123264E8	3.77992096E8	4.01396512E8	3.71118624E8	
sp|Q4KLF8|ARPC5_RAT	Q4KLF8	ARPC5_RAT	Arpc5	151	Rattus norvegicus	1:Experimental evidence at protein level	Actin-related protein 2/3 complex subunit 5	1.0	0.999	3	13	13	13	2	2	3	2	2	2	2	2	3	2	2	2	2	2	3	2	2	2	6.9892696E7	8.3885544E7	8.075868E7	7.8601712E7	8.9924768E7	9.0341656E7	5.400996E7	6.2223012E7	6.07022E7	6.0327512E7	6.9272792E7	6.5346216E7	
sp|Q4KLH4|PSPC1_RAT	Q4KLH4	PSPC1_RAT	Pspc1	522	Rattus norvegicus	1:Experimental evidence at protein level	Paraspeckle component 1	1.0	0.999	4	6	6	6	1	0	2	0	1	2	1	0	2	0	1	2	1	0	2	0	1	2	1913087.1	2827353.8	2015099.0	2537461.5	3621781.2	3787511.0	1403121.8	2827353.8	1392969.4	1810141.1	3621781.2	3787511.0	
sp|Q4KLH5|AGFG1_RAT	Q4KLH5	AGFG1_RAT	Agfg1	561	Rattus norvegicus	1:Experimental evidence at protein level	Arf-GAP domain and FG repeat-containing protein 1	1.0	0.999	3	15	15	15	2	3	2	3	2	3	2	3	2	3	2	3	2	3	2	3	2	3	4.4144816E8	4.76929632E8	2.3938136E7	1.06836518E9	1.2069321E9	1.0742295E9	4.22001504E8	4.66913184E8	7.9440888E7	6.535703E8	7.1439514E8	6.6666253E8	
sp|Q4KLI2|TM10A_RAT	Q4KLI2	TM10A_RAT	Trmt10a	335	Rattus norvegicus	1:Experimental evidence at protein level	tRNA methyltransferase 10 homolog A	0.9829	0.9922	2	2	2	2	0	1	0	0	0	1	0	1	0	0	0	1	0	1	0	0	0	1	889849.75	1359677.8	1047440.56	0.0	2368431.2	0.0	889849.75	1359677.8	1047440.56	0.0	2368431.2	0.0	
sp|Q4KLJ8|PDCL3_RAT	Q4KLJ8	PDCL3_RAT	Pdcl3	240	Rattus norvegicus	1:Experimental evidence at protein level	Phosducin-like protein 3	0.9685	0.999	1	2	2	2	1	1	0	0	0	0	1	1	0	0	0	0	1	1	0	0	0	0	4115659.2	3160868.5	0.0	4576615.5	0.0	3570586.2	4115659.2	3160868.5	0.0	4576615.5	0.0	3570586.2	
sp|Q4KLK9|SSU72_RAT	Q4KLK9	SSU72_RAT	Ssu72	194	Rattus norvegicus	2:Experimental evidence at transcript level	RNA polymerase II subunit A C-terminal domain phosphatase SSU72	0.963	0.9988	1	2	2	2	0	0	0	1	1	0	0	0	0	1	1	0	0	0	0	1	1	0	0.0	0.0	0.0	1.6404838E7	0.0	8646212.0	0.0	0.0	0.0	1.6404838E7	0.0	8646212.0	
sp|Q4KLL0|TCEA1_RAT	Q4KLL0	TCEA1_RAT	Tcea1	301	Rattus norvegicus	1:Experimental evidence at protein level	Transcription elongation factor A protein 1	1.0	0.999	10	53	48	53	11	11	13	5	6	7	9	10	11	5	6	7	11	11	13	5	6	7	1.0569088E8	1.14001216E8	1.2259092E8	9.4344696E7	1.0012444E8	1.09357568E8	2.0207768E7	2.0709248E7	2.2965826E7	1.7027798E7	1.9083462E7	2.0460456E7	
sp|Q4KLL4|TM9S4_RAT	Q4KLL4	TM9S4_RAT	Tm9sf4	643	Rattus norvegicus	2:Experimental evidence at transcript level	Transmembrane 9 superfamily member 4	0.9685	0.999	1	1	1	1	0	0	0	0	1	0	0	0	0	0	1	0	0	0	0	0	1	0	0.0	1103335.9	0.0	4257724.0	5101725.0	3370215.5	0.0	1103335.9	0.0	4257724.0	5101725.0	3370215.5	
sp|Q4KLN7|ARFG3_RAT	Q4KLN7	ARFG3_RAT	Arfgap3	525	Rattus norvegicus	1:Experimental evidence at protein level	ADP-ribosylation factor GTPase-activating protein 3	1.0	0.999	15	75	69	75	11	12	12	14	12	14	10	11	11	13	11	13	11	12	12	14	12	14	3.12681376E8	4.82443904E8	2.86652928E8	3.08606464E8	4.92813056E8	3.32326464E8	7.6119544E7	6.9295464E7	6.9348752E7	7.840268E7	7.3659144E7	7.7193576E7	
sp|Q4KLP0|DHTK1_RAT	Q4KLP0	DHTK1_RAT	Dhtkd1	920	Rattus norvegicus	2:Experimental evidence at transcript level	2-oxoadipate dehydrogenase complex component E1	1.0	0.999	11	29	29	29	9	6	6	1	3	4	9	6	6	1	3	4	9	6	6	1	3	4	1.02195168E8	7.4832488E7	8.6848904E7	5.6928336E7	6.2850772E7	6.9635488E7	3.950844E7	3.0803872E7	3.0704288E7	2.4158622E7	2.275193E7	2.2504776E7	
sp|Q4KLY3|VSIG1_RAT	Q4KLY3	VSIG1_RAT	Vsig1	404	Rattus norvegicus	1:Experimental evidence at protein level	V-set and immunoglobulin domain-containing protein 1	0.9679	0.999	1	2	2	2	0	1	0	1	0	0	0	1	0	1	0	0	0	1	0	1	0	0	3466783.5	3256624.5	3289894.2	3897244.8	3556461.8	5191328.5	3466783.5	3256624.5	3289894.2	3897244.8	3556461.8	5191328.5	
sp|Q4KLZ6|TKFC_RAT	Q4KLZ6	TKFC_RAT	Tkfc	578	Rattus norvegicus	1:Experimental evidence at protein level	Triokinase/FMN cyclase	1.0	0.999	11	42	42	42	8	8	8	7	5	6	8	8	8	7	5	6	8	8	8	7	5	6	7.4183152E7	5.5845248E7	5.7889584E7	5.9503468E7	5.4050116E7	5.7284352E7	1.1158254E7	9113009.0	9670918.0	1.0192656E7	9334144.0	9163185.0	
sp|Q4KM31|LIMD2_RAT	Q4KM31	LIMD2_RAT	Limd2	128	Rattus norvegicus	2:Experimental evidence at transcript level	LIM domain-containing protein 2	0.9685	0.999	1	1	1	1	0	0	0	1	0	0	0	0	0	1	0	0	0	0	0	1	0	0	0.0	0.0	0.0	2.8785208E7	2.3658046E7	0.0	0.0	0.0	0.0	2.8785208E7	2.3658046E7	0.0	
sp|Q4KM35|PSB10_RAT	Q4KM35	PSB10_RAT	Psmb10	273	Rattus norvegicus	2:Experimental evidence at transcript level	Proteasome subunit beta type-10	1.0	0.999	2	5	5	5	0	1	1	1	1	1	0	1	1	1	1	1	0	1	1	1	1	1	2947300.8	2739600.0	1.1285369E7	5030467.5	5051301.0	5439303.5	3236537.8	3008454.0	4500639.0	5524138.5	5547017.0	5973096.5	
sp|Q4KM49|SYYC_RAT	Q4KM49	SYYC_RAT	Yars1	528	Rattus norvegicus	2:Experimental evidence at transcript level	Tyrosine--tRNA ligase, cytoplasmic	1.0	0.999	30	181	181	181	35	32	30	32	25	27	35	32	30	32	25	27	35	32	30	32	25	27	1.12963763E9	1.00853997E9	1.04175834E9	9.0891642E8	8.4721619E8	8.7041766E8	8.3071456E7	7.6564192E7	7.8187776E7	6.8255736E7	6.629064E7	6.7436368E7	
sp|Q4KM64|JAGN1_RAT	Q4KM64	JAGN1_RAT	Jagn1	183	Rattus norvegicus	2:Experimental evidence at transcript level	Protein jagunal homolog 1	1.0	0.999	2	2	2	2	1	0	0	0	0	1	1	0	0	0	0	1	1	0	0	0	0	1	3198454.0	1350997.9	0.0	4257442.0	4362666.0	4340536.0	3198454.0	1350997.9	0.0	3633780.0	4362666.0	3774785.0	
sp|Q4KM65|CPSF5_RAT	Q4KM65	CPSF5_RAT	Nudt21	227	Rattus norvegicus	2:Experimental evidence at transcript level	Cleavage and polyadenylation specificity factor subunit 5	1.0	0.999	4	20	20	20	4	4	3	3	3	3	4	4	3	3	3	3	4	4	3	3	3	3	3.6594744E7	3.5645868E7	4.1174828E7	3.1912342E7	3.2589886E7	3.3213456E7	1.1934423E7	1.3706868E7	1.6805136E7	1.279995E7	1.2836887E7	1.4487657E7	
sp|Q4KM73|KCY_RAT	Q4KM73	KCY_RAT	Cmpk1	196	Rattus norvegicus	1:Experimental evidence at protein level	UMP-CMP kinase	1.0	0.999	7	66	66	66	11	14	10	11	11	9	11	14	10	11	11	9	11	14	10	11	11	9	4.86132224E8	5.04457056E8	5.2635968E8	4.7126208E8	4.7429008E8	4.7357776E8	1.16852848E8	1.28064888E8	1.27804944E8	1.03435368E8	1.13509504E8	1.09876688E8	
sp|Q4KM74|SC22B_RAT	Q4KM74	SC22B_RAT	Sec22b	215	Rattus norvegicus	1:Experimental evidence at protein level	Vesicle-trafficking protein SEC22b	1.0	0.999	7	42	42	42	8	6	2	11	8	7	8	6	2	11	8	7	8	6	2	11	8	7	9.9057616E7	5.5259968E7	3.54784E7	1.79725136E8	1.30865528E8	1.40188592E8	2.0373832E7	1.1303978E7	1.0460342E7	3.5399208E7	2.9852246E7	2.9257354E7	
sp|Q4KM86|GGACT_RAT	Q4KM86	GGACT_RAT	Ggact	149	Rattus norvegicus	2:Experimental evidence at transcript level	Gamma-glutamylaminecyclotransferase	1.0	0.999	6	17	17	17	5	7	5	0	0	0	5	7	5	0	0	0	5	7	5	0	0	0	7.1873752E7	9.4155768E7	8.1165896E7	4.8134516E7	5.422264E7	6.0160752E7	2.3625226E7	2.7182974E7	2.5363018E7	1.7824312E7	1.5711912E7	1.7415326E7	
sp|Q4KMA2|RD23B_RAT	Q4KMA2	RD23B_RAT	Rad23b	415	Rattus norvegicus	1:Experimental evidence at protein level	UV excision repair protein RAD23 homolog B	1.0	0.999	11	62	62	62	9	12	12	8	11	10	9	12	12	8	11	10	9	12	12	8	11	10	3.98318176E8	4.4855072E8	4.3395744E8	3.41333664E8	3.98815264E8	3.85116992E8	5.966684E7	6.8295656E7	7.6617992E7	5.4516908E7	6.1046416E7	5.7055328E7	
sp|Q4KMC4|GFPT2_RAT	Q4KMC4	GFPT2_RAT	Gfpt2	682	Rattus norvegicus	1:Experimental evidence at protein level	Glutamine--fructose-6-phosphate aminotransferase [isomerizing] 2	0.999	0.9989	1	5	5	5	0	0	0	2	1	2	0	0	0	2	1	2	0	0	0	2	1	2	0.0	0.0	0.0	0.0	0.0	0.0	0.0	0.0	0.0	0.0	0.0	0.0	
sp|Q4L1J4|MAGI1_RAT	Q4L1J4	MAGI1_RAT	Magi1	1255	Rattus norvegicus	1:Experimental evidence at protein level	Membrane-associated guanylate kinase, WW and PDZ domain-containing protein 1	0.9676	0.999	1	4	4	4	1	1	1	0	1	0	1	1	1	0	1	0	1	1	1	0	1	0	0.0	0.0	0.0	0.0	0.0	0.0	0.0	0.0	0.0	0.0	0.0	0.0	
sp|Q4QQR9|MEMO1_RAT	Q4QQR9	MEMO1_RAT	Memo1	297	Rattus norvegicus	1:Experimental evidence at protein level	Protein MEMO1	0.9988	0.9989	3	4	4	4	1	0	1	1	0	1	1	0	1	1	0	1	1	0	1	1	0	1	1721226.1	0.0	1855338.6	1192289.5	2086873.9	0.0	1721226.1	0.0	1855338.6	1192289.5	2086873.9	0.0	
sp|Q4QQT4|2AAB_RAT	Q4QQT4	2AAB_RAT	Ppp2r1b	601	Rattus norvegicus	2:Experimental evidence at transcript level	Serine/threonine-protein phosphatase 2A 65 kDa regulatory subunit A beta isoform	1.0	0.999	3	12	12	12	4	1	0	3	1	3	4	1	0	3	1	3	4	1	0	3	1	3	1.6669668E7	6871001.5	4961617.5	1.7178572E7	1.5541029E7	1.8097776E7	7220574.0	4166796.8	4961617.5	7596909.5	6940701.0	7935074.0	
sp|Q4QQU5|YIPF6_RAT	Q4QQU5	YIPF6_RAT	Yipf6	236	Rattus norvegicus	1:Experimental evidence at protein level	Protein YIPF6	0.9685	0.999	1	1	1	1	1	0	0	0	0	0	1	0	0	0	0	0	1	0	0	0	0	0	1701727.5	0.0	0.0	0.0	0.0	0.0	0.0	0.0	0.0	0.0	0.0	0.0	
sp|Q4QQU6|SPF30_RAT	Q4QQU6	SPF30_RAT	Smndc1	238	Rattus norvegicus	2:Experimental evidence at transcript level	Survival of motor neuron-related-splicing factor 30	0.9685	0.999	1	1	1	1	0	0	0	0	0	1	0	0	0	0	0	1	0	0	0	0	0	1	4896305.5	7007911.5	7580211.0	3384765.0	0.0	4404955.0	4896305.5	7007911.5	7580211.0	3384765.0	0.0	4404955.0	
sp|Q4QQV3|F162A_RAT	Q4QQV3	F162A_RAT	Fam162a	155	Rattus norvegicus	2:Experimental evidence at transcript level	Protein FAM162A	0.9685	0.999	1	1	1	1	1	0	0	0	0	0	1	0	0	0	0	0	1	0	0	0	0	0	5503121.0	0.0	3048147.5	0.0	0.0	3237557.0	5503121.0	0.0	3048147.5	0.0	0.0	3237557.0	
sp|Q4QQV8|CHMP5_RAT	Q4QQV8	CHMP5_RAT	Chmp5	219	Rattus norvegicus	2:Experimental evidence at transcript level	Charged multivesicular body protein 5	1.0	0.999	3	12	12	12	3	3	3	2	1	0	3	3	3	2	1	0	3	3	3	2	1	0	2.8356364E7	3.8449228E7	3.7424392E7	3.0437044E7	2.8345318E7	2.9600568E7	1.72698E7	2.2206814E7	2.0310176E7	1.7736598E7	1.6717383E7	1.6043255E7	
sp|Q4QQW3|HOT_RAT	Q4QQW3	HOT_RAT	Adhfe1	467	Rattus norvegicus	1:Experimental evidence at protein level	Hydroxyacid-oxoacid transhydrogenase, mitochondrial	1.0	0.999	12	44	44	44	9	12	9	4	6	4	9	12	9	4	6	4	9	12	9	4	6	4	1.48545744E8	1.71971616E8	1.49685136E8	7.966084E7	8.6333584E7	7.1666672E7	2.9053758E7	2.969965E7	2.9546018E7	1.5494569E7	1.5360144E7	1.4084306E7	
sp|Q4QQW4|HDAC1_RAT	Q4QQW4	HDAC1_RAT	Hdac1	482	Rattus norvegicus	1:Experimental evidence at protein level	Histone deacetylase 1	0.9685	0.999	1	2	2	2	0	0	0	1	1	0	0	0	0	1	1	0	0	0	0	1	1	0	5464098.0	4160304.0	6723979.5	7802323.5	6686428.0	7378037.5	5464098.0	4160304.0	6723979.5	7802323.5	6686428.0	7378037.5	
sp|Q4QR75|EXOS9_RAT	Q4QR75	EXOS9_RAT	Exosc9	437	Rattus norvegicus	1:Experimental evidence at protein level	Exosome complex component RRP45	0.968	0.999	1	1	1	1	0	1	0	0	0	0	0	1	0	0	0	0	0	1	0	0	0	0	2731478.5	1904718.9	3177039.0	2960461.2	0.0	3423612.2	2731478.5	1904718.9	3177039.0	2960461.2	0.0	3423612.2	
sp|Q4QR85|MEP50_RAT	Q4QR85	MEP50_RAT	Wdr77	342	Rattus norvegicus	1:Experimental evidence at protein level	Methylosome protein WDR77	1.0	0.999	3	6	6	6	1	2	1	1	1	0	1	2	1	1	1	0	1	2	1	1	1	0	7346475.0	7700548.0	6982917.0	1.0560504E7	7890246.0	2640517.2	3968417.0	3992210.0	3688932.0	5527807.0	4338191.5	3125246.2	
sp|Q4V7A0|SKI8_RAT	Q4V7A0	SKI8_RAT	Skic8	305	Rattus norvegicus	1:Experimental evidence at protein level	Superkiller complex protein 8	1.0	0.999	9	42	42	42	10	8	9	5	5	5	10	8	9	5	5	5	10	8	9	5	5	5	1.11825576E8	9.2934984E7	1.02916568E8	9.2192656E7	1.04081264E8	8.761496E7	2.2310902E7	2.0895288E7	2.2063042E7	2.100752E7	2.1173772E7	1.986933E7	
sp|Q4V7A6|PHF10_RAT	Q4V7A6	PHF10_RAT	Phf10	497	Rattus norvegicus	1:Experimental evidence at protein level	PHD finger protein 10	0.9685	0.999	1	2	2	2	0	1	1	0	0	0	0	1	1	0	0	0	0	1	1	0	0	0	5924403.0	4641850.0	3655204.0	6071171.5	0.0	0.0	5924403.0	4641850.0	3655204.0	6071171.5	0.0	0.0	
sp|Q4V7C1|CEP43_RAT	Q4V7C1	CEP43_RAT	Cep43	399	Rattus norvegicus	1:Experimental evidence at protein level	Centrosomal protein 43	0.9559	0.9986	1	1	1	1	0	0	0	0	0	1	0	0	0	0	0	1	0	0	0	0	0	1	0.0	0.0	0.0	0.0	0.0	0.0	0.0	0.0	0.0	0.0	0.0	0.0	
sp|Q4V7C6|GUAA_RAT	Q4V7C6	GUAA_RAT	Gmps	693	Rattus norvegicus	1:Experimental evidence at protein level	GMP synthase [glutamine-hydrolyzing]	1.0	0.999	16	58	58	58	12	9	7	13	10	7	12	9	7	13	10	7	12	9	7	13	10	7	8.4652584E7	7.097024E7	1.17787112E8	8.7443264E7	7.4169928E7	1.24912136E8	1.7650432E7	1.6397663E7	1.7298038E7	1.9417208E7	1.8021778E7	1.9142226E7	
sp|Q4V7C7|ARP3_RAT	Q4V7C7	ARP3_RAT	Actr3	418	Rattus norvegicus	1:Experimental evidence at protein level	Actin-related protein 3	1.0	0.999	11	69	69	69	11	11	10	14	12	11	11	11	10	14	12	11	11	11	10	14	12	11	2.37135184E8	2.04663264E8	1.86015616E8	2.47167936E8	2.29897824E8	2.26582592E8	3.4441468E7	3.1065106E7	2.8865744E7	3.8709292E7	3.6065912E7	3.4285272E7	
sp|Q4V7D7|RBM22_RAT	Q4V7D7	RBM22_RAT	Rbm22	420	Rattus norvegicus	2:Experimental evidence at transcript level	Pre-mRNA-splicing factor RBM22	1.0	0.999	3	7	7	7	3	2	1	0	0	1	3	2	1	0	0	1	3	2	1	0	0	1	5736637.0	3975193.8	3561720.0	8807858.0	1.0740872E7	9697596.0	3784574.0	3998739.2	3582816.2	5094974.0	5669047.0	5510243.0	
sp|Q4V7E8|LRRF2_RAT	Q4V7E8	LRRF2_RAT	Lrrfip2	437	Rattus norvegicus	1:Experimental evidence at protein level	Leucine-rich repeat flightless-interacting protein 2	0.9617	0.9988	2	2	2	4	0	1	1	0	0	0	0	1	1	0	0	0	1	1	1	0	1	0	0.0	6014889.0	5921291.0	0.0	0.0	0.0	0.0	6014889.0	5921291.0	0.0	0.0	0.0	
sp|Q4V7F5|PIHD1_RAT	Q4V7F5	PIHD1_RAT	Pih1d1	290	Rattus norvegicus	1:Experimental evidence at protein level	PIH1 domain-containing protein 1	0.9986	0.999	2	3	3	3	0	0	0	1	0	2	0	0	0	1	0	2	0	0	0	1	0	2	0.0	3397499.2	3777102.5	1.0294596E7	8083234.5	1.540664E7	0.0	3397499.2	3777102.5	1.0294596E7	8083234.5	8851652.0	
sp|Q4V886|PAF1_RAT	Q4V886	PAF1_RAT	Paf1	535	Rattus norvegicus	2:Experimental evidence at transcript level	RNA polymerase II-associated factor 1 homolog	1.0	0.999	2	3	3	3	1	1	1	0	0	0	1	1	1	0	0	0	1	1	1	0	0	0	4804531.0	5280543.0	5426953.0	2534584.8	5713926.0	5802373.5	2559615.5	2775382.5	2864424.5	2907424.0	2961388.0	3053272.5	
sp|Q4V892|SIGIR_RAT	Q4V892	SIGIR_RAT	Sigirr	409	Rattus norvegicus	2:Experimental evidence at transcript level	Single Ig IL-1-related receptor	0.9281	0.9976	1	1	1	1	0	0	0	1	0	0	0	0	0	1	0	0	0	0	0	1	0	0	0.0	0.0	0.0	0.0	0.0	0.0	0.0	0.0	0.0	0.0	0.0	0.0	
sp|Q4V898|RBMX_RAT	Q4V898	RBMX_RAT	Rbmx	390	Rattus norvegicus	1:Experimental evidence at protein level	RNA-binding motif protein, X chromosome	0.986	0.9975	6	4	4	26	0	0	1	1	1	1	0	0	1	1	1	1	3	3	4	5	5	6	4784972.0	7108543.0	7814264.5	7613678.0	6901945.0	8253909.5	4784972.0	7108543.0	7814264.5	7613678.0	6901945.0	8253909.5	
sp|Q4V8A6|BL1S6_RAT	Q4V8A6	BL1S6_RAT	Bloc1s6	172	Rattus norvegicus	1:Experimental evidence at protein level	Biogenesis of lysosome-related organelles complex 1 subunit 6	0.9685	0.999	1	3	3	3	1	1	1	0	0	0	1	1	1	0	0	0	1	1	1	0	0	0	2093059.2	3603172.8	3549803.5	2243468.2	2137649.5	883311.75	2093059.2	3603172.8	3549803.5	2243468.2	2137649.5	883311.75	
sp|Q4V8B0|OXR1_RAT	Q4V8B0	OXR1_RAT	Oxr1	839	Rattus norvegicus	1:Experimental evidence at protein level	Oxidation resistance protein 1	1.0	0.999	3	12	12	12	1	3	4	1	2	1	1	3	4	1	2	1	1	3	4	1	2	1	7645734.0	6417952.5	8461184.0	3709803.5	3780513.0	4313821.0	4225335.0	3322305.5	4442027.5	4262337.0	4343578.0	2568184.0	
sp|Q4V8C7|PRKRA_RAT	Q4V8C7	PRKRA_RAT	Prkra	313	Rattus norvegicus	1:Experimental evidence at protein level	Interferon-inducible double-stranded RNA-dependent protein kinase activator A	1.0	0.999	3	14	14	14	3	3	2	2	2	2	3	3	2	2	2	2	3	3	2	2	2	2	1.0201824E7	1.486721E7	1.6003484E7	1.4923741E7	1.6115339E7	1.6170726E7	4741945.0	5226272.0	5367278.0	4888903.5	5397757.5	5409805.5	
sp|Q4V8C8|CDC73_RAT	Q4V8C8	CDC73_RAT	Cdc73	531	Rattus norvegicus	2:Experimental evidence at transcript level	Parafibromin	1.0	0.999	2	3	3	3	1	0	1	0	0	1	1	0	1	0	0	1	1	0	1	0	0	1	1.7058638E7	944041.2	1325447.1	1376025.1	0.0	1.3646606E7	3174773.8	2298735.5	3227457.0	3350614.0	0.0	2750323.5	
sp|Q4V8F9|HSDL2_RAT	Q4V8F9	HSDL2_RAT	Hsdl2	524	Rattus norvegicus	2:Experimental evidence at transcript level	Hydroxysteroid dehydrogenase-like protein 2	1.0	0.999	3	7	7	7	1	1	0	1	2	2	1	1	0	1	2	2	1	1	0	1	2	2	6001124.0	3534722.2	5426789.0	9990144.0	8235082.0	2171601.5	2679662.2	3316994.8	3324886.0	4546367.0	5547543.0	3729990.5	
sp|Q4V8H8|EHD2_RAT	Q4V8H8	EHD2_RAT	Ehd2	543	Rattus norvegicus	1:Experimental evidence at protein level	EH domain-containing protein 2	1.0	0.999	12	62	55	62	11	8	6	14	11	12	10	8	6	12	9	10	11	8	6	14	11	12	1.31830152E8	8.891428E7	9.349444E7	2.49011312E8	2.24837088E8	2.16043248E8	1.7857492E7	1.2953885E7	1.2701729E7	3.177831E7	2.8841462E7	2.8497984E7	
sp|Q4V8I5|AR6P4_RAT	Q4V8I5	AR6P4_RAT	Arl6ip4	231	Rattus norvegicus	1:Experimental evidence at protein level	ADP-ribosylation factor-like protein 6-interacting protein 4	1.0	0.999	2	3	3	3	1	1	0	0	1	0	1	1	0	0	1	0	1	1	0	0	1	0	4833233.0	4444322.0	1213890.9	0.0	1389299.0	0.0	2250511.2	3033522.0	1778486.0	0.0	2035478.6	0.0	
sp|Q4V8J7|SPIN1_RAT	Q4V8J7	SPIN1_RAT	Spin1	262	Rattus norvegicus	2:Experimental evidence at transcript level	Spindlin-1	0.9196	0.9973	1	2	2	2	1	0	1	0	0	0	1	0	1	0	0	0	1	0	1	0	0	0	0.0	0.0	1.5929464E7	0.0	0.0	0.0	0.0	0.0	0.0	0.0	0.0	0.0	
sp|Q4V8K2|CTBL1_RAT	Q4V8K2	CTBL1_RAT	Ctnnbl1	563	Rattus norvegicus	1:Experimental evidence at protein level	Beta-catenin-like protein 1	0.999	0.999	2	2	2	2	1	1	0	0	0	0	1	1	0	0	0	0	1	1	0	0	0	0	1842119.5	1409345.6	0.0	2038930.8	1969360.2	1136311.0	1842119.5	1409345.6	0.0	2038930.8	1969360.2	1136311.0	
sp|Q4V8K3|NAA11_RAT	Q4V8K3	NAA11_RAT	Naa11	246	Rattus norvegicus	2:Experimental evidence at transcript level	N-alpha-acetyltransferase 11	0.9996	0.999	3	12	12	12	2	3	2	2	1	2	2	3	2	2	1	2	2	3	2	2	1	2	5.0635608E7	5.0462996E7	4.4410164E7	3.2189866E7	3.4927276E7	2.935093E7	2.3581442E7	2.4731814E7	2.3770048E7	1.8201458E7	1.7517664E7	1.7872176E7	
sp|Q4VSI4|UBP7_RAT	Q4VSI4	UBP7_RAT	Usp7	1103	Rattus norvegicus	1:Experimental evidence at protein level	Ubiquitin carboxyl-terminal hydrolase 7	1.0	0.999	4	9	9	9	1	1	1	2	3	1	1	1	1	2	3	1	1	1	1	2	3	1	1.0921833E7	8036331.5	2374711.2	1.1140308E7	1.213708E7	8309735.0	6324598.0	4890360.5	2374711.2	6675655.0	7813552.5	5633351.0	
sp|Q505J8|SYFA_RAT	Q505J8	SYFA_RAT	Farsa	508	Rattus norvegicus	1:Experimental evidence at protein level	Phenylalanine--tRNA ligase alpha subunit	1.0	0.999	15	107	107	107	22	21	22	14	13	15	22	21	22	14	13	15	22	21	22	14	13	15	3.93852512E8	3.81193504E8	4.07290112E8	2.46225056E8	2.72016384E8	2.74198624E8	5.6129808E7	5.6272568E7	5.603796E7	4.1033552E7	4.0379292E7	4.3419076E7	
sp|Q561Q8|MED4_RAT	Q561Q8	MED4_RAT	Med4	270	Rattus norvegicus	2:Experimental evidence at transcript level	Mediator of RNA polymerase II transcription subunit 4	1.0	0.999	2	5	5	5	2	2	1	0	0	0	2	2	1	0	0	0	2	2	1	0	0	0	670194.25	1038656.5	612591.56	0.0	0.0	0.0	670194.25	1038656.5	612591.56	0.0	0.0	0.0	
sp|Q561R9|LACB2_RAT	Q561R9	LACB2_RAT	Lactb2	288	Rattus norvegicus	2:Experimental evidence at transcript level	Endoribonuclease LACTB2	1.0	0.999	5	15	15	15	3	4	4	1	2	1	3	4	4	1	2	1	3	4	4	1	2	1	2.0752468E7	3.5419768E7	2.1582438E7	1.1759688E7	1.3802298E7	1.735925E7	4086965.2	6401809.5	5427086.5	4920353.0	5257325.0	5253529.5	
sp|Q562B5|PGAM5_RAT	Q562B5	PGAM5_RAT	Pgam5	288	Rattus norvegicus	2:Experimental evidence at transcript level	Serine/threonine-protein phosphatase PGAM5, mitochondrial	1.0	0.9988	3	5	5	5	1	3	1	0	0	0	1	3	1	0	0	0	1	3	1	0	0	0	1.093569E7	1.1574539E7	1.1501033E7	5946042.0	2497657.0	6008447.5	5656081.5	5989738.5	5921741.0	2945963.5	3152311.5	5285225.5	
sp|Q562C6|LZTL1_RAT	Q562C6	LZTL1_RAT	Lztfl1	299	Rattus norvegicus	2:Experimental evidence at transcript level	Leucine zipper transcription factor-like protein 1	1.0	0.999	4	12	12	12	2	3	2	1	1	3	2	3	2	1	1	3	2	3	2	1	1	3	1.4953812E7	1.6458456E7	1.4646236E7	1.819157E7	2.1821168E7	1.795196E7	4634602.5	5176544.5	5126603.0	5668324.5	6689276.0	5620468.0	
sp|Q562C9|MTND_RAT	Q562C9	MTND_RAT	Adi1	179	Rattus norvegicus	2:Experimental evidence at transcript level	Acireductone dioxygenase	0.9999	0.999	2	5	5	5	2	1	0	1	1	0	2	1	0	1	1	0	2	1	0	1	1	0	3.008447E7	3.2625924E7	3.823614E7	2.9254372E7	1.9152492E7	3.0595136E7	1.817139E7	1.9387684E7	2.3084834E7	1.770532E7	1.9152492E7	1.8507994E7	
sp|Q566E5|PLGT3_RAT	Q566E5	PLGT3_RAT	Poglut3	508	Rattus norvegicus	2:Experimental evidence at transcript level	Protein O-glucosyltransferase 3	0.7531	0.99	1	2	2	2	0	1	1	0	0	0	0	1	1	0	0	0	0	1	1	0	0	0	1245951.0	1756521.1	0.0	1920326.9	0.0	1551334.2	1245951.0	1756521.1	0.0	1920326.9	0.0	1551334.2	
sp|Q566Q8|CK068_RAT	Q566Q8	CK068_RAT	Bles03	292	Rattus norvegicus	1:Experimental evidence at protein level	UPF0696 protein C11orf68 homolog	0.9675	0.999	1	2	2	2	1	0	1	0	0	0	1	0	1	0	0	0	1	0	1	0	0	0	1902818.5	0.0	1756893.4	798079.3	1062920.8	0.0	1902818.5	0.0	1756893.4	798079.3	1062920.8	0.0	
sp|Q568Z6|IST1_RAT	Q568Z6	IST1_RAT	Ist1	366	Rattus norvegicus	2:Experimental evidence at transcript level	IST1 homolog	1.0	0.9989	4	18	18	18	2	2	2	4	4	4	2	2	2	4	4	4	2	2	2	4	4	4	2.7217832E7	2.8430804E7	1.4232408E7	4.1092968E7	3.9385808E7	4.2673548E7	1.2212141E7	1.2888744E7	1.3093098E7	1.3316493E7	1.2298709E7	1.3540841E7	
sp|Q569B7|RWDD4_RAT	Q569B7	RWDD4_RAT	Rwdd4	188	Rattus norvegicus	2:Experimental evidence at transcript level	RWD domain-containing protein 4	1.0	0.999	2	7	7	7	2	1	1	1	1	1	2	1	1	1	1	1	2	1	1	1	1	1	1.836408E7	2.5379934E7	2.4871734E7	1.3895248E7	1.615704E7	1.6641257E7	1.3107659E7	1.91871E7	1.8018862E7	1.0018882E7	1.3203813E7	1.2358998E7	
sp|Q569C1|CHM4C_RAT	Q569C1	CHM4C_RAT	Chmp4c	232	Rattus norvegicus	2:Experimental evidence at transcript level	Charged multivesicular body protein 4c	0.9985	0.999	2	8	8	8	2	1	1	1	2	1	2	1	1	1	2	1	2	1	1	1	2	1	1.2812107E7	1.5393844E7	1.887459E7	1.1713423E7	1.3679668E7	1.4777385E7	1.2812107E7	1.5393844E7	1.7781338E7	1.0698411E7	1.3103385E7	1.2329976E7	
sp|Q56A18|SMCE1_RAT	Q56A18	SMCE1_RAT	Smarce1	376	Rattus norvegicus	1:Experimental evidence at protein level	SWI/SNF-related matrix-associated actin-dependent regulator of chromatin subfamily E member 1	1.0	0.999	2	8	8	8	2	1	3	1	1	0	2	1	3	1	1	0	2	1	3	1	1	0	1.2488559E7	9678748.0	1.3274775E7	8857778.0	1.3890292E7	6176411.0	5673489.0	4542918.5	6631434.0	4124071.2	6327313.5	5095743.5	
sp|Q56A27|NCBP1_RAT	Q56A27	NCBP1_RAT	Ncbp1	790	Rattus norvegicus	1:Experimental evidence at protein level	Nuclear cap-binding protein subunit 1	0.997	0.999	2	3	3	3	0	0	0	1	1	1	0	0	0	1	1	1	0	0	0	1	1	1	2546436.8	558798.06	0.0	4246963.0	3047544.5	3232511.0	2177547.5	1671292.5	0.0	2641909.8	2606062.2	2255961.0	
sp|Q58FK9|KAT3_RAT	Q58FK9	KAT3_RAT	Kyat3	454	Rattus norvegicus	2:Experimental evidence at transcript level	Kynurenine--oxoglutarate transaminase 3	1.0	0.999	3	9	9	9	2	2	1	2	1	1	2	2	1	2	1	1	2	2	1	2	1	1	4.2813732E7	3.711528E7	3.7486792E7	2.7499552E7	2.1219286E7	2.579832E7	1.5117502E7	1.2755444E7	1.316642E7	9643474.0	8375110.0	8737768.0	
sp|Q5BJP2|CWC15_RAT	Q5BJP2	CWC15_RAT	Cwc15	229	Rattus norvegicus	1:Experimental evidence at protein level	Spliceosome-associated protein CWC15 homolog	1.0	0.999	4	8	8	8	1	3	3	0	1	0	1	3	3	0	1	0	1	3	3	0	1	0	8665314.0	1.3987666E7	1.3311108E7	6581542.5	8608259.0	1.1754256E7	4222458.5	6803182.0	6206010.5	4050319.2	5851862.0	5617677.0	
sp|Q5BJP3|UFM1_RAT	Q5BJP3	UFM1_RAT	Ufm1	85	Rattus norvegicus	3:Protein inferred from homology	Ubiquitin-fold modifier 1	1.0	0.999	3	54	54	54	9	11	11	7	8	8	9	11	11	7	8	8	9	11	11	7	8	8	7.137001E8	8.2637696E8	8.6095635E8	5.6195834E8	6.3633741E8	5.30926784E8	2.63180208E8	3.14229888E8	3.3818544E8	2.05809248E8	2.24330368E8	1.85197088E8	
sp|Q5BJP6|RRF2M_RAT	Q5BJP6	RRF2M_RAT	Gfm2	779	Rattus norvegicus	2:Experimental evidence at transcript level	Ribosome-releasing factor 2, mitochondrial	0.9685	0.999	1	1	1	1	0	0	0	0	0	1	0	0	0	0	0	1	0	0	0	0	0	1	0.0	2156332.0	2709860.0	5050787.0	4262602.5	4892843.0	0.0	2156332.0	2709860.0	5050787.0	4262602.5	4892843.0	
sp|Q5BJQ0|COQ8A_RAT	Q5BJQ0	COQ8A_RAT	Coq8a	649	Rattus norvegicus	2:Experimental evidence at transcript level	Atypical kinase COQ8A, mitochondrial	1.0	0.999	6	26	26	26	6	6	5	2	5	2	6	6	5	2	5	2	6	6	5	2	5	2	8.4139016E7	9.3918264E7	1.00766128E8	3.8786916E7	5.909204E7	4.357492E7	2.7803658E7	3.1380036E7	3.4310132E7	1.2608934E7	1.5479819E7	1.5431442E7	
sp|Q5BJS0|DHX30_RAT	Q5BJS0	DHX30_RAT	Dhx30	1194	Rattus norvegicus	1:Experimental evidence at protein level	ATP-dependent RNA helicase DHX30	0.9677	0.999	1	1	1	1	0	0	0	1	0	0	0	0	0	1	0	0	0	0	0	1	0	0	0.0	0.0	0.0	0.0	0.0	0.0	0.0	0.0	0.0	0.0	0.0	0.0	
sp|Q5BJT0|ARGL1_RAT	Q5BJT0	ARGL1_RAT	Arglu1	271	Rattus norvegicus	1:Experimental evidence at protein level	Arginine and glutamate-rich protein 1	0.9978	0.9985	2	5	5	5	1	2	1	0	0	1	1	2	1	0	0	1	1	2	1	0	0	1	1.8336652E7	2.1706908E7	2.45603E7	5083385.0	4743021.0	1.9491322E7	9354641.0	1.2050493E7	1.3372567E7	7900700.5	7371699.5	9834462.0	
sp|Q5BJT7|CCD93_RAT	Q5BJT7	CCD93_RAT	Ccdc93	629	Rattus norvegicus	1:Experimental evidence at protein level	Coiled-coil domain-containing protein 93	0.9998	0.9988	4	11	11	11	2	3	1	1	1	3	2	3	1	1	1	3	2	3	1	1	1	3	1106832.0	2970533.0	0.0	2556534.2	1455266.4	3897006.0	1352775.2	1114618.4	0.0	1508706.0	2732285.5	2253984.2	
sp|Q5BJX0|NTM1A_RAT	Q5BJX0	NTM1A_RAT	Ntmt1	223	Rattus norvegicus	2:Experimental evidence at transcript level	N-terminal Xaa-Pro-Lys N-methyltransferase 1	0.9685	0.999	1	5	5	5	1	1	0	1	1	1	1	1	0	1	1	1	1	1	0	1	1	1	2191850.8	3017760.8	1539923.0	3869036.8	4161120.2	1736365.9	2191850.8	3017760.8	1539923.0	3869036.8	4161120.2	1736365.9	
sp|Q5BJY9|K1C18_RAT	Q5BJY9	K1C18_RAT	Krt18	423	Rattus norvegicus	1:Experimental evidence at protein level	Keratin, type I cytoskeletal 18	1.0	0.999	24	344	311	344	51	62	64	56	55	56	46	56	59	51	48	51	51	62	64	56	55	56	4.16950042E9	4.6869816E9	5.1051182E9	5.7075738E9	6.1881298E9	5.804095E9	3.36587264E8	3.8764864E8	4.18478816E8	4.52426688E8	4.95137088E8	5.14242912E8	
sp|Q5BK07|CCD43_RAT	Q5BK07	CCD43_RAT	Ccdc43	222	Rattus norvegicus	1:Experimental evidence at protein level	Coiled-coil domain-containing protein 43	1.0	0.999	2	2	2	2	0	0	2	0	0	0	0	0	2	0	0	0	0	0	2	0	0	0	1.4593744E7	1.7165628E7	2.1843934E7	7744684.0	9083404.0	9383405.0	1.0279644E7	1.208463E7	1.5411458E7	7744684.0	9083404.0	9383405.0	
sp|Q5BK20|JUPI2_RAT	Q5BK20	JUPI2_RAT	Jpt2	190	Rattus norvegicus	2:Experimental evidence at transcript level	Jupiter microtubule associated homolog 2	1.0	0.999	3	18	18	18	4	3	3	2	3	3	4	3	3	2	3	3	4	3	3	2	3	3	3.9204192E7	4.077598E7	5.0551672E7	2.861057E7	3.1389076E7	3.2140678E7	1.805221E7	2.0793398E7	2.4932768E7	1.5347519E7	1.6539486E7	1.5998615E7	
sp|Q5BK63|NDUA9_RAT	Q5BK63	NDUA9_RAT	Ndufa9	377	Rattus norvegicus	1:Experimental evidence at protein level	NADH dehydrogenase [ubiquinone] 1 alpha subcomplex subunit 9, mitochondrial	0.9685	0.999	1	1	1	1	1	0	0	0	0	0	1	0	0	0	0	0	1	0	0	0	0	0	1847069.0	802061.1	1217852.2	1801372.9	1196519.8	0.0	1847069.0	802061.1	1217852.2	1801372.9	1196519.8	0.0	
sp|Q5BK81|PTGR2_RAT	Q5BK81	PTGR2_RAT	Ptgr2	351	Rattus norvegicus	2:Experimental evidence at transcript level	Prostaglandin reductase 2	1.0	0.999	5	15	15	15	3	3	3	3	2	1	3	3	3	3	2	1	3	3	3	3	2	1	2.776714E7	1.1421648E7	8182709.5	8912494.0	1.039854E7	1.0570223E7	6550698.5	7174743.0	5590313.5	6167696.0	7133785.5	7196907.0	
sp|Q5EAN7|TE2IP_RAT	Q5EAN7	TE2IP_RAT	Terf2ip	393	Rattus norvegicus	1:Experimental evidence at protein level	Telomeric repeat-binding factor 2-interacting protein 1	0.9684	0.999	1	1	1	1	0	0	0	0	1	0	0	0	0	0	1	0	0	0	0	0	1	0	0.0	0.0	1320762.9	0.0	838875.1	746110.1	0.0	0.0	1320762.9	0.0	838875.1	746110.1	
sp|Q5EB77|RAB18_RAT	Q5EB77	RAB18_RAT	Rab18	206	Rattus norvegicus	2:Experimental evidence at transcript level	Ras-related protein Rab-18	1.0	0.999	4	23	23	23	4	4	4	5	3	3	4	4	4	5	3	3	4	4	4	5	3	3	6.3975836E7	6.6344476E7	5.831816E7	5.1790616E7	4.6970836E7	5.0731972E7	1.797993E7	1.7978352E7	1.7025144E7	1.4825272E7	1.3450732E7	1.4832449E7	
sp|Q5EB92|WDR70_RAT	Q5EB92	WDR70_RAT	Wdr70	655	Rattus norvegicus	1:Experimental evidence at protein level	WD repeat-containing protein 70	0.9999	0.9985	3	3	3	3	1	1	1	0	0	0	1	1	1	0	0	0	1	1	1	0	0	0	6.1127437E8	4.40810944E8	5.04473312E8	3.09189952E8	3.29054336E8	2.67265776E8	6.1127437E8	4.40810944E8	5.04473312E8	3.09189952E8	3.29054336E8	2.67265776E8	
sp|Q5EGY4|YKT6_RAT	Q5EGY4	YKT6_RAT	Ykt6	198	Rattus norvegicus	1:Experimental evidence at protein level	Synaptobrevin homolog YKT6	0.9239	0.9975	1	1	1	1	0	0	0	0	0	1	0	0	0	0	0	1	0	0	0	0	0	1	4927417.5	3959651.2	3857590.5	4475536.5	4707459.0	4953261.5	4927417.5	3959651.2	3857590.5	4475536.5	4707459.0	4953261.5	
sp|Q5FVG2|E41L5_RAT	Q5FVG2	E41L5_RAT	Epb41l5	731	Rattus norvegicus	1:Experimental evidence at protein level	Band 4.1-like protein 5	0.9682	0.999	1	3	3	3	1	1	0	1	0	0	1	1	0	1	0	0	1	1	0	1	0	0	2353054.0	1827464.1	1064713.1	4942648.0	0.0	0.0	2353054.0	1827464.1	1064713.1	4942648.0	0.0	0.0	
sp|Q5FVH2|PLD3_RAT	Q5FVH2	PLD3_RAT	Pld3	488	Rattus norvegicus	1:Experimental evidence at protein level	5'-3' exonuclease PLD3	1.0	0.999	3	9	9	9	2	3	1	0	1	2	2	3	1	0	1	2	2	3	1	0	1	2	2.1489146E7	2.0194818E7	1.8679192E7	1.4533298E7	1.4311224E7	1.6671866E7	1.1991196E7	1.1378237E7	1.0600632E7	8340882.5	8284256.5	9650004.0	
sp|Q5FVJ7|IFT22_RAT	Q5FVJ7	IFT22_RAT	Ift22	185	Rattus norvegicus	2:Experimental evidence at transcript level	Intraflagellar transport protein 22 homolog	0.8352	0.994	1	1	1	1	0	0	0	0	0	1	0	0	0	0	0	1	0	0	0	0	0	1	0.0	1835706.4	2369204.0	0.0	8002174.5	7367767.0	0.0	1835706.4	2369204.0	0.0	8002174.5	7367767.0	
sp|Q5FVJ8|SENP8_RAT	Q5FVJ8	SENP8_RAT	Senp8	217	Rattus norvegicus	2:Experimental evidence at transcript level	Sentrin-specific protease 8	0.6692	0.985	1	1	1	1	1	0	0	0	0	0	1	0	0	0	0	0	1	0	0	0	0	0	3030022.5	0.0	0.0	0.0	0.0	0.0	0.0	0.0	0.0	0.0	0.0	0.0	
sp|Q5FVK6|C2D1B_RAT	Q5FVK6	C2D1B_RAT	Cc2d1b	850	Rattus norvegicus	1:Experimental evidence at protein level	Coiled-coil and C2 domain-containing protein 1B	0.9658	0.9989	1	1	1	1	0	1	0	0	0	0	0	1	0	0	0	0	0	1	0	0	0	0	0.0	0.0	0.0	0.0	0.0	0.0	0.0	0.0	0.0	0.0	0.0	0.0	
sp|Q5FVK8|AL14E_RAT	Q5FVK8	AL14E_RAT	Arl14ep	276	Rattus norvegicus	1:Experimental evidence at protein level	ARL14 effector protein	0.9586	0.9987	1	2	2	2	1	1	0	0	0	0	1	1	0	0	0	0	1	1	0	0	0	0	0.0	0.0	0.0	0.0	0.0	0.0	0.0	0.0	0.0	0.0	0.0	0.0	
sp|Q5FVL2|EMC8_RAT	Q5FVL2	EMC8_RAT	Emc8	207	Rattus norvegicus	2:Experimental evidence at transcript level	ER membrane protein complex subunit 8	0.9683	0.999	1	1	1	1	0	0	0	0	1	0	0	0	0	0	1	0	0	0	0	0	1	0	2540882.2	1759257.0	1981648.0	3055345.0	2115268.2	2498047.2	2540882.2	1759257.0	1981648.0	3055345.0	2115268.2	2498047.2	
sp|Q5FVM4|NONO_RAT	Q5FVM4	NONO_RAT	Nono	476	Rattus norvegicus	1:Experimental evidence at protein level	Non-POU domain-containing octamer-binding protein	1.0	0.999	15	73	73	73	10	11	14	14	9	15	10	11	14	14	9	15	10	11	14	14	9	15	4.27989312E8	4.55845344E8	4.82346304E8	4.43834048E8	4.02929248E8	5.15470944E8	9.359588E7	9.7443104E7	1.00505144E8	9.3867848E7	1.00953872E8	1.08318768E8	
sp|Q5FVN0|MBOA5_RAT	Q5FVN0	MBOA5_RAT	Lpcat3	487	Rattus norvegicus	2:Experimental evidence at transcript level	Lysophospholipid acyltransferase 5	0.9685	0.999	1	2	2	2	1	0	0	1	0	0	1	0	0	1	0	0	1	0	0	1	0	0	3764869.5	5825996.0	5517112.5	7747230.5	9906245.0	5869791.5	3764869.5	5825996.0	5517112.5	7747230.5	9906245.0	5869791.5	
sp|Q5FVQ4|MLEC_RAT	Q5FVQ4	MLEC_RAT	Mlec	291	Rattus norvegicus	2:Experimental evidence at transcript level	Malectin	1.0	0.999	5	21	21	21	3	3	2	5	4	4	3	3	2	5	4	4	3	3	2	5	4	4	4.8326048E7	3.1968272E7	3.023608E7	8.5180416E7	6.8299712E7	6.32762E7	1.8222364E7	1.186092E7	1.325209E7	3.0882466E7	2.4650504E7	2.6082748E7	
sp|Q5FVR7|CPSF4_RAT	Q5FVR7	CPSF4_RAT	Cpsf4	243	Rattus norvegicus	2:Experimental evidence at transcript level	Cleavage and polyadenylation specificity factor subunit 4	0.603	0.9801	1	1	1	1	0	0	1	0	0	0	0	0	1	0	0	0	0	0	1	0	0	0	0.0	0.0	0.0	0.0	0.0	0.0	0.0	0.0	0.0	0.0	0.0	0.0	
sp|Q5FWT1|FA98A_RAT	Q5FWT1	FA98A_RAT	Fam98a	515	Rattus norvegicus	2:Experimental evidence at transcript level	Protein FAM98A	1.0	0.999	4	12	12	12	3	2	1	1	2	3	3	2	1	1	2	3	3	2	1	1	2	3	1.3159483E7	1.642539E7	1.6063756E7	1.0072028E7	2.0098916E7	2.0780462E7	6021556.5	9482835.0	9097677.0	1.0072028E7	1.1934554E7	1.3774042E7	
sp|Q5FWT7|UBCP1_RAT	Q5FWT7	UBCP1_RAT	Ublcp1	318	Rattus norvegicus	2:Experimental evidence at transcript level	Ubiquitin-like domain-containing CTD phosphatase 1	0.8559	0.9948	1	1	1	1	1	0	0	0	0	0	1	0	0	0	0	0	1	0	0	0	0	0	0.0	0.0	0.0	0.0	0.0	0.0	0.0	0.0	0.0	0.0	0.0	0.0	
sp|Q5HZE4|MTNA_RAT	Q5HZE4	MTNA_RAT	Mri1	369	Rattus norvegicus	1:Experimental evidence at protein level	Methylthioribose-1-phosphate isomerase	1.0	0.999	13	59	59	59	13	11	10	10	8	7	13	11	10	10	8	7	13	11	10	10	8	7	3.47776544E8	3.64683776E8	3.8546848E8	2.92851808E8	3.33031168E8	2.93158368E8	1.3566576E8	1.319666E8	1.19419256E8	1.1986084E8	1.14759808E8	1.20247376E8	
sp|Q5HZV9|PP1R7_RAT	Q5HZV9	PP1R7_RAT	Ppp1r7	360	Rattus norvegicus	1:Experimental evidence at protein level	Protein phosphatase 1 regulatory subunit 7	1.0	0.999	8	26	26	26	3	4	3	4	5	7	3	4	3	4	5	7	3	4	3	4	5	7	5.1613648E7	4.6281856E7	4.637008E7	4.0301584E7	5.0466524E7	4.6497064E7	1.2154584E7	1.4652541E7	1.4830421E7	1.1452512E7	1.224504E7	1.1645577E7	
sp|Q5HZY0|UBXN4_RAT	Q5HZY0	UBXN4_RAT	Ubxn4	506	Rattus norvegicus	1:Experimental evidence at protein level	UBX domain-containing protein 4	1.0	0.999	4	8	8	8	2	3	0	0	2	1	2	3	0	0	2	1	2	3	0	0	2	1	2.1180484E7	2.318477E7	1.6804774E7	2.4234808E7	9761964.0	2.6008838E7	8267607.5	7201355.0	5205825.0	7596482.0	6840670.5	8444096.0	
sp|Q5HZY2|SAR1B_RAT	Q5HZY2	SAR1B_RAT	Sar1b	198	Rattus norvegicus	2:Experimental evidence at transcript level	Small COPII coat GTPase SAR1B	1.0	0.999	6	33	33	33	6	7	5	5	4	6	6	7	5	5	4	6	6	7	5	5	4	6	2.00236592E8	1.8830288E8	2.0843432E8	1.42117744E8	1.64665584E8	1.71336016E8	8.9133264E7	8.2255664E7	8.5201248E7	6.7163712E7	6.5679216E7	6.4153656E7	
sp|Q5I034|CSTOS_RAT	Q5I034	CSTOS_RAT	Custos	277	Rattus norvegicus	1:Experimental evidence at protein level	Protein CUSTOS	0.942	0.9981	1	3	3	3	1	1	1	0	0	0	1	1	1	0	0	0	1	1	1	0	0	0	0.0	0.0	0.0	0.0	0.0	0.0	0.0	0.0	0.0	0.0	0.0	0.0	
sp|Q5I0C3|MCCA_RAT	Q5I0C3	MCCA_RAT	Mccc1	715	Rattus norvegicus	1:Experimental evidence at protein level	Methylcrotonoyl-CoA carboxylase subunit alpha, mitochondrial	1.0	0.999	25	177	177	177	40	40	32	25	21	19	40	40	32	25	21	19	40	40	32	25	21	19	1.19254182E9	1.13192794E9	1.01582451E9	5.9582035E8	5.7125453E8	5.6157696E8	7.6708064E7	7.240468E7	6.6865536E7	3.8635596E7	3.6934508E7	3.711662E7	
sp|Q5I0D1|GLOD4_RAT	Q5I0D1	GLOD4_RAT	Glod4	298	Rattus norvegicus	1:Experimental evidence at protein level	Glyoxalase domain-containing protein 4	1.0	0.999	13	57	57	57	10	11	11	7	9	9	10	11	11	7	9	9	10	11	11	7	9	9	2.09210752E8	2.19697264E8	2.24313008E8	1.76843744E8	1.96907056E8	1.98810656E8	3.2302334E7	3.388888E7	3.5147872E7	3.4184376E7	3.4414624E7	3.5103172E7	
sp|Q5I0D7|PEPD_RAT	Q5I0D7	PEPD_RAT	Pepd	492	Rattus norvegicus	2:Experimental evidence at transcript level	Xaa-Pro dipeptidase	1.0	0.999	9	33	33	33	6	4	6	6	5	6	6	4	6	6	5	6	6	4	6	6	5	6	1.51243712E8	7.0380312E7	8.312064E7	7.1069904E7	7.138324E7	7.2255424E7	2.2319218E7	1.9024032E7	1.9773662E7	1.9117346E7	1.883217E7	1.9447748E7	
sp|Q5I0E7|TMED9_RAT	Q5I0E7	TMED9_RAT	Tmed9	235	Rattus norvegicus	1:Experimental evidence at protein level	Transmembrane emp24 domain-containing protein 9	1.0	0.999	3	18	18	18	3	2	3	4	3	3	3	2	3	4	3	3	3	2	3	4	3	3	8.8065464E7	6.9419456E7	8.2432984E7	7.2944064E7	8.6113816E7	8.67362E7	4.9159272E7	3.9040328E7	4.5637096E7	4.9701252E7	4.8039232E7	4.6690008E7	
sp|Q5I0G4|GARS_RAT	Q5I0G4	GARS_RAT	Gars1	728	Rattus norvegicus	1:Experimental evidence at protein level	Glycine--tRNA ligase	1.0	0.999	25	119	119	119	27	22	20	16	15	19	27	22	20	16	15	19	27	22	20	16	15	19	7.1323597E8	5.6635731E8	5.35107104E8	5.9025363E8	5.6480858E8	5.6448627E8	6.3069044E7	5.3188032E7	5.151058E7	5.5226172E7	5.2558708E7	5.2837328E7	
sp|Q5I0H4|TMCO1_RAT	Q5I0H4	TMCO1_RAT	Tmco1	188	Rattus norvegicus	2:Experimental evidence at transcript level	Calcium load-activated calcium channel	1.0	0.999	3	10	10	10	2	0	0	3	3	2	2	0	0	3	3	2	2	0	0	3	3	2	4423796.5	3125491.8	1252164.9	8729602.0	6125143.0	7032135.0	2420209.5	1713751.6	1773908.1	4937768.5	3627733.8	3850305.0	
sp|Q5I0H9|PDIA5_RAT	Q5I0H9	PDIA5_RAT	Pdia5	517	Rattus norvegicus	2:Experimental evidence at transcript level	Protein disulfide-isomerase A5	1.0	0.999	11	50	50	50	9	10	8	9	7	7	9	10	8	9	7	7	9	10	8	9	7	7	1.11117784E8	1.1489316E8	1.04419208E8	8.5488096E7	6.9687824E7	9.5319392E7	2.4489934E7	2.4676898E7	2.362492E7	1.9935344E7	1.805762E7	2.0167402E7	
sp|Q5I0K3|CLYBL_RAT	Q5I0K3	CLYBL_RAT	Clybl	338	Rattus norvegicus	2:Experimental evidence at transcript level	Citramalyl-CoA lyase, mitochondrial	1.0	0.999	5	11	11	11	4	4	3	0	0	0	4	4	3	0	0	0	4	4	3	0	0	0	2.5038076E7	2.9414272E7	3.1545472E7	6087763.5	5377857.0	1.0240563E7	6270445.5	7799285.5	8134396.0	2381783.8	3156138.5	2843729.8	
sp|Q5I0K8|RT07_RAT	Q5I0K8	RT07_RAT	Mrps7	242	Rattus norvegicus	2:Experimental evidence at transcript level	Small ribosomal subunit protein uS7m	0.9685	0.999	1	1	1	1	0	1	0	0	0	0	0	1	0	0	0	0	0	1	0	0	0	0	0.0	2978223.2	0.0	0.0	0.0	0.0	0.0	0.0	0.0	0.0	0.0	0.0	
sp|Q5I0L4|NUBP1_RAT	Q5I0L4	NUBP1_RAT	Nubp1	320	Rattus norvegicus	1:Experimental evidence at protein level	Cytosolic Fe-S cluster assembly factor NUBP1	1.0	0.999	4	12	12	12	2	3	2	1	1	3	2	3	2	1	1	3	2	3	2	1	1	3	1.1913214E7	1.3350304E7	1.616122E7	1.4179268E7	1.0341509E7	1.380444E7	3855975.8	4311568.0	5193612.0	4902412.0	3899433.8	5124650.5	
sp|Q5I0P2|GCSH_RAT	Q5I0P2	GCSH_RAT	Gcsh	170	Rattus norvegicus	2:Experimental evidence at transcript level	Glycine cleavage system H protein, mitochondrial	1.0	0.999	3	23	23	23	5	6	5	2	3	2	5	6	5	2	3	2	5	6	5	2	3	2	1.60066896E8	2.04320704E8	1.95994992E8	9.0048552E7	8.188192E7	9.4099936E7	5.9797556E7	6.9850272E7	6.646042E7	3.4180608E7	3.2152492E7	3.4980176E7	
sp|Q5M7A4|UBA5_RAT	Q5M7A4	UBA5_RAT	Uba5	403	Rattus norvegicus	1:Experimental evidence at protein level	Ubiquitin-like modifier-activating enzyme 5	1.0	0.999	12	64	64	64	14	9	12	13	8	8	14	9	12	13	8	8	14	9	12	13	8	8	2.76767424E8	2.08537008E8	2.08651472E8	2.98651296E8	2.55940704E8	2.71248352E8	6.0998848E7	5.0704008E7	4.5970904E7	6.2415508E7	5.3856404E7	5.3212952E7	
sp|Q5M7T1|CIAO1_RAT	Q5M7T1	CIAO1_RAT	Ciao1	339	Rattus norvegicus	2:Experimental evidence at transcript level	Probable cytosolic iron-sulfur protein assembly protein CIAO1	0.8157	0.9931	1	1	1	1	0	0	0	0	1	0	0	0	0	0	1	0	0	0	0	0	1	0	0.0	0.0	0.0	0.0	0.0	0.0	0.0	0.0	0.0	0.0	0.0	0.0	
sp|Q5M7T4|YIPF4_RAT	Q5M7T4	YIPF4_RAT	Yipf4	246	Rattus norvegicus	2:Experimental evidence at transcript level	Protein YIPF4	0.6205	0.9815	1	1	1	1	1	0	0	0	0	0	1	0	0	0	0	0	1	0	0	0	0	0	6235190.5	1.035746E8	1.05370912E8	1.0246468E8	9.6773096E7	9.3188816E7	6235190.5	1.035746E8	1.05370912E8	1.0246468E8	9.6773096E7	9.3188816E7	
sp|Q5M7T9|THNS2_RAT	Q5M7T9	THNS2_RAT	Thnsl2	485	Rattus norvegicus	2:Experimental evidence at transcript level	Threonine synthase-like 2	1.0	0.999	3	7	7	7	1	3	1	1	0	1	1	3	1	1	0	1	1	3	1	1	0	1	1.1093774E7	8048593.0	9778537.0	1.3926949E7	1.1354239E7	1.1577386E7	7098887.0	4983061.5	6180273.5	8961889.0	6915587.5	7387698.5	
sp|Q5M7U6|ARP2_RAT	Q5M7U6	ARP2_RAT	Actr2	394	Rattus norvegicus	2:Experimental evidence at transcript level	Actin-related protein 2	1.0	0.999	9	54	54	54	8	8	8	13	9	8	8	8	8	13	9	8	8	8	8	13	9	8	1.43020224E8	1.2256376E8	1.210406E8	1.8156952E8	1.48316192E8	1.6472192E8	3.1879626E7	2.6616446E7	2.6515412E7	4.0939108E7	3.6886992E7	3.659272E7	
sp|Q5M7V8|TR150_RAT	Q5M7V8	TR150_RAT	Thrap3	951	Rattus norvegicus	1:Experimental evidence at protein level	Thyroid hormone receptor-associated protein 3	1.0	0.999	10	55	55	55	10	10	9	8	10	8	10	10	9	8	10	8	10	10	9	8	10	8	1.33703696E8	1.5501648E8	1.63598544E8	1.5787584E8	1.70410384E8	1.82284576E8	4.2145112E7	5.013934E7	4.939742E7	4.2472848E7	4.6468908E7	4.7363044E7	
sp|Q5M7W1|TXNIP_RAT	Q5M7W1	TXNIP_RAT	Txnip	394	Rattus norvegicus	2:Experimental evidence at transcript level	Thioredoxin-interacting protein	1.0	0.999	3	7	7	7	0	0	0	3	1	3	0	0	0	3	1	3	0	0	0	3	1	3	0.0	0.0	0.0	1.6013264E7	1.4132304E7	1.0731504E7	0.0	0.0	0.0	7942477.5	8152536.5	6247781.0	
sp|Q5M7W5|MAP4_RAT	Q5M7W5	MAP4_RAT	Map4	1057	Rattus norvegicus	1:Experimental evidence at protein level	Microtubule-associated protein 4	1.0	0.999	14	59	59	59	10	9	6	9	14	11	10	9	6	9	14	11	10	9	6	9	14	11	8.6519528E7	8.0707E7	8.712676E7	1.15926728E8	1.34287136E8	1.38187168E8	1.4539063E7	1.3454807E7	1.4239486E7	1.9574028E7	2.0031928E7	2.2118884E7	
sp|Q5M808|HIKES_RAT	Q5M808	HIKES_RAT	Hikeshi	197	Rattus norvegicus	2:Experimental evidence at transcript level	Protein Hikeshi	1.0	0.999	2	3	3	3	0	2	1	0	0	0	0	2	1	0	0	0	0	2	1	0	0	0	7899032.0	6731078.0	6759846.0	6706869.0	7106407.0	4536910.5	4669047.5	3976314.8	3931244.0	3918016.8	4198337.0	4573769.0	
sp|Q5M819|SERB_RAT	Q5M819	SERB_RAT	Psph	225	Rattus norvegicus	2:Experimental evidence at transcript level	Phosphoserine phosphatase	1.0	0.999	9	43	43	43	11	10	11	4	3	4	11	10	11	4	3	4	11	10	11	4	3	4	1.53763792E8	1.5679416E8	1.71382064E8	1.0929324E8	1.22936048E8	1.26611336E8	3.2058876E7	3.4440544E7	3.719644E7	2.299815E7	2.5576106E7	2.6668624E7	
sp|Q5M820|MOFA1_RAT	Q5M820	MOFA1_RAT	Mrfap1	125	Rattus norvegicus	1:Experimental evidence at protein level	MORF4 family-associated protein 1	1.0	0.999	3	12	12	12	2	3	2	2	1	2	2	3	2	2	1	2	2	3	2	2	1	2	6544364.0	1.6159356E7	1.1653998E7	1.5117888E7	1.3190546E7	1.4272372E7	4880686.0	8437501.0	8422647.0	6438747.0	8886789.0	7130571.0	
sp|Q5M821|PPM1H_RAT	Q5M821	PPM1H_RAT	Ppm1h	513	Rattus norvegicus	1:Experimental evidence at protein level	Protein phosphatase 1H	0.9997	0.9982	2	2	2	2	1	1	0	0	0	0	1	1	0	0	0	0	1	1	0	0	0	0	1051535.2	1817137.1	0.0	0.0	0.0	0.0	0.0	0.0	0.0	0.0	0.0	0.0	
sp|Q5M823|NUDC2_RAT	Q5M823	NUDC2_RAT	Nudcd2	157	Rattus norvegicus	2:Experimental evidence at transcript level	NudC domain-containing protein 2	1.0	0.999	3	4	4	4	0	1	1	1	0	1	0	1	1	1	0	1	0	1	1	1	0	1	2.3123212E7	2.3898452E7	2.595696E7	1.5387852E7	2.0671144E7	1.9808044E7	9177552.0	1.0279415E7	1.0291323E7	6278979.5	8249630.0	7651018.5	
sp|Q5M843|OGFD3_RAT	Q5M843	OGFD3_RAT	Ogfod3	315	Rattus norvegicus	2:Experimental evidence at transcript level	2-oxoglutarate and iron-dependent oxygenase domain-containing protein 3	0.6326	0.9824	1	20	20	20	3	3	5	2	2	5	3	3	5	2	2	5	3	3	5	2	2	5	2689558.2	3606721.2	1229713.2	0.0	564133.0	0.0	2689558.2	3606721.2	1229713.2	0.0	564133.0	0.0	
sp|Q5M854|MGT4A_RAT	Q5M854	MGT4A_RAT	Mgat4a	526	Rattus norvegicus	2:Experimental evidence at transcript level	Alpha-1,3-mannosyl-glycoprotein 4-beta-N-acetylglucosaminyltransferase A	0.9684	0.999	1	2	2	2	1	0	0	0	0	1	1	0	0	0	0	1	1	0	0	0	0	1	2271208.0	0.0	1040504.1	0.0	2555417.0	2433848.5	2271208.0	0.0	1040504.1	0.0	2555417.0	2433848.5	
sp|Q5M875|DHB13_RAT	Q5M875	DHB13_RAT	Hsd17b13	300	Rattus norvegicus	1:Experimental evidence at protein level	17-beta-hydroxysteroid dehydrogenase 13	1.0	0.999	10	94	94	94	17	14	10	20	15	18	17	14	10	20	15	18	17	14	10	20	15	18	1.26833882E9	6.5271546E8	5.4260275E8	1.78072589E9	1.3906423E9	1.45959898E9	2.49229472E8	1.28414968E8	1.03913288E8	3.40199136E8	2.69954176E8	2.8263456E8	
sp|Q5M876|ACY3_RAT	Q5M876	ACY3_RAT	Acy3	319	Rattus norvegicus	1:Experimental evidence at protein level	N-acyl-aromatic-L-amino acid amidohydrolase (carboxylate-forming)	1.0	0.999	6	19	19	19	2	2	4	4	4	3	2	2	4	4	4	3	2	2	4	4	4	3	3.79306E7	4.8478468E7	4.730468E7	3.9167048E7	4.0344552E7	5.1280576E7	1.0467358E7	1.3863315E7	1.2018297E7	9506323.0	1.1455259E7	1.1792387E7	
sp|Q5M947|RRP15_RAT	Q5M947	RRP15_RAT	Rrp15	280	Rattus norvegicus	1:Experimental evidence at protein level	RRP15-like protein	0.9681	0.999	1	2	2	2	0	1	1	0	0	0	0	1	1	0	0	0	0	1	1	0	0	0	2754070.2	2759050.0	2477753.8	2807941.5	3063139.8	2409354.2	2754070.2	2759050.0	2477753.8	2807941.5	3063139.8	2409354.2	
sp|Q5M9G1|HEXI1_RAT	Q5M9G1	HEXI1_RAT	Hexim1	356	Rattus norvegicus	1:Experimental evidence at protein level	Protein HEXIM1	1.0	0.999	3	5	5	5	1	1	2	0	1	0	1	1	2	0	1	0	1	1	2	0	1	0	3075531.8	8552964.0	1.9022544E7	0.0	5190433.5	8892878.0	5268512.5	4734270.5	6279742.5	0.0	8169181.0	7195204.5	
sp|Q5M9G3|CAPR1_RAT	Q5M9G3	CAPR1_RAT	Caprin1	707	Rattus norvegicus	1:Experimental evidence at protein level	Caprin-1	1.0	0.999	10	18	18	18	3	4	6	2	1	2	3	4	6	2	1	2	3	4	6	2	1	2	8.0996128E7	8.6296152E7	6.802948E7	4.6438044E7	7.7868E7	7.5621832E7	1.9627946E7	2.3347082E7	2.331866E7	1.5804873E7	1.8272062E7	1.99408E7	
sp|Q5M9G8|DCA11_RAT	Q5M9G8	DCA11_RAT	Dcaf11	549	Rattus norvegicus	1:Experimental evidence at protein level	DDB1- and CUL4-associated factor 11	0.9105	0.997	1	1	1	1	1	0	0	0	0	0	1	0	0	0	0	0	1	0	0	0	0	0	0.0	0.0	0.0	0.0	0.0	0.0	0.0	0.0	0.0	0.0	0.0	0.0	
sp|Q5M9I5|QCR6_RAT	Q5M9I5	QCR6_RAT	Uqcrh	89	Rattus norvegicus	3:Protein inferred from homology	Cytochrome b-c1 complex subunit 6, mitochondrial	1.0	0.999	2	10	10	10	2	3	2	1	1	1	2	3	2	1	1	1	2	3	2	1	1	1	5.199276E7	6.3851136E7	5.884342E7	3.0962734E7	3.2587964E7	2.9219286E7	3.84348E7	4.6339332E7	4.202016E7	2.4647452E7	2.4691318E7	2.1667504E7	
sp|Q5PPG7|EIF2D_RAT	Q5PPG7	EIF2D_RAT	Eif2d	570	Rattus norvegicus	1:Experimental evidence at protein level	Eukaryotic translation initiation factor 2D	0.8628	0.9951	1	2	2	2	1	1	0	0	0	0	1	1	0	0	0	0	1	1	0	0	0	0	0.0	0.0	0.0	0.0	0.0	0.0	0.0	0.0	0.0	0.0	0.0	0.0	
sp|Q5PPH0|ENOPH_RAT	Q5PPH0	ENOPH_RAT	Enoph1	261	Rattus norvegicus	2:Experimental evidence at transcript level	Enolase-phosphatase E1	0.8972	0.9965	1	6	6	6	1	1	1	1	1	1	1	1	1	1	1	1	1	1	1	1	1	1	2806542.0	2881967.8	1886727.8	1991801.1	2040929.6	3177628.0	2806542.0	2881967.8	1886727.8	1991801.1	2040929.6	3177628.0	
sp|Q5PPJ4|DOHH_RAT	Q5PPJ4	DOHH_RAT	Dohh	302	Rattus norvegicus	2:Experimental evidence at transcript level	Deoxyhypusine hydroxylase	1.0	0.999	2	4	4	4	1	1	1	1	0	0	1	1	1	1	0	0	1	1	1	1	0	0	1.4216504E7	1.78714096E8	1.2212097E7	3107708.8	1.50863824E8	1.33368216E8	1.6681065E7	5.6710708E7	1.628365E7	2.9270082E7	4.9571748E7	4.2889044E7	
sp|Q5PPJ9|SHLB2_RAT	Q5PPJ9	SHLB2_RAT	Sh3glb2	404	Rattus norvegicus	1:Experimental evidence at protein level	Endophilin-B2	0.9685	0.999	2	2	2	6	0	0	0	1	1	0	0	0	0	1	1	0	0	0	1	2	2	1	0.0	5069525.0	6144181.5	3835384.5	0.0	0.0	0.0	5069525.0	6144181.5	3835384.5	0.0	0.0	
sp|Q5PPK9|EIPR1_RAT	Q5PPK9	EIPR1_RAT	Eipr1	386	Rattus norvegicus	1:Experimental evidence at protein level	EARP and GARP complex-interacting protein 1	1.0	0.999	3	3	3	3	1	1	1	0	0	0	1	1	1	0	0	0	1	1	1	0	0	0	2029185.5	6690960.0	2550237.8	1743019.4	0.0	1949544.9	2029185.5	0.0	0.0	1743019.4	0.0	1949544.9	
sp|Q5PPN5|TPPP3_RAT	Q5PPN5	TPPP3_RAT	Tppp3	176	Rattus norvegicus	2:Experimental evidence at transcript level	Tubulin polymerization-promoting protein family member 3	0.9999	0.999	2	12	12	12	2	2	2	2	2	2	2	2	2	2	2	2	2	2	2	2	2	2	2.1346196E7	2.1759356E7	2.2676146E7	2.2504086E7	2.4173516E7	2.5254252E7	1.1151484E7	1.1368248E7	1.184701E7	1.1737007E7	1.2482512E7	1.3190734E7	
sp|Q5PQJ6|P5CR3_RAT	Q5PQJ6	P5CR3_RAT	Pycr3	274	Rattus norvegicus	2:Experimental evidence at transcript level	Pyrroline-5-carboxylate reductase 3	1.0	0.999	4	20	20	20	3	3	3	4	3	4	3	3	3	4	3	4	3	3	3	4	3	4	5.0265508E7	5.3881768E7	4.5705096E7	4.5531492E7	4.7983712E7	5.0272652E7	1.5194836E7	1.5387297E7	1.3839382E7	1.5566142E7	1.5719692E7	1.5477076E7	
sp|Q5PQJ7|TBCEL_RAT	Q5PQJ7	TBCEL_RAT	Tbcel	424	Rattus norvegicus	1:Experimental evidence at protein level	Tubulin-specific chaperone cofactor E-like protein	0.9485	0.9983	1	1	1	1	0	1	0	0	0	0	0	1	0	0	0	0	0	1	0	0	0	0	9622146.0	9740645.0	1.0291574E7	9173096.0	7787343.0	7244756.5	9622146.0	9740645.0	1.0291574E7	9173096.0	7787343.0	7244756.5	
sp|Q5PQL2|CNOT9_RAT	Q5PQL2	CNOT9_RAT	Cnot9	299	Rattus norvegicus	1:Experimental evidence at protein level	CCR4-NOT transcription complex subunit 9	0.9238	0.9975	1	1	1	1	1	0	0	0	0	0	1	0	0	0	0	0	1	0	0	0	0	0	2008040.8	0.0	0.0	0.0	0.0	0.0	0.0	0.0	0.0	0.0	0.0	0.0	
sp|Q5PQM2|KLC4_RAT	Q5PQM2	KLC4_RAT	Klc4	619	Rattus norvegicus	1:Experimental evidence at protein level	Kinesin light chain 4	0.9986	0.999	3	1	1	8	0	1	0	0	0	0	0	1	0	0	0	0	1	3	1	2	0	1	2958932.5	2484068.8	2029708.4	4425364.0	0.0	2950407.5	2958932.5	2484068.8	2029708.4	4425364.0	0.0	2950407.5	
sp|Q5PQN1|HERC4_RAT	Q5PQN1	HERC4_RAT	Herc4	1057	Rattus norvegicus	2:Experimental evidence at transcript level	Probable E3 ubiquitin-protein ligase HERC4	0.9317	0.9977	1	1	1	1	0	0	0	0	0	1	0	0	0	0	0	1	0	0	0	0	0	1	0.0	0.0	0.0	0.0	0.0	0.0	0.0	0.0	0.0	0.0	0.0	0.0	
sp|Q5PQN7|LZIC_RAT	Q5PQN7	LZIC_RAT	Lzic	190	Rattus norvegicus	2:Experimental evidence at transcript level	Protein LZIC	0.9239	0.9975	1	6	6	6	1	1	1	1	1	1	1	1	1	1	1	1	1	1	1	1	1	1	5751112.0	8141198.0	7092608.5	5957652.0	6548393.5	6873743.5	5751112.0	8141198.0	7092608.5	5957652.0	6548393.5	6873743.5	
sp|Q5PQQ2|WBP11_RAT	Q5PQQ2	WBP11_RAT	Wbp11	641	Rattus norvegicus	1:Experimental evidence at protein level	WW domain-binding protein 11	1.0	0.999	3	4	4	4	0	2	0	1	0	1	0	2	0	1	0	1	0	2	0	1	0	1	1.3318851E7	1.4198026E7	1.0268156E7	1.3271012E7	1.3922702E7	1.810861E7	7404496.5	7909763.0	9024129.0	7237532.5	7679916.5	9961502.0	
sp|Q5PQR4|RSRC2_RAT	Q5PQR4	RSRC2_RAT	Rsrc2	376	Rattus norvegicus	2:Experimental evidence at transcript level	Arginine/serine-rich coiled-coil protein 2	0.9684	0.999	1	2	2	2	1	0	0	0	0	1	1	0	0	0	0	1	1	0	0	0	0	1	0.0	0.0	0.0	0.0	0.0	0.0	0.0	0.0	0.0	0.0	0.0	0.0	
sp|Q5PQR8|TPRKB_RAT	Q5PQR8	TPRKB_RAT	Tprkb	158	Rattus norvegicus	2:Experimental evidence at transcript level	EKC/KEOPS complex subunit Tprkb	1.0	0.999	3	10	10	10	2	3	2	1	1	1	2	3	2	1	1	1	2	3	2	1	1	1	1.5917276E7	2.1507566E7	1.6529354E7	1.6152847E7	1.2651889E7	1.3797412E7	7498722.5	9694246.0	9664509.0	7724067.5	7341974.0	7809348.5	
sp|Q5PQX1|TOIP1_RAT	Q5PQX1	TOIP1_RAT	Tor1aip1	583	Rattus norvegicus	1:Experimental evidence at protein level	Torsin-1A-interacting protein 1	0.9997	0.999	2	5	5	5	1	0	0	1	2	1	1	0	0	1	2	1	1	0	0	1	2	1	2553934.8	2076195.9	1563053.2	2789783.5	8253545.5	4715503.5	2553934.8	2076195.9	1563053.2	2789783.5	4911138.0	4715503.5	
sp|Q5QD51|AKA12_RAT	Q5QD51	AKA12_RAT	Akap12	1687	Rattus norvegicus	1:Experimental evidence at protein level	A-kinase anchor protein 12	1.0	0.999	14	33	33	33	5	2	5	5	6	10	5	2	5	5	6	10	5	2	5	5	6	10	3.9686844E7	3.4806216E7	9.8923848E7	6.6453144E7	9.9415488E7	1.26383936E8	1.4861123E7	1.3913643E7	1.62669E7	2.379484E7	2.4049524E7	2.8435662E7	
sp|Q5RJM0|MK67I_RAT	Q5RJM0	MK67I_RAT	Nifk	271	Rattus norvegicus	2:Experimental evidence at transcript level	MKI67 FHA domain-interacting nucleolar phosphoprotein	0.9665	0.9989	1	1	1	1	0	0	1	0	0	0	0	0	1	0	0	0	0	0	1	0	0	0	3177646.5	2624476.0	1469819.5	3000103.2	0.0	0.0	3177646.5	2624476.0	1469819.5	3000103.2	0.0	0.0	
sp|Q5RJQ4|SIR2_RAT	Q5RJQ4	SIR2_RAT	Sirt2	350	Rattus norvegicus	1:Experimental evidence at protein level	NAD-dependent protein deacetylase sirtuin-2	1.0	0.999	4	15	15	15	3	3	2	3	2	2	3	3	2	3	2	2	3	3	2	3	2	2	2.1105248E7	1.9839184E7	9814537.0	1.8768524E7	1.182444E7	9586342.0	7502671.0	6668708.5	5650804.5	6130455.5	7058958.5	5594647.0	
sp|Q5RJR2|TWF1_RAT	Q5RJR2	TWF1_RAT	Twf1	350	Rattus norvegicus	1:Experimental evidence at protein level	Twinfilin-1	1.0	0.999	7	24	24	24	5	4	4	3	4	4	5	4	4	3	4	4	5	4	4	3	4	4	6.429114E7	6.2617376E7	5.5470324E7	6.4511488E7	7.080656E7	6.7065256E7	1.8870622E7	1.6678008E7	1.701859E7	2.041746E7	1.826693E7	1.6969024E7	
sp|Q5RJR8|LRC59_RAT	Q5RJR8	LRC59_RAT	Lrrc59	307	Rattus norvegicus	1:Experimental evidence at protein level	Leucine-rich repeat-containing protein 59	1.0	0.999	10	110	110	110	20	17	17	18	19	19	20	17	17	18	19	19	20	17	17	18	19	19	1.09073971E9	8.0100474E8	7.9001101E8	1.30941325E9	1.16937754E9	1.17110963E9	2.02058E8	1.47776496E8	1.47611376E8	2.4055808E8	2.22053904E8	2.21430832E8	
sp|Q5RJZ6|SCOC_RAT	Q5RJZ6	SCOC_RAT	Scoc	122	Rattus norvegicus	2:Experimental evidence at transcript level	Short coiled-coil protein	0.9685	0.999	1	5	5	5	1	1	1	1	0	1	1	1	1	1	0	1	1	1	1	1	0	1	7217041.5	8875062.0	8678383.0	5955460.5	4515101.5	6073981.0	7217041.5	8875062.0	8678383.0	5955460.5	4515101.5	6073981.0	
sp|Q5RK09|EIF3G_RAT	Q5RK09	EIF3G_RAT	Eif3g	320	Rattus norvegicus	1:Experimental evidence at protein level	Eukaryotic translation initiation factor 3 subunit G	1.0	0.999	12	51	51	51	6	11	11	9	6	8	6	11	11	9	6	8	6	11	11	9	6	8	2.6558136E8	3.25829696E8	2.659604E8	2.12121216E8	1.94897952E8	2.07737888E8	6.1243292E7	7.2124728E7	6.9612304E7	4.7128576E7	4.4275548E7	4.8875672E7	
sp|Q5RK19|SNF8_RAT	Q5RK19	SNF8_RAT	Snf8	258	Rattus norvegicus	1:Experimental evidence at protein level	Vacuolar-sorting protein SNF8	1.0	0.999	2	4	4	4	1	0	0	1	1	1	1	0	0	1	1	1	1	0	0	1	1	1	7317639.5	1.2519724E7	0.0	0.0	0.0	5738955.5	8643720.0	6576668.5	0.0	0.0	0.0	5429059.0	
sp|Q5RK30|SBDS_RAT	Q5RK30	SBDS_RAT	Sbds	250	Rattus norvegicus	2:Experimental evidence at transcript level	Ribosome maturation protein SBDS	1.0	0.999	3	7	7	7	1	2	1	1	1	1	1	2	1	1	1	1	1	2	1	1	1	1	2.2581884E7	2.2572422E7	2.5096864E7	2.3612028E7	2.3358188E7	2.7902608E7	9630213.0	9231621.0	1.0278322E7	1.0036813E7	1.0323782E7	1.1748458E7	
sp|Q5RKH1|PRP4K_RAT	Q5RKH1	PRP4K_RAT	Prp4k	1007	Rattus norvegicus	1:Experimental evidence at protein level	Serine/threonine-protein kinase PRP4 homolog	1.0	0.999	2	2	2	2	0	0	1	0	0	1	0	0	1	0	0	1	0	0	1	0	0	1	3350126.0	4001122.8	4286304.0	4467254.0	3276766.5	3421745.2	3350126.0	4001122.8	4286304.0	4467254.0	3276766.5	3421745.2	
sp|Q5RKH3|K1143_RAT	Q5RKH3	K1143_RAT		155	Rattus norvegicus	1:Experimental evidence at protein level	Uncharacterized protein KIAA1143 homolog	0.8708	0.9955	1	1	1	1	0	0	1	0	0	0	0	0	1	0	0	0	0	0	1	0	0	0	0.0	0.0	0.0	0.0	0.0	0.0	0.0	0.0	0.0	0.0	0.0	0.0	
sp|Q5RKH6|OS9_RAT	Q5RKH6	OS9_RAT	Os9	666	Rattus norvegicus	1:Experimental evidence at protein level	Protein OS-9	1.0	0.999	5	13	13	13	4	3	5	0	0	1	4	3	5	0	0	1	4	3	5	0	0	1	2.9395942E7	4.118592E7	3.9402608E7	1.1669301E7	2.2570596E7	1.6134904E7	1.0048489E7	1.4005882E7	1.3617226E7	8512095.0	7879046.0	6456100.5	
sp|Q5RKI0|WDR1_RAT	Q5RKI0	WDR1_RAT	Wdr1	606	Rattus norvegicus	1:Experimental evidence at protein level	WD repeat-containing protein 1	1.0	0.999	20	100	100	100	17	11	14	16	21	21	17	11	14	16	21	21	17	11	14	16	21	21	3.51100896E8	3.255784E8	3.44857728E8	4.17033408E8	4.1034336E8	4.26235136E8	4.0083768E7	3.5880104E7	3.8668948E7	4.7620948E7	4.6024616E7	4.8279668E7	
sp|Q5RKI1|IF4A2_RAT	Q5RKI1	IF4A2_RAT	Eif4a2	407	Rattus norvegicus	1:Experimental evidence at protein level	Eukaryotic initiation factor 4A-II	1.0	0.999	15	124	117	124	24	24	23	18	16	19	23	23	22	17	15	17	24	24	23	18	16	19	1.46401946E9	1.38739392E9	1.29508339E9	1.36693222E9	1.12405338E9	1.2220425E9	2.98297888E8	3.02416352E8	2.93101536E8	2.70773952E8	2.58476336E8	2.54399056E8	
sp|Q5RKI6|EIF1A_RAT	Q5RKI6	EIF1A_RAT	Eif1ad	167	Rattus norvegicus	1:Experimental evidence at protein level	Probable RNA-binding protein EIF1AD	0.9685	0.999	1	6	6	6	1	2	1	1	1	0	1	2	1	1	1	0	1	2	1	1	1	0	1484428.6	977516.3	1363301.2	587338.25	3043031.2	1357305.8	1484428.6	977516.3	1363301.2	587338.25	3043031.2	1357305.8	
sp|Q5S6T3|ISPD_RAT	Q5S6T3	ISPD_RAT	Crppa	447	Rattus norvegicus	2:Experimental evidence at transcript level	D-ribitol-5-phosphate cytidylyltransferase	0.8162	0.9931	1	2	2	2	0	0	1	0	0	1	0	0	1	0	0	1	0	0	1	0	0	1	0.0	0.0	0.0	0.0	0.0	0.0	0.0	0.0	0.0	0.0	0.0	0.0	
sp|Q5U1X1|ORN_RAT	Q5U1X1	ORN_RAT	Rexo2	237	Rattus norvegicus	2:Experimental evidence at transcript level	Oligoribonuclease, mitochondrial	1.0	0.999	3	8	8	8	2	3	3	0	0	0	2	3	3	0	0	0	2	3	3	0	0	0	7.3590216E7	7.7325576E7	8.1749528E7	4.5411472E7	5.0679008E7	1.5403254E7	3.9984856E7	4.336604E7	4.6987408E7	2.3676568E7	2.7304746E7	2.8323148E7	
sp|Q5U1Y4|AKCL2_RAT	Q5U1Y4	AKCL2_RAT	Akr1e2	301	Rattus norvegicus	2:Experimental evidence at transcript level	1,5-anhydro-D-fructose reductase	0.8763	0.9957	2	4	4	10	1	1	1	0	0	1	1	1	1	0	0	1	2	2	2	1	1	2	0.0	0.0	0.0	0.0	0.0	0.0	0.0	0.0	0.0	0.0	0.0	0.0	
sp|Q5U1Z2|TPPC3_RAT	Q5U1Z2	TPPC3_RAT	Trappc3	180	Rattus norvegicus	2:Experimental evidence at transcript level	Trafficking protein particle complex subunit 3	0.9997	0.9985	2	8	8	8	1	1	2	1	2	1	1	1	2	1	2	1	1	1	2	1	2	1	2.0137804E7	1.8303982E7	1.9963492E7	1.9094996E7	1.6967654E7	1.8772612E7	1.4703595E7	1.4209195E7	1.5500713E7	1.4031356E7	1.3171952E7	1.3225406E7	
sp|Q5U204|LTOR3_RAT	Q5U204	LTOR3_RAT	Lamtor3	124	Rattus norvegicus	2:Experimental evidence at transcript level	Ragulator complex protein LAMTOR3	0.9685	0.999	1	5	5	5	1	1	0	1	1	1	1	1	0	1	1	1	1	1	0	1	1	1	4859563.5	5745758.5	4013079.2	5986815.0	5387948.0	3986045.2	4859563.5	5745758.5	4013079.2	5986815.0	5387948.0	3986045.2	
sp|Q5U209|RNH2A_RAT	Q5U209	RNH2A_RAT	Rnaseh2a	301	Rattus norvegicus	2:Experimental evidence at transcript level	Ribonuclease H2 subunit A	0.9535	0.9985	1	2	2	2	0	1	0	0	0	1	0	1	0	0	0	1	0	1	0	0	0	1	0.0	5589859.5	0.0	0.0	0.0	8272585.5	0.0	5589859.5	0.0	0.0	0.0	8272585.5	
sp|Q5U211|SNX3_RAT	Q5U211	SNX3_RAT	Snx3	162	Rattus norvegicus	1:Experimental evidence at protein level	Sorting nexin-3	1.0	0.999	5	19	19	19	3	3	5	2	3	3	3	3	5	2	3	3	3	3	5	2	3	3	7.336412E7	7.422824E7	7.1418904E7	6.3821708E7	6.8428992E7	5.4932776E7	2.4417978E7	2.8508884E7	3.0025832E7	2.5410156E7	2.774916E7	2.9189646E7	
sp|Q5U216|DX39A_RAT	Q5U216	DX39A_RAT	Ddx39a	427	Rattus norvegicus	2:Experimental evidence at transcript level	ATP-dependent RNA helicase DDX39A	1.0	0.999	10	10	10	39	1	2	1	3	2	1	1	2	1	3	2	1	10	7	5	6	6	5	1.7705484E7	1.2889292E7	1.551788E7	2.8518632E7	1.9442228E7	2.4298906E7	9685955.0	7422677.0	9852659.0	1.6336271E7	1.2034608E7	1.5896983E7	
sp|Q5U2M6|DCAF8_RAT	Q5U2M6	DCAF8_RAT	Dcaf8	591	Rattus norvegicus	1:Experimental evidence at protein level	DDB1- and CUL4-associated factor 8	1.0	0.999	3	3	3	3	0	0	1	2	0	0	0	0	1	2	0	0	0	0	1	2	0	0	2178590.2	1760572.0	5.460454E7	2183390.8	2397849.0	2152234.8	3621444.0	2926577.5	4107624.2	3629423.8	3985915.2	3577633.8	
sp|Q5U2N0|PYRG2_RAT	Q5U2N0	PYRG2_RAT	Ctps2	586	Rattus norvegicus	1:Experimental evidence at protein level	CTP synthase 2	0.9681	0.999	1	1	1	1	0	0	0	0	1	0	0	0	0	0	1	0	0	0	0	0	1	0	1223695.5	1175474.5	0.0	1764950.1	1693046.4	1432711.9	1223695.5	1175474.5	0.0	1764950.1	1693046.4	1432711.9	
sp|Q5U2Q3|CK054_RAT	Q5U2Q3	CK054_RAT		315	Rattus norvegicus	1:Experimental evidence at protein level	Ester hydrolase C11orf54 homolog	1.0	0.999	8	44	44	44	8	7	4	8	9	8	8	7	4	8	9	8	8	7	4	8	9	8	1.10719776E8	1.25313752E8	1.22686504E8	1.12924784E8	1.29271504E8	1.22833432E8	2.0660934E7	2.325622E7	2.200664E7	2.1045208E7	2.4183528E7	2.1780306E7	
sp|Q5U2Q7|ERF1_RAT	Q5U2Q7	ERF1_RAT	Etf1	437	Rattus norvegicus	2:Experimental evidence at transcript level	Eukaryotic peptide chain release factor subunit 1	1.0	0.999	14	86	86	86	16	16	16	12	14	12	16	16	16	12	14	12	16	16	16	12	14	12	3.49297664E8	3.40309056E8	3.43501344E8	3.33712832E8	3.23371904E8	3.10373312E8	5.8713148E7	5.6185448E7	5.6458028E7	5.1822808E7	5.0428304E7	4.9718428E7	
sp|Q5U2R0|MAT2B_RAT	Q5U2R0	MAT2B_RAT	Mat2b	334	Rattus norvegicus	2:Experimental evidence at transcript level	Methionine adenosyltransferase 2 subunit beta	1.0	0.999	3	12	12	12	2	1	3	1	2	3	2	1	3	1	2	3	2	1	3	1	2	3	1.9791358E7	2.4175608E7	3.3953892E7	2.5099746E7	3.0466408E7	3.3570328E7	1.5111683E7	1.5254568E7	1.6676501E7	2.0178522E7	1.7495234E7	1.8877958E7	
sp|Q5U2R7|MESD_RAT	Q5U2R7	MESD_RAT	Mesd	224	Rattus norvegicus	2:Experimental evidence at transcript level	LRP chaperone MESD	1.0	0.999	5	10	10	10	1	1	2	3	1	2	1	1	2	3	1	2	1	1	2	3	1	2	7.6138264E7	8.9933656E7	1.0267528E8	5.4512192E7	6.2997036E7	6.6067412E7	2.4424732E7	2.9223174E7	3.3208262E7	1.7035032E7	1.9997136E7	2.1396154E7	
sp|Q5U2U0|CLPX_RAT	Q5U2U0	CLPX_RAT	Clpx	633	Rattus norvegicus	2:Experimental evidence at transcript level	ATP-dependent clpX-like chaperone, mitochondrial	1.0	0.999	4	5	5	5	3	1	1	0	0	0	3	1	1	0	0	0	3	1	1	0	0	0	8843077.0	1.2298169E7	9684566.0	5824559.5	2552157.2	6027227.0	4929190.0	5821272.0	4405616.0	2922553.8	2726035.2	4693123.0	
sp|Q5U2U2|CRKL_RAT	Q5U2U2	CRKL_RAT	Crkl	303	Rattus norvegicus	1:Experimental evidence at protein level	Crk-like protein	1.0	0.999	4	15	15	15	3	4	2	2	2	2	3	4	2	2	2	2	3	4	2	2	2	2	1.4957531E7	1.7666284E7	1.6053966E7	1.7006074E7	1.6502658E7	1.7406724E7	8223495.0	8391859.0	8353240.5	8212036.5	8316384.5	8203482.5	
sp|Q5U2U7|MCES_RAT	Q5U2U7	MCES_RAT	Rnmt	461	Rattus norvegicus	1:Experimental evidence at protein level	mRNA cap guanine-N(7) methyltransferase	0.9685	0.999	1	6	6	6	1	1	0	1	2	1	1	1	0	1	2	1	1	1	0	1	2	1	3284503.5	3457373.8	2884495.0	5249846.5	4440994.5	4813334.5	3284503.5	3457373.8	2884495.0	5249846.5	4440994.5	4813334.5	
sp|Q5U2X0|CARF_RAT	Q5U2X0	CARF_RAT	Cdkn2aip	570	Rattus norvegicus	1:Experimental evidence at protein level	CDKN2A-interacting protein	0.9682	0.999	1	3	3	3	0	0	0	1	1	1	0	0	0	1	1	1	0	0	0	1	1	1	0.0	0.0	0.0	2340736.8	1375185.6	1308595.4	0.0	0.0	0.0	2340736.8	1375185.6	1308595.4	
sp|Q5U2X6|CCD47_RAT	Q5U2X6	CCD47_RAT	Ccdc47	483	Rattus norvegicus	2:Experimental evidence at transcript level	PAT complex subunit CCDC47	1.0	0.999	7	22	22	22	4	2	0	6	5	5	4	2	0	6	5	5	4	2	0	6	5	5	4.524442E7	2.7430206E7	2.3495234E7	4.7854704E7	5.1080332E7	5.189414E7	1.390363E7	1.1513672E7	9519073.0	1.4175799E7	1.3502512E7	1.576151E7	
sp|Q5U2Y1|GTF2I_RAT	Q5U2Y1	GTF2I_RAT	Gtf2i	979	Rattus norvegicus	1:Experimental evidence at protein level	General transcription factor II-I	0.9998	0.999	2	5	5	5	1	2	1	1	0	0	1	2	1	1	0	0	1	2	1	1	0	0	0.0	1829149.9	0.0	0.0	0.0	0.0	0.0	0.0	0.0	0.0	0.0	0.0	
sp|Q5U2Z3|NP1L4_RAT	Q5U2Z3	NP1L4_RAT	Nap1l4	386	Rattus norvegicus	1:Experimental evidence at protein level	Nucleosome assembly protein 1-like 4	1.0	0.999	4	23	13	23	2	6	4	4	5	2	1	4	3	2	2	1	2	6	4	4	5	2	1.09830072E8	1.3283376E8	1.38632832E8	9.7460944E7	1.1336736E8	1.14133192E8	3.8463692E7	4.6725976E7	5.0605732E7	3.4727288E7	3.9800764E7	4.1392332E7	
sp|Q5U300|UBA1_RAT	Q5U300	UBA1_RAT	Uba1	1058	Rattus norvegicus	1:Experimental evidence at protein level	Ubiquitin-like modifier-activating enzyme 1	1.0	0.999	37	226	226	226	39	36	34	39	40	38	39	36	34	39	40	38	39	36	34	39	40	38	9.1575123E8	6.9158451E8	7.2203053E8	1.08841805E9	9.6713715E8	1.0099913E9	6.5960156E7	5.011434E7	4.7667772E7	7.591032E7	6.7962328E7	6.8210008E7	
sp|Q5U316|RAB35_RAT	Q5U316	RAB35_RAT	Rab35	201	Rattus norvegicus	1:Experimental evidence at protein level	Ras-related protein Rab-35	0.9685	0.999	3	1	1	13	0	0	1	0	0	0	0	0	1	0	0	0	3	2	3	1	2	2	0.0	0.0	0.0	0.0	0.0	0.0	0.0	0.0	0.0	0.0	0.0	0.0	
sp|Q5U317|FIP1_RAT	Q5U317	FIP1_RAT	Fip1l1	536	Rattus norvegicus	1:Experimental evidence at protein level	Pre-mRNA 3'-end-processing factor FIP1	1.0	0.999	3	9	9	9	2	2	2	1	1	1	2	2	2	1	1	1	2	2	2	1	1	1	1.1197128E7	1.2712072E7	1.3196972E7	9396694.0	1.3484925E7	1.243202E7	4577103.5	5262708.5	5367056.5	3788946.8	6028373.5	5297171.0	
sp|Q5U318|PEA15_RAT	Q5U318	PEA15_RAT	Pea15	130	Rattus norvegicus	1:Experimental evidence at protein level	Astrocytic phosphoprotein PEA-15	0.9685	0.999	1	6	6	6	1	1	1	1	1	1	1	1	1	1	1	1	1	1	1	1	1	1	9454996.0	1.067112E7	8888912.0	1.0547792E7	1.1000133E7	1.0985109E7	9454996.0	1.067112E7	8888912.0	1.0547792E7	1.1000133E7	1.0985109E7	
sp|Q5U3Y7|SGMR2_RAT	Q5U3Y7	SGMR2_RAT	Tmem97	176	Rattus norvegicus	2:Experimental evidence at transcript level	Sigma intracellular receptor 2	0.9106	0.997	1	1	1	1	1	0	0	0	0	0	1	0	0	0	0	0	1	0	0	0	0	0	0.0	0.0	0.0	0.0	0.0	0.0	0.0	0.0	0.0	0.0	0.0	0.0	
sp|Q5U3Z3|ISOC2_RAT	Q5U3Z3	ISOC2_RAT	Isoc2	210	Rattus norvegicus	2:Experimental evidence at transcript level	Isochorismatase domain-containing protein 2	1.0	0.999	2	15	15	15	3	3	3	2	2	2	3	3	3	2	2	2	3	3	3	2	2	2	3.6686944E7	4.0967036E7	3.9575464E7	1.9791274E7	1.848412E7	2.436489E7	1.6915922E7	1.8569344E7	1.8264528E7	9060471.0	8576134.0	1.1478325E7	
sp|Q5U4E6|GOGA4_RAT	Q5U4E6	GOGA4_RAT	Golga4	2259	Rattus norvegicus	1:Experimental evidence at protein level	Golgin subfamily A member 4	1.0	0.999	6	9	9	9	1	1	0	3	3	1	1	1	0	3	3	1	1	1	0	3	3	1	7377121.0	6858871.5	9563921.0	9186371.0	8105579.5	9328877.0	7377121.0	6858871.5	9563921.0	9186371.0	8105579.5	9328877.0	
sp|Q5U4F3|F107B_RAT	Q5U4F3	F107B_RAT	Fam107b	131	Rattus norvegicus	2:Experimental evidence at transcript level	Protein FAM107B	1.0	0.999	2	5	5	5	2	0	1	1	1	0	2	0	1	1	1	0	2	0	1	1	1	0	2.3201108E7	2.831868E7	3.2883262E7	1.1367354E7	1.0006838E7	5487089.5	1.2860033E7	1.5738626E7	1.8064756E7	6224694.5	5198032.5	7044126.5	
sp|Q5XFW8|SEC13_RAT	Q5XFW8	SEC13_RAT	Sec13	322	Rattus norvegicus	1:Experimental evidence at protein level	Protein SEC13 homolog	1.0	0.999	10	89	89	89	15	18	17	12	14	13	15	18	17	12	14	13	15	18	17	12	14	13	4.18529344E8	3.57622432E8	3.98428192E8	4.29518784E8	4.230456E8	4.27004512E8	1.31234584E8	1.15078392E8	1.18019472E8	1.34169008E8	1.23873136E8	1.25945536E8	
sp|Q5XFX0|TAGL2_RAT	Q5XFX0	TAGL2_RAT	Tagln2	199	Rattus norvegicus	1:Experimental evidence at protein level	Transgelin-2	1.0	0.999	13	131	110	131	25	23	22	20	23	18	21	20	19	16	19	15	25	23	22	20	23	18	1.11740467E9	1.09989504E9	1.11186355E9	1.4506473E9	1.49281254E9	1.47800486E9	1.39867808E8	1.41003744E8	1.46032352E8	1.75801376E8	1.809424E8	1.85892656E8	
sp|Q5XHY5|SYTC_RAT	Q5XHY5	SYTC_RAT	Tars1	695	Rattus norvegicus	1:Experimental evidence at protein level	Threonine--tRNA ligase 1, cytoplasmic	1.0	0.999	23	95	95	95	17	15	15	16	18	14	17	15	15	16	18	14	17	15	15	16	18	14	2.96502624E8	2.28808592E8	1.9651912E8	2.71943008E8	2.5890536E8	2.43248976E8	2.9909682E7	2.190924E7	2.219082E7	2.699866E7	2.469119E7	2.604717E7	
sp|Q5XHY7|STAM2_RAT	Q5XHY7	STAM2_RAT	Stam2	523	Rattus norvegicus	2:Experimental evidence at transcript level	Signal transducing adapter molecule 2	0.9584	0.9987	1	5	5	5	1	0	1	1	0	2	1	0	1	1	0	2	1	0	1	1	0	2	0.0	0.0	0.0	1083326.8	0.0	0.0	0.0	0.0	0.0	0.0	0.0	0.0	
sp|Q5XHZ0|TRAP1_RAT	Q5XHZ0	TRAP1_RAT	Trap1	706	Rattus norvegicus	1:Experimental evidence at protein level	Heat shock protein 75 kDa, mitochondrial	1.0	0.999	9	18	18	26	5	6	3	2	1	1	5	6	3	2	1	1	6	9	4	3	2	2	6.7356584E7	6.2392356E7	5.5103256E7	2.7782348E7	4.2862208E7	3.676282E7	1.2288878E7	1.1679167E7	1.1237311E7	8375882.5	8747655.0	9029098.0	
sp|Q5XI01|LARP7_RAT	Q5XI01	LARP7_RAT	Larp7	571	Rattus norvegicus	1:Experimental evidence at protein level	La-related protein 7	1.0	0.999	3	4	4	4	1	0	0	1	1	1	1	0	0	1	1	1	1	0	0	1	1	1	453693.4	1823166.0	0.0	1446610.1	1322125.9	0.0	453693.4	1823166.0	0.0	1446610.1	1322125.9	0.0	
sp|Q5XI07|LPP_RAT	Q5XI07	LPP_RAT	Lpp	632	Rattus norvegicus	1:Experimental evidence at protein level	Lipoma-preferred partner homolog	1.0	0.999	10	27	27	27	5	4	3	5	4	6	5	4	3	5	4	6	5	4	3	5	4	6	4.5701516E7	4.2677572E7	5.6095988E7	6.31264E7	5.428644E7	1.52148448E8	1.6829456E7	1.5515587E7	1.5738484E7	2.2360954E7	2.131592E7	2.2321824E7	
sp|Q5XI13|GRWD1_RAT	Q5XI13	GRWD1_RAT	Grwd1	445	Rattus norvegicus	2:Experimental evidence at transcript level	Glutamate-rich WD repeat-containing protein 1	0.9999	0.999	2	4	4	4	1	1	0	0	1	1	1	1	0	0	1	1	1	1	0	0	1	1	1.0321027E7	1.0772388E7	9675352.0	1.0866812E7	1.1056664E7	9835662.0	5888052.0	6250280.5	5646640.0	6120409.5	6310994.5	5715066.5	
sp|Q5XI22|THIC_RAT	Q5XI22	THIC_RAT	Acat2	397	Rattus norvegicus	1:Experimental evidence at protein level	Acetyl-CoA acetyltransferase, cytosolic	1.0	0.999	4	11	11	11	2	2	2	1	1	3	2	2	2	1	1	3	2	2	2	1	1	3	1.3535154E7	2.44569E7	2.1612024E7	2.6547008E7	2.7179564E7	2.6276196E7	1.0241754E7	1.0069681E7	9088122.0	1.0519161E7	1.2022374E7	1.174111E7	
sp|Q5XI28|RAVR1_RAT	Q5XI28	RAVR1_RAT	Raver1	748	Rattus norvegicus	1:Experimental evidence at protein level	Ribonucleoprotein PTB-binding 1	1.0	0.999	2	2	2	2	2	0	0	0	0	0	2	0	0	0	0	0	2	0	0	0	0	0	6348915.5	0.0	1.0342382E7	8852334.0	1.0547324E7	3544941.2	3788182.2	0.0	5786363.0	4531877.5	6253237.5	4355776.0	
sp|Q5XI32|CAPZB_RAT	Q5XI32	CAPZB_RAT	Capzb	272	Rattus norvegicus	1:Experimental evidence at protein level	F-actin-capping protein subunit beta	1.0	0.999	8	43	43	43	8	7	8	6	7	7	8	7	8	6	7	7	8	7	8	6	7	7	1.64344464E8	1.52335776E8	1.3989232E8	1.7844616E8	1.55591952E8	1.73897296E8	3.9529008E7	3.6943496E7	3.495542E7	4.2856424E7	3.9504796E7	4.1777736E7	
sp|Q5XI41|TRAM1_RAT	Q5XI41	TRAM1_RAT	Tram1	374	Rattus norvegicus	1:Experimental evidence at protein level	Translocating chain-associated membrane protein 1	1.0	0.999	1	4	4	4	1	0	0	1	0	2	1	0	0	1	0	2	1	0	0	1	0	2	2.3324224E7	1.0684685E7	5847894.0	4.6171536E7	2.7332796E7	3.4657912E7	1.3010983E7	5939625.0	3263888.2	2.5151284E7	1.5219597E7	1.94204E7	
sp|Q5XI72|IF4H_RAT	Q5XI72	IF4H_RAT	Eif4h	248	Rattus norvegicus	1:Experimental evidence at protein level	Eukaryotic translation initiation factor 4H	1.0	0.999	6	44	44	44	9	8	9	6	6	6	9	8	9	6	6	6	9	8	9	6	6	6	2.05259248E8	2.67879664E8	2.6918E8	1.37209824E8	1.56647312E8	1.71172144E8	4.7921676E7	6.4307944E7	6.7773856E7	4.3886124E7	4.7500432E7	5.1984984E7	
sp|Q5XI73|GDIR1_RAT	Q5XI73	GDIR1_RAT	Arhgdia	204	Rattus norvegicus	1:Experimental evidence at protein level	Rho GDP-dissociation inhibitor 1	1.0	0.999	6	51	51	51	7	8	10	10	8	8	7	8	10	10	8	8	7	8	10	10	8	8	4.75620992E8	5.15885248E8	5.6424986E8	4.96339104E8	5.1641936E8	5.14262336E8	1.5247368E8	1.60757872E8	1.67725056E8	1.579108E8	1.64637792E8	1.67163232E8	
sp|Q5XI78|ODO1_RAT	Q5XI78	ODO1_RAT	Ogdh	1023	Rattus norvegicus	1:Experimental evidence at protein level	2-oxoglutarate dehydrogenase complex component E1	1.0	0.999	19	61	48	61	17	12	8	8	9	7	14	10	6	6	7	5	17	12	8	8	9	7	2.03146928E8	1.77618256E8	1.23399288E8	1.58655664E8	1.05350304E8	1.5077072E8	4.0249664E7	3.037767E7	2.7823356E7	3.5809164E7	3.1842268E7	3.43605E7	
sp|Q5XI79|NDUF7_RAT	Q5XI79	NDUF7_RAT	Ndufaf7	436	Rattus norvegicus	2:Experimental evidence at transcript level	Protein arginine methyltransferase NDUFAF7, mitochondrial	0.9656	0.9989	1	4	4	4	0	1	1	0	1	1	0	1	1	0	1	1	0	1	1	0	1	1	1.1483171E7	8821746.0	9746297.0	9501855.0	1.0036597E7	8176192.0	1.1483171E7	8821746.0	9746297.0	9501855.0	1.0036597E7	8176192.0	
sp|Q5XI81|FXR1_RAT	Q5XI81	FXR1_RAT	Fxr1	568	Rattus norvegicus	1:Experimental evidence at protein level	RNA-binding protein FXR1	0.9981	0.999	2	2	2	2	0	1	0	0	1	0	0	1	0	0	1	0	0	1	0	0	1	0	0.0	2410337.8	8031560.0	3588872.5	1.1941222E7	1.305739E7	0.0	4922614.5	4846208.0	7329526.5	5742517.5	4575297.5	
sp|Q5XI97|AASD1_RAT	Q5XI97	AASD1_RAT	Aarsd1	412	Rattus norvegicus	1:Experimental evidence at protein level	Alanyl-tRNA editing protein Aarsd1	1.0	0.999	5	14	14	14	3	3	3	2	1	2	3	3	3	2	1	2	3	3	3	2	1	2	7.5708408E7	9.0615984E7	9.2125976E7	5.2619444E7	5.5492788E7	5.6161212E7	4.6089616E7	4.730932E7	4.9607052E7	3.2578074E7	3.4770768E7	3.4415988E7	
sp|Q5XIA1|NCLN_RAT	Q5XIA1	NCLN_RAT	Ncln	563	Rattus norvegicus	2:Experimental evidence at transcript level	BOS complex subunit NCLN	1.0	0.999	7	17	17	17	4	2	2	3	3	3	4	2	2	3	3	3	4	2	2	3	3	3	1.6311448E8	1.52184256E8	1.6710072E8	1.4914584E8	1.756284E8	1.86782608E8	9.3809224E7	5.7377536E7	6.1301836E7	1.76057744E8	1.411804E8	1.54009088E8	
sp|Q5XIA8|GHITM_RAT	Q5XIA8	GHITM_RAT	Ghitm	346	Rattus norvegicus	2:Experimental evidence at transcript level	Growth hormone-inducible transmembrane protein	0.6546	0.984	1	1	1	1	0	0	0	0	0	1	0	0	0	0	0	1	0	0	0	0	0	1	0.0	0.0	0.0	0.0	0.0	0.0	0.0	0.0	0.0	0.0	0.0	0.0	
sp|Q5XIB1|TSSC4_RAT	Q5XIB1	TSSC4_RAT	Tssc4	317	Rattus norvegicus	2:Experimental evidence at transcript level	U5 small nuclear ribonucleoprotein TSSC4	0.9685	0.999	1	1	1	1	0	0	0	0	0	1	0	0	0	0	0	1	0	0	0	0	0	1	1704596.8	3121980.5	1545317.5	2889626.0	2319641.5	3119526.2	1704596.8	3121980.5	1545317.5	2889626.0	2319641.5	3119526.2	
sp|Q5XIB4|UFSP2_RAT	Q5XIB4	UFSP2_RAT	Ufsp2	461	Rattus norvegicus	2:Experimental evidence at transcript level	Ufm1-specific protease 2	1.0	0.999	4	10	10	10	2	1	1	2	3	1	2	1	1	2	3	1	2	1	1	2	3	1	1.7534346E7	1.2333276E7	9236956.0	1.69323E7	1.5151354E7	1.6603126E7	5665573.5	4084735.0	3479420.2	5794463.5	5041463.5	5737930.5	
sp|Q5XIC0|ECI2_RAT	Q5XIC0	ECI2_RAT	Eci2	391	Rattus norvegicus	1:Experimental evidence at protein level	Enoyl-CoA delta isomerase 2	1.0	0.999	6	16	16	16	3	2	3	2	2	4	3	2	3	2	2	4	3	2	3	2	2	4	3.0635598E7	2.734868E7	2.6701244E7	2.5965666E7	1.9352618E7	3.105296E7	8115838.5	7238361.5	7239181.0	7542393.0	6862244.0	6580126.5	
sp|Q5XIC1|GMPPA_RAT	Q5XIC1	GMPPA_RAT	Gmppa	420	Rattus norvegicus	2:Experimental evidence at transcript level	Mannose-1-phosphate guanylyltransferase regulatory subunit alpha	1.0	0.999	9	40	40	40	9	11	7	4	5	4	9	11	7	4	5	4	9	11	7	4	5	4	1.22973408E8	1.16946832E8	9.9567032E7	8.86244E7	9.4254664E7	9.3084016E7	2.154653E7	2.0698986E7	1.8720582E7	1.7907532E7	1.6595451E7	1.687216E7	
sp|Q5XIC8|ALKB3_RAT	Q5XIC8	ALKB3_RAT	Alkbh3	295	Rattus norvegicus	2:Experimental evidence at transcript level	Alpha-ketoglutarate-dependent dioxygenase alkB homolog 3	1.0	0.999	5	10	10	10	1	4	2	0	3	0	1	4	2	0	3	0	1	4	2	0	3	0	1.4574547E7	6.7240144E7	6.6870288E7	1.4500343E7	4.9127424E7	1.1880275E7	1.2617942E7	1.5575063E7	1.7410866E7	1.310504E7	1.5296571E7	1.3543357E7	
sp|Q5XID0|YIPF5_RAT	Q5XID0	YIPF5_RAT	Yipf5	257	Rattus norvegicus	2:Experimental evidence at transcript level	Protein YIPF5	0.9292	0.9977	1	2	2	2	0	0	0	1	1	0	0	0	0	1	1	0	0	0	0	1	1	0	0.0	0.0	0.0	0.0	0.0	0.0	0.0	0.0	0.0	0.0	0.0	0.0	
sp|Q5XIE0|AN32E_RAT	Q5XIE0	AN32E_RAT	Anp32e	258	Rattus norvegicus	2:Experimental evidence at transcript level	Acidic leucine-rich nuclear phosphoprotein 32 family member E	1.0	0.999	2	9	9	9	2	1	2	1	2	1	2	1	2	1	2	1	2	1	2	1	2	1	1.5784606E7	1.9449462E7	2.1256348E7	2.2135262E7	2.0548324E7	1.7975232E7	1.0758348E7	1.2994658E7	1.3478645E7	1.5505007E7	1.3668104E7	1.2536928E7	
sp|Q5XIE6|HIBCH_RAT	Q5XIE6	HIBCH_RAT	Hibch	385	Rattus norvegicus	1:Experimental evidence at protein level	3-hydroxyisobutyryl-CoA hydrolase, mitochondrial	1.0	0.999	9	29	29	29	6	9	5	3	3	3	6	9	5	3	3	3	6	9	5	3	3	3	7.1964976E7	6.9995592E7	6.6503964E7	3.62599E7	8.8099216E7	3.0388194E7	1.6722232E7	1.7010234E7	1.6373558E7	1.1021455E7	1.0609511E7	9026712.0	
sp|Q5XIF3|NDUS4_RAT	Q5XIF3	NDUS4_RAT	Ndufs4	175	Rattus norvegicus	1:Experimental evidence at protein level	NADH dehydrogenase [ubiquinone] iron-sulfur protein 4, mitochondrial	0.9999	0.999	2	3	3	3	1	1	1	0	0	0	1	1	1	0	0	0	1	1	1	0	0	0	1.7576038E7	2.5648152E7	2.8913892E7	8944941.0	1.0437056E7	2848846.0	1.0515456E7	1.7657426E7	1.759854E7	7305512.5	7591502.0	9600054.0	
sp|Q5XIF6|TBA4A_RAT	Q5XIF6	TBA4A_RAT	Tuba4a	448	Rattus norvegicus	1:Experimental evidence at protein level	Tubulin alpha-4A chain	1.0	0.999	21	66	44	290	11	10	13	9	11	12	7	7	9	6	7	8	47	44	48	48	54	49	6.9077651E8	5.7440474E8	5.8851174E8	9.5014739E8	8.6254438E8	7.7576986E8	1.52075472E8	1.29709936E8	1.33748112E8	1.94621664E8	1.77309744E8	1.7094816E8	
sp|Q5XIG6|GALK2_RAT	Q5XIG6	GALK2_RAT	Galk2	458	Rattus norvegicus	2:Experimental evidence at transcript level	N-acetylgalactosamine kinase	1.0	0.999	2	8	8	8	1	1	1	1	2	2	1	1	1	1	2	2	1	1	1	1	2	2	7339314.5	3519149.0	3809649.2	1.0440533E7	8963104.0	9245448.0	4704517.5	3519149.0	3809649.2	6681664.0	5752828.5	5906914.5	
sp|Q5XIG8|STRAP_RAT	Q5XIG8	STRAP_RAT	Strap	350	Rattus norvegicus	1:Experimental evidence at protein level	Serine-threonine kinase receptor-associated protein	1.0	0.999	10	56	56	56	12	9	7	9	8	11	12	9	7	9	8	11	12	9	7	9	8	11	1.60625584E8	1.72007408E8	1.80892016E8	1.41322048E8	1.47354848E8	1.51165744E8	2.9777172E7	3.2190078E7	3.25934E7	2.7065382E7	2.9128178E7	3.0797378E7	
sp|Q5XIH7|PHB2_RAT	Q5XIH7	PHB2_RAT	Phb2	299	Rattus norvegicus	1:Experimental evidence at protein level	Prohibitin-2	1.0	0.999	5	18	18	18	4	4	5	3	1	1	4	4	5	3	1	1	4	4	5	3	1	1	4.4314568E7	5.0761024E7	4.5654196E7	2.7486374E7	2.7441072E7	2.3679612E7	1.5945085E7	1.8742948E7	1.7478682E7	1.1363789E7	1.0188952E7	8790596.0	
sp|Q5XIJ6|BABA1_RAT	Q5XIJ6	BABA1_RAT	Babam1	334	Rattus norvegicus	1:Experimental evidence at protein level	BRISC and BRCA1-A complex member 1	0.9648	0.9989	1	1	1	1	0	0	0	0	0	1	0	0	0	0	0	1	0	0	0	0	0	1	0.0	0.0	0.0	0.0	0.0	1.443783E7	0.0	0.0	0.0	0.0	0.0	0.0	
sp|Q5XIM5|CDV3_RAT	Q5XIM5	CDV3_RAT	Cdv3	236	Rattus norvegicus	1:Experimental evidence at protein level	Protein CDV3 homolog	1.0	0.999	8	35	35	35	9	7	8	3	4	4	9	7	8	3	4	4	9	7	8	3	4	4	1.57917344E8	1.6924744E8	2.00199632E8	1.24036016E8	1.65959056E8	1.07839888E8	6.1627844E7	7.0535192E7	8.2165744E7	3.3579428E7	4.7026136E7	4.250394E7	
sp|Q5XIM7|SYK_RAT	Q5XIM7	SYK_RAT	Kars1	626	Rattus norvegicus	1:Experimental evidence at protein level	Lysine--tRNA ligase	1.0	0.999	21	87	87	87	19	13	14	16	14	11	19	13	14	16	14	11	19	13	14	16	14	11	4.90559136E8	3.99411872E8	3.93647424E8	5.4571482E8	4.98953312E8	4.76160928E8	1.2767464E8	1.14700512E8	1.107516E8	1.194386E8	1.08989224E8	1.20200016E8	
sp|Q5XIM9|TCPB_RAT	Q5XIM9	TCPB_RAT	Cct2	535	Rattus norvegicus	1:Experimental evidence at protein level	T-complex protein 1 subunit beta	1.0	0.999	27	148	148	148	27	24	25	23	25	24	27	24	25	23	25	24	27	24	25	23	25	24	6.5555808E8	6.3963014E8	6.3837926E8	6.4488346E8	6.4496154E8	6.0299648E8	5.8628208E7	5.7809508E7	5.7003524E7	5.720844E7	5.5389508E7	5.5507356E7	
sp|Q5XIN6|LETM1_RAT	Q5XIN6	LETM1_RAT	Letm1	739	Rattus norvegicus	1:Experimental evidence at protein level	Mitochondrial proton/calcium exchanger protein	0.9683	0.999	2	4	4	4	1	1	0	1	0	1	1	1	0	1	0	1	1	1	0	1	0	1	2608707.8	8975954.0	7063275.5	8822880.0	1.0729986E7	4981817.0	2608707.8	8975954.0	7063275.5	6465734.5	1.0729986E7	4981817.0	
sp|Q5XIP1|PELO_RAT	Q5XIP1	PELO_RAT	Pelo	385	Rattus norvegicus	1:Experimental evidence at protein level	Protein pelota homolog	1.0	0.999	8	28	28	28	5	4	4	5	5	5	5	4	4	5	5	5	5	4	4	5	5	5	6.0290876E7	6.1379388E7	5.2570704E7	5.9031944E7	5.5539932E7	5.2816892E7	1.179604E7	1.1967053E7	1.1776795E7	1.187529E7	1.0728948E7	1.0134212E7	
sp|Q5XIP6|FEN1_RAT	Q5XIP6	FEN1_RAT	Fen1	380	Rattus norvegicus	2:Experimental evidence at transcript level	Flap endonuclease 1	1.0	0.999	3	7	7	7	0	2	0	2	1	2	0	2	0	2	1	2	0	2	0	2	1	2	1.5487251E7	1.5072723E7	1.5009374E7	2.4278692E7	2.250344E7	2.0271564E7	7775048.5	8238994.0	8239248.0	1.3769749E7	1.2706887E7	1.1105668E7	
sp|Q5XIP9|TMM43_RAT	Q5XIP9	TMM43_RAT	Tmem43	400	Rattus norvegicus	2:Experimental evidence at transcript level	Transmembrane protein 43	0.9685	0.999	1	3	3	3	1	0	0	1	0	1	1	0	0	1	0	1	1	0	0	1	0	1	1406040.4	0.0	0.0	3245023.5	0.0	2095994.0	1406040.4	0.0	0.0	3245023.5	0.0	2095994.0	
sp|Q5XIT9|MCCB_RAT	Q5XIT9	MCCB_RAT	Mccc2	563	Rattus norvegicus	2:Experimental evidence at transcript level	Methylcrotonoyl-CoA carboxylase beta chain, mitochondrial	1.0	0.999	25	182	182	182	39	38	33	25	24	23	39	38	33	25	24	23	39	38	33	25	24	23	1.34309478E9	1.25348339E9	1.18793741E9	6.2380454E8	6.1861024E8	5.8790234E8	9.4675712E7	9.0880816E7	8.623244E7	4.763394E7	4.7362728E7	4.5149508E7	
sp|Q5XIU1|ABTB1_RAT	Q5XIU1	ABTB1_RAT	Abtb1	478	Rattus norvegicus	2:Experimental evidence at transcript level	Ankyrin repeat and BTB/POZ domain-containing protein 1	0.5993	0.9798	1	1	1	1	0	0	0	1	0	0	0	0	0	1	0	0	0	0	0	1	0	0	0.0	0.0	0.0	0.0	0.0	0.0	0.0	0.0	0.0	0.0	0.0	0.0	
sp|Q5XIU5|PSMF1_RAT	Q5XIU5	PSMF1_RAT	Psmf1	271	Rattus norvegicus	1:Experimental evidence at protein level	Proteasome inhibitor PI31 subunit	1.0	0.999	3	10	10	10	1	1	1	2	3	2	1	1	1	2	3	2	1	1	1	2	3	2	1.5596918E7	1.696927E7	1.5442378E7	1.544326E7	1.739286E7	1.6178403E7	8358081.0	9056310.0	8842969.0	8448407.0	9793053.0	9131017.0	
sp|Q5XIU9|PGRC2_RAT	Q5XIU9	PGRC2_RAT	Pgrmc2	217	Rattus norvegicus	1:Experimental evidence at protein level	Membrane-associated progesterone receptor component 2	1.0	0.999	4	6	6	12	0	0	0	2	1	3	0	0	0	2	1	3	1	2	1	3	1	4	6574325.0	1.1970566E7	1.07802E7	1.1927095E7	1.752769E7	1.8953604E7	3848659.8	4393190.0	3861686.0	6558982.0	6407582.0	7112627.5	
sp|Q5XIW8|SNUT1_RAT	Q5XIW8	SNUT1_RAT	Sart1	806	Rattus norvegicus	1:Experimental evidence at protein level	U4/U6.U5 tri-snRNP-associated protein 1	1.0	0.999	7	17	17	17	2	3	4	3	3	2	2	3	4	3	3	2	2	3	4	3	3	2	1.812953E7	1.4708356E7	1.6649153E7	2.2097644E7	2.3392984E7	2.2031612E7	5700414.5	5449935.0	6784435.5	6832752.0	6434061.0	6674384.5	
sp|Q60587|ECHB_RAT	Q60587	ECHB_RAT	Hadhb	475	Rattus norvegicus	1:Experimental evidence at protein level	Trifunctional enzyme subunit beta, mitochondrial	1.0	0.999	15	77	77	77	15	16	13	12	10	11	15	16	13	12	10	11	15	16	13	12	10	11	3.96324672E8	4.02976096E8	3.90038464E8	2.97114336E8	2.99847872E8	3.08220256E8	4.5768412E7	4.5965216E7	4.4334908E7	3.46452E7	3.383234E7	3.4671184E7	
sp|Q62609|NOE1_RAT	Q62609	NOE1_RAT	Olfm1	485	Rattus norvegicus	1:Experimental evidence at protein level	Noelin	0.6339	0.9825	1	1	1	1	0	0	0	0	0	1	0	0	0	0	0	1	0	0	0	0	0	1	0.0	0.0	0.0	0.0	0.0	4.8578764E7	0.0	0.0	0.0	0.0	0.0	0.0	
sp|Q62622|4EBP1_RAT	Q62622	4EBP1_RAT	Eif4ebp1	117	Rattus norvegicus	1:Experimental evidence at protein level	Eukaryotic translation initiation factor 4E-binding protein 1	1.0	0.999	4	23	23	23	5	3	6	3	3	3	5	3	6	3	3	3	5	3	6	3	3	3	4.3376696E7	4.4463092E7	5.2959992E7	2.7574468E7	3.9474944E7	3.4140784E7	1.4171948E7	1.54104E7	1.6359973E7	1.1131376E7	1.2807422E7	1.3288347E7	
sp|Q62625|MLP3B_RAT	Q62625	MLP3B_RAT	Map1lc3b	142	Rattus norvegicus	1:Experimental evidence at protein level	Microtubule-associated protein 1 light chain 3 beta	0.9685	0.999	1	5	5	5	0	1	1	1	1	1	0	1	1	1	1	1	0	1	1	1	1	1	6091026.0	6962851.0	7100364.5	4800840.5	5954675.0	5704806.5	6091026.0	6962851.0	7100364.5	4800840.5	5954675.0	5704806.5	
sp|Q62627|PAWR_RAT	Q62627	PAWR_RAT	Pawr	332	Rattus norvegicus	1:Experimental evidence at protein level	PRKC apoptosis WT1 regulator protein	1.0	0.999	3	4	4	4	0	1	1	1	0	1	0	1	1	1	0	1	0	1	1	1	0	1	3917464.0	9556358.0	9097434.0	6375599.5	7776214.0	5443794.0	3343798.8	4314025.0	3277826.5	5364601.0	3349346.8	4469909.0	
sp|Q62636|RAP1B_RAT	Q62636	RAP1B_RAT	Rap1b	184	Rattus norvegicus	1:Experimental evidence at protein level	Ras-related protein Rap-1b	1.0	0.999	7	30	4	32	7	6	5	4	4	4	1	1	1	1	0	0	8	7	5	4	4	4	1.41621984E8	1.48781792E8	1.44098736E8	1.92759104E8	1.65952496E8	1.9168272E8	4.9967048E7	5.00039E7	4.7092448E7	6.3109744E7	5.7912808E7	6.0896304E7	
sp|Q62638|GSLG1_RAT	Q62638	GSLG1_RAT	Glg1	1171	Rattus norvegicus	1:Experimental evidence at protein level	Golgi apparatus protein 1	1.0	0.999	8	18	18	18	3	0	1	5	3	6	3	0	1	5	3	6	3	0	1	5	3	6	1.346695E7	4977518.0	6862602.0	3.1626792E7	2.4836408E7	2.5614456E7	3707019.5	4224107.0	3193191.8	9348851.0	7648478.5	9014436.0	
sp|Q62639|RHEB_RAT	Q62639	RHEB_RAT	Rheb	184	Rattus norvegicus	1:Experimental evidence at protein level	GTP-binding protein Rheb	1.0	0.999	2	4	4	4	3	0	1	0	0	0	3	0	1	0	0	0	3	0	1	0	0	0	3.0478602E7	2.723792E7	1.6552148E7	7040727.5	7390781.0	1.4771142E7	1.9876646E7	1.6064494E7	3530487.5	1.2002991E7	1.259976E7	9421165.0	
sp|Q62651|ECH1_RAT	Q62651	ECH1_RAT	Ech1	327	Rattus norvegicus	1:Experimental evidence at protein level	Delta(3,5)-Delta(2,4)-dienoyl-CoA isomerase, mitochondrial	1.0	0.999	6	14	14	14	1	1	0	4	3	5	1	1	0	4	3	5	1	1	0	4	3	5	4.5205864E7	4.6109344E7	5.3328376E7	1.06099904E8	1.12388224E8	1.074898E8	9966223.0	1.0125948E7	1.2019405E7	2.4287278E7	2.5514418E7	2.5132896E7	
sp|Q62658|FKB1A_RAT	Q62658	FKB1A_RAT	Fkbp1a	108	Rattus norvegicus	1:Experimental evidence at protein level	Peptidyl-prolyl cis-trans isomerase FKBP1A	1.0	0.999	4	43	43	43	9	6	8	8	5	7	9	6	8	8	5	7	9	6	8	8	5	7	2.44319104E8	3.11276096E8	3.22904608E8	2.38111616E8	2.64395712E8	2.54188736E8	1.28305728E8	1.63401648E8	1.73160448E8	1.26274672E8	1.39837056E8	1.32916624E8	
sp|Q62667|MVP_RAT	Q62667	MVP_RAT	Mvp	861	Rattus norvegicus	1:Experimental evidence at protein level	Major vault protein	1.0	0.999	26	121	121	121	21	19	19	18	20	24	21	19	19	18	20	24	21	19	19	18	20	24	2.8608752E8	2.39489488E8	2.69862848E8	3.33191392E8	3.08806816E8	3.24095488E8	2.4583432E7	2.227152E7	2.290467E7	2.936433E7	2.8416174E7	2.8281886E7	
sp|Q62696|DLG1_RAT	Q62696	DLG1_RAT	Dlg1	911	Rattus norvegicus	1:Experimental evidence at protein level	Disks large homolog 1	1.0	0.999	11	31	26	31	5	6	4	4	6	6	5	6	4	2	4	5	5	6	4	4	6	6	4.967314E7	4.8856536E7	5.0893872E7	5.298718E7	8.676316E7	6.038332E7	1.2096358E7	1.0528862E7	1.0895649E7	1.2820949E7	1.5267825E7	1.2678747E7	
sp|Q62698|DC1L2_RAT	Q62698	DC1L2_RAT	Dync1li2	497	Rattus norvegicus	1:Experimental evidence at protein level	Cytoplasmic dynein 1 light intermediate chain 2	1.0	0.999	3	14	14	14	3	3	3	2	2	1	3	3	3	2	2	1	3	3	3	2	2	1	2.4009038E7	2.0912874E7	2.3151696E7	2.1832436E7	2.5397356E7	2.2046402E7	1.0116506E7	8990534.0	9823384.0	9594402.0	1.1250812E7	9838404.0	
sp|Q62703|RCN2_RAT	Q62703	RCN2_RAT	Rcn2	320	Rattus norvegicus	1:Experimental evidence at protein level	Reticulocalbin-2	1.0	0.999	7	34	34	34	8	6	7	4	5	4	8	6	7	4	5	4	8	6	7	4	5	4	6.4842772E7	7.8850704E7	8.4510368E7	3.4741964E7	5.247548E7	5.289212E7	1.4812581E7	1.7613612E7	1.9723948E7	1.1583446E7	1.3571936E7	1.2177146E7	
sp|Q62714|DEF4_RAT	Q62714	DEF4_RAT	Np4	93	Rattus norvegicus	1:Experimental evidence at protein level	Defensin alpha 4	0.9682	0.999	1	2	2	2	0	0	0	1	0	1	0	0	0	1	0	1	0	0	0	1	0	1	0.0	0.0	0.0	3.1463196E7	2.9150558E7	2.6516876E7	0.0	0.0	0.0	3.1463196E7	2.9150558E7	2.6516876E7	
sp|Q62715|DEF2_RAT	Q62715	DEF2_RAT	Defa	94	Rattus norvegicus	1:Experimental evidence at protein level	Neutrophil antibiotic peptide NP-2	0.878	0.9957	1	1	0	1	0	0	0	0	1	0	0	0	0	0	0	0	0	0	0	0	1	0	1016322.1	0.0	0.0	9969051.0	1.0450985E7	1.2012796E7	1016322.1	0.0	0.0	9969051.0	1.0450985E7	1.2012796E7	sp|Q62716|DEF1_RAT
sp|Q62717|CAPS1_RAT	Q62717	CAPS1_RAT	Cadps	1289	Rattus norvegicus	1:Experimental evidence at protein level	Calcium-dependent secretion activator 1	0.9969	0.9984	2	2	2	2	0	0	0	1	0	1	0	0	0	1	0	1	0	0	0	1	0	1	2650462.0	0.0	0.0	1648870.6	1296934.6	1866554.8	2650462.0	0.0	0.0	1648870.6	1296934.6	1866554.8	
sp|Q62733|LAP2_RAT	Q62733	LAP2_RAT	Tmpo	452	Rattus norvegicus	1:Experimental evidence at protein level	Lamina-associated polypeptide 2, isoform beta	1.0	0.999	9	51	51	51	7	9	7	9	9	10	7	9	7	9	9	10	7	9	7	9	9	10	7.6180168E7	8.3475416E7	7.1955704E7	1.0960556E8	1.05594912E8	1.13847192E8	1.6091264E7	1.6852538E7	1.5306816E7	2.4615174E7	2.384675E7	2.6011666E7	
sp|Q62736|CALD1_RAT	Q62736	CALD1_RAT	Cald1	531	Rattus norvegicus	1:Experimental evidence at protein level	Non-muscle caldesmon	1.0	0.999	7	28	28	28	4	3	5	7	4	5	4	3	5	7	4	5	4	3	5	7	4	5	4.1094884E7	4.3833408E7	4.0482116E7	4.451016E7	4.6199764E7	4.8229132E7	1.6724789E7	1.7277092E7	1.9476932E7	1.6704297E7	1.7195922E7	2.0607606E7	
sp|Q62753|STXB2_RAT	Q62753	STXB2_RAT	Stxbp2	594	Rattus norvegicus	2:Experimental evidence at transcript level	Syntaxin-binding protein 2	0.7093	0.9875	1	2	2	2	0	1	0	0	0	1	0	1	0	0	0	1	0	1	0	0	0	1	0.0	2230157.8	1191414.5	0.0	1197978.6	1040234.7	0.0	2230157.8	1191414.5	0.0	1197978.6	1040234.7	
sp|Q62764|YBOX3_RAT	Q62764	YBOX3_RAT	Ybx3	361	Rattus norvegicus	1:Experimental evidence at protein level	Y-box-binding protein 3	1.0	0.999	10	105	59	105	20	18	20	16	16	15	11	9	13	9	8	9	20	18	20	16	16	15	7.1143552E8	8.5668154E8	9.8963091E8	5.9855245E8	7.2320557E8	7.0736531E8	1.8564864E8	2.159064E8	2.42125264E8	1.45340912E8	1.68482432E8	1.7557912E8	
sp|Q62780|DDX46_RAT	Q62780	DDX46_RAT	Ddx46	1032	Rattus norvegicus	1:Experimental evidence at protein level	Probable ATP-dependent RNA helicase DDX46	1.0	0.999	6	14	14	14	4	2	3	1	2	2	4	2	3	1	2	2	4	2	3	1	2	2	1.0934665E7	7979299.0	7897640.0	2847485.8	5637931.5	9490384.0	2903664.0	2567362.5	2866856.2	3572269.5	3984697.8	3982012.8	
sp|Q62785|HAP28_RAT	Q62785	HAP28_RAT	Pdap1	181	Rattus norvegicus	1:Experimental evidence at protein level	28 kDa heat- and acid-stable phosphoprotein	1.0	0.999	4	24	24	24	4	6	6	2	3	3	4	6	6	2	3	3	4	6	6	2	3	3	1.5861904E8	2.01062384E8	2.15852096E8	1.29901744E8	1.52690384E8	1.37329536E8	6.1547684E7	7.5916312E7	8.1021472E7	5.111472E7	5.4908944E7	5.1588012E7	
sp|Q62806|ZN148_RAT	Q62806	ZN148_RAT	Znf148	794	Rattus norvegicus	1:Experimental evidence at protein level	Zinc finger protein 148	0.9993	0.999	1	5	5	5	1	0	1	1	2	0	1	0	1	1	2	0	1	0	1	1	2	0	0.0	0.0	0.0	0.0	0.0	0.0	0.0	0.0	0.0	0.0	0.0	0.0	
sp|Q62812|MYH9_RAT	Q62812	MYH9_RAT	Myh9	1961	Rattus norvegicus	1:Experimental evidence at protein level	Myosin-9	1.0	0.999	50	168	133	168	25	13	10	42	35	43	19	10	6	34	28	36	25	13	10	42	35	43	3.6936496E8	1.85413072E8	1.66459952E8	6.4749501E9	8.9564845E8	1.00358656E9	4.57344E7	2.3213328E7	2.1409308E7	1.29467128E8	1.04214376E8	1.03556208E8	
sp|Q62818|EI2BB_RAT	Q62818	EI2BB_RAT	Eif2b2	351	Rattus norvegicus	2:Experimental evidence at transcript level	Translation initiation factor eIF2B subunit beta	1.0	0.999	8	39	39	39	10	7	9	3	4	6	10	7	9	3	4	6	10	7	9	3	4	6	1.19584096E8	1.10406912E8	1.04224136E8	8.674984E7	7.6374528E7	8.0336584E7	2.573415E7	2.5237344E7	2.3656736E7	1.918966E7	1.7342316E7	1.8296972E7	
sp|Q62826|HNRPM_RAT	Q62826	HNRPM_RAT	Hnrnpm	690	Rattus norvegicus	1:Experimental evidence at protein level	Heterogeneous nuclear ribonucleoprotein M	1.0	0.999	31	159	159	159	22	26	29	30	24	28	22	26	29	30	24	28	22	26	29	30	24	28	6.268887E8	5.908592E8	5.7115059E8	7.9511334E8	7.6001286E8	8.1184416E8	6.7735176E7	6.631818E7	6.3339952E7	8.709028E7	8.576028E7	8.5869832E7	
sp|Q62835|RABE2_RAT	Q62835	RABE2_RAT	Rabep2	554	Rattus norvegicus	1:Experimental evidence at protein level	Rab GTPase-binding effector protein 2	0.9497	0.9984	1	2	2	2	0	1	1	0	0	0	0	1	1	0	0	0	0	1	1	0	0	0	0.0	2255275.5	2220369.5	2956421.2	4310600.5	2139478.8	0.0	2255275.5	2220369.5	2956421.2	4310600.5	2139478.8	
sp|Q62839|GOGA2_RAT	Q62839	GOGA2_RAT	Golga2	998	Rattus norvegicus	1:Experimental evidence at protein level	Golgin subfamily A member 2	1.0	0.999	10	25	25	25	5	2	4	5	4	5	5	2	4	5	4	5	5	2	4	5	4	5	3.307018E7	2.8328146E7	2.7692602E7	4.0370256E7	4.4558052E7	3.9069952E7	7680319.0	8049519.5	6794660.0	9344486.0	9333171.0	1.076918E7	
sp|Q62847|ADDG_RAT	Q62847	ADDG_RAT	Add3	705	Rattus norvegicus	1:Experimental evidence at protein level	Gamma-adducin	1.0	0.999	4	17	17	17	4	3	3	3	2	2	4	3	3	3	2	2	4	3	3	3	2	2	1.7793822E7	7461284.5	7800890.0	1.9024686E7	1.6418416E7	2.0466302E7	7181895.5	4227983.5	4300134.5	7640531.0	6571150.5	8340177.0	
sp|Q62848|ARFG1_RAT	Q62848	ARFG1_RAT	Arfgap1	415	Rattus norvegicus	1:Experimental evidence at protein level	ADP-ribosylation factor GTPase-activating protein 1	1.0	0.999	5	21	21	21	3	5	5	2	3	3	3	5	5	2	3	3	3	5	5	2	3	3	3.1012612E7	3.30122E7	2.8917224E7	2.4261148E7	2.4902276E7	3.3125044E7	1.1692031E7	1.2560068E7	1.1535647E7	1.108979E7	1.0430826E7	1.2766174E7	
sp|Q62867|GGH_RAT	Q62867	GGH_RAT	Ggh	317	Rattus norvegicus	1:Experimental evidence at protein level	Gamma-glutamyl hydrolase	1.0	0.999	9	93	93	93	14	17	15	16	16	15	14	17	15	16	16	15	14	17	15	16	16	15	7.1840032E8	7.4583034E8	8.2672051E8	1.56112282E9	1.64881613E9	1.68879309E9	1.28156136E8	1.3341068E8	1.44918496E8	2.70446784E8	2.87543232E8	2.8729696E8	
sp|Q62868|ROCK2_RAT	Q62868	ROCK2_RAT	Rock2	1388	Rattus norvegicus	1:Experimental evidence at protein level	Rho-associated protein kinase 2	0.9405	0.9981	1	1	1	1	0	1	0	0	0	0	0	1	0	0	0	0	0	1	0	0	0	0	0.0	0.0	0.0	0.0	0.0	0.0	0.0	0.0	0.0	0.0	0.0	0.0	
sp|Q62871|DC1I2_RAT	Q62871	DC1I2_RAT	Dync1i2	638	Rattus norvegicus	1:Experimental evidence at protein level	Cytoplasmic dynein 1 intermediate chain 2	1.0	0.999	7	40	40	40	7	7	7	6	7	6	7	7	7	6	7	6	7	7	7	6	7	6	6.8659184E7	6.9754664E7	6.4063768E7	6.9979424E7	6.828216E7	6.9836208E7	1.129254E7	1.1545593E7	1.0421589E7	1.1458201E7	1.1824941E7	1.166776E7	
sp|Q62894|ECM1_RAT	Q62894	ECM1_RAT	Ecm1	562	Rattus norvegicus	1:Experimental evidence at protein level	Extracellular matrix protein 1	0.9999	0.999	2	4	4	4	1	1	1	0	0	1	1	1	1	0	0	1	1	1	1	0	0	1	4.6839148E7	4.607222E7	5.6633216E7	8.2243704E7	9.3859152E7	8.9046928E7	4.6839148E7	4.607222E7	5.6021328E7	8.2243704E7	9.3859152E7	8.9046928E7	
sp|Q62901|RERE_RAT	Q62901	RERE_RAT	Rere	1559	Rattus norvegicus	1:Experimental evidence at protein level	Arginine-glutamic acid dipeptide repeats protein	0.9938	0.9915	1	6	6	6	1	0	1	0	2	2	1	0	1	0	2	2	1	0	1	0	2	2	0.0	0.0	0.0	0.0	0.0	0.0	0.0	0.0	0.0	0.0	0.0	0.0	
sp|Q62902|LMAN1_RAT	Q62902	LMAN1_RAT	Lman1	517	Rattus norvegicus	1:Experimental evidence at protein level	Protein ERGIC-53	1.0	0.999	10	69	69	69	14	11	8	11	12	13	14	11	8	11	12	13	14	11	8	11	12	13	3.3620864E8	2.15258544E8	1.86732288E8	4.94825024E8	4.37221472E8	4.90283776E8	8.6226224E7	5.0058592E7	4.359292E7	1.2428828E8	1.10322688E8	1.14497744E8	
sp|Q62915|CSKP_RAT	Q62915	CSKP_RAT	Cask	909	Rattus norvegicus	1:Experimental evidence at protein level	Peripheral plasma membrane protein CASK	0.9998	0.9979	3	7	7	7	1	0	0	2	2	2	1	0	0	2	2	2	1	0	0	2	2	2	4.7448812E7	4.789634E7	4.4994836E7	5.1296584E7	3.7524372E7	4.8530908E7	4.7448812E7	4.789634E7	4.4994836E7	5.1296584E7	3.7524372E7	4.8530908E7	
sp|Q62920|PDLI5_RAT	Q62920	PDLI5_RAT	Pdlim5	591	Rattus norvegicus	1:Experimental evidence at protein level	PDZ and LIM domain protein 5	1.0	0.999	3	13	13	13	2	2	3	2	2	2	2	2	3	2	2	2	2	2	3	2	2	2	1.1910772E7	9297079.0	1.3666422E7	9538287.0	8333237.0	1.1915163E7	5876315.0	4589481.5	6661404.5	6279340.0	5605069.0	6498781.5	
sp|Q62930|CO9_RAT	Q62930	CO9_RAT	C9	554	Rattus norvegicus	1:Experimental evidence at protein level	Complement component C9	1.0	0.999	9	29	29	29	2	1	3	9	6	8	2	1	3	9	6	8	2	1	3	9	6	8	2.279928E7	1.9263872E7	2.2617462E7	2.14128096E8	2.42519984E8	2.15869728E8	1.3449287E7	1.3792925E7	1.6162534E7	4.9591828E7	4.895552E7	5.01782E7	
sp|Q62940|NEDD4_RAT	Q62940	NEDD4_RAT	Nedd4	887	Rattus norvegicus	1:Experimental evidence at protein level	E3 ubiquitin-protein ligase NEDD4	1.0	0.999	10	31	31	31	6	3	2	8	6	6	6	3	2	8	6	6	6	3	2	8	6	6	5.6353432E7	4.1049188E7	4.5077104E7	6.7489552E7	6.6292664E7	5.6112096E7	8623401.0	6563626.5	6878276.0	9751505.0	1.020676E7	1.008727E7	
sp|Q62952|DPYL3_RAT	Q62952	DPYL3_RAT	Dpysl3	570	Rattus norvegicus	1:Experimental evidence at protein level	Dihydropyrimidinase-related protein 3	1.0	0.999	10	12	9	35	2	1	2	1	3	3	2	1	2	0	2	2	5	5	5	5	7	8	1.9743906E7	2.0892532E7	3.328963E7	2.7050196E7	3.132562E7	4.0851564E7	6275080.0	6455329.0	7109680.0	8566845.0	7559011.5	9465584.0	
sp|Q62975|ZPI_RAT	Q62975	ZPI_RAT	Serpina10	436	Rattus norvegicus	2:Experimental evidence at transcript level	Protein Z-dependent protease inhibitor	1.0	0.999	4	8	8	8	0	0	0	3	1	4	0	0	0	3	1	4	0	0	0	3	1	4	0.0	1146820.1	2004580.0	1.907982E7	2.0017228E7	1.388154E7	0.0	1146820.1	2004580.0	8923733.0	9265378.0	8401930.0	
sp|Q62991|SCFD1_RAT	Q62991	SCFD1_RAT	Scfd1	637	Rattus norvegicus	1:Experimental evidence at protein level	Sec1 family domain-containing protein 1	1.0	0.999	8	34	34	34	9	4	4	6	5	6	9	4	4	6	5	6	9	4	4	6	5	6	5.2575844E7	4.1528968E7	3.8724976E7	7.3089896E7	6.354084E7	6.2409936E7	1.1043526E7	7915102.5	7641060.5	1.497526E7	1.4295541E7	1.2758595E7	
sp|Q63009|ANM1_RAT	Q63009	ANM1_RAT	Prmt1	353	Rattus norvegicus	1:Experimental evidence at protein level	Protein arginine N-methyltransferase 1	1.0	0.999	4	8	8	8	3	0	0	1	2	2	3	0	0	1	2	2	3	0	0	1	2	2	2.008362E7	1.4405496E7	1.3241046E7	2.4584356E7	2.0381656E7	2.4162744E7	7627833.5	5599326.5	4782391.5	9373410.0	7841961.0	8954632.0	
sp|Q63014|AKAP8_RAT	Q63014	AKAP8_RAT	Akap8	687	Rattus norvegicus	1:Experimental evidence at protein level	A-kinase anchor protein 8	1.0	0.999	4	10	10	10	2	3	3	0	1	1	2	3	3	0	1	1	2	3	3	0	1	1	1.4303644E7	1.395585E7	1.2316066E7	1.4560105E7	1.9258678E7	2.0015276E7	5572970.0	5354997.5	4372333.0	7892276.5	7339534.0	8051004.5	
sp|Q63016|LAT1_RAT	Q63016	LAT1_RAT	Slc7a5	512	Rattus norvegicus	1:Experimental evidence at protein level	Large neutral amino acids transporter small subunit 1	1.0	0.999	3	15	15	15	3	2	1	3	3	3	3	2	1	3	3	3	3	2	1	3	3	3	2.0153774E7	1.145909E7	1.1032872E7	4.2392296E7	3.5945372E7	3.5421036E7	1.3993445E7	1.1185949E7	1.0098668E7	3.4633908E7	2.6482196E7	2.450892E7	
sp|Q63028|ADDA_RAT	Q63028	ADDA_RAT	Add1	735	Rattus norvegicus	1:Experimental evidence at protein level	Alpha-adducin	1.0	0.999	8	26	26	26	5	5	3	5	4	4	5	5	3	5	4	4	5	5	3	5	4	4	3.093882E7	6.0502808E7	2.4562978E7	6.8469472E7	2.9324942E7	6.2653688E7	1.5915688E7	1.6104402E7	1.4278902E7	1.8619184E7	2.0024076E7	1.9060228E7	
sp|Q63041|A1M_RAT	Q63041	A1M_RAT	A1m	1500	Rattus norvegicus	1:Experimental evidence at protein level	Alpha-1-macroglobulin	1.0	0.999	40	217	217	217	20	13	18	56	53	57	20	13	18	56	53	57	20	13	18	56	53	57	4.46769344E8	4.0998224E8	4.16826688E8	2.30190771E9	2.20936243E9	2.23181926E9	3.627808E7	3.0234344E7	3.1642696E7	1.9887808E8	1.79011888E8	1.77927392E8	
sp|Q63042|ALR_RAT	Q63042	ALR_RAT	Gfer	198	Rattus norvegicus	1:Experimental evidence at protein level	FAD-linked sulfhydryl oxidase ALR	0.9684	0.999	1	1	1	1	0	1	0	0	0	0	0	1	0	0	0	0	0	1	0	0	0	0	1779691.6	2706514.2	1871522.0	0.0	1418500.4	0.0	1779691.6	2706514.2	1871522.0	0.0	1418500.4	0.0	
sp|Q63054|ICA69_RAT	Q63054	ICA69_RAT	Ica1	480	Rattus norvegicus	2:Experimental evidence at transcript level	Islet cell autoantigen 1	1.0	0.999	2	2	2	2	0	0	1	0	0	1	0	0	1	0	0	1	0	0	1	0	0	1	5043573.0	5297794.0	5934911.5	5206392.5	5762176.5	3378584.0	3035448.8	3239380.5	3436080.8	5206392.5	3522351.5	3378584.0	
sp|Q63065|PDK1_RAT	Q63065	PDK1_RAT	Pdk1	434	Rattus norvegicus	1:Experimental evidence at protein level	[Pyruvate dehydrogenase (acetyl-transferring)] kinase isozyme 1, mitochondrial	1.0	0.999	4	6	6	6	2	1	3	0	0	0	2	1	3	0	0	0	2	1	3	0	0	0	1.5197727E7	1.1931776E7	2.0077576E7	3800759.0	6392010.0	2346879.8	5752939.0	4417670.5	5475492.5	3598834.8	3531711.5	3257084.5	
sp|Q63081|PDIA6_RAT	Q63081	PDIA6_RAT	Pdia6	440	Rattus norvegicus	1:Experimental evidence at protein level	Protein disulfide-isomerase A6	1.0	0.999	12	240	240	240	42	49	46	33	35	35	42	49	46	33	35	35	42	49	46	33	35	35	3.89617843E9	4.0328855E9	4.3576709E9	3.35705242E9	3.57360589E9	3.49528371E9	6.2506982E8	6.9043981E8	7.0825594E8	5.02635008E8	5.6529024E8	5.500919E8	
sp|Q63083|NUCB1_RAT	Q63083	NUCB1_RAT	Nucb1	459	Rattus norvegicus	1:Experimental evidence at protein level	Nucleobindin-1	1.0	0.999	9	34	34	34	2	7	4	6	9	6	2	7	4	6	9	6	2	7	4	6	9	6	5.7880976E7	5.5039836E7	6.6642324E7	9.6814536E7	9.2463464E7	8.6987272E7	1.2488592E7	1.4442016E7	1.4998179E7	1.7830402E7	1.9246274E7	1.8690562E7	
sp|Q63108|EST1E_RAT	Q63108	EST1E_RAT	Ces1e	561	Rattus norvegicus	1:Experimental evidence at protein level	Carboxylesterase 1E	0.9887	0.9989	3	2	0	13	0	0	0	0	1	1	0	0	0	0	0	0	2	2	2	2	2	3	4219966.5	5462780.0	5930317.0	7208867.5	7351759.5	6753725.5	4219966.5	5462780.0	5930317.0	7208867.5	7351759.5	6753725.5	
sp|Q63135|CR1L_RAT	Q63135	CR1L_RAT	Cr1l	559	Rattus norvegicus	1:Experimental evidence at protein level	Complement component receptor 1-like protein	1.0	0.999	5	12	12	12	2	0	0	4	2	4	2	0	0	4	2	4	2	0	0	4	2	4	1.1212005E7	3937752.5	2983621.5	2.3685496E7	1.9756088E7	1.9595468E7	5363884.5	2645354.5	2111744.2	1.1052919E7	9274936.0	9080833.0	
sp|Q63184|E2AK2_RAT	Q63184	E2AK2_RAT	Eif2ak2	513	Rattus norvegicus	1:Experimental evidence at protein level	Interferon-induced, double-stranded RNA-activated protein kinase	0.9685	0.999	1	4	4	4	0	1	0	1	1	1	0	1	0	1	1	1	0	1	0	1	1	1	765112.7	1686191.2	0.0	0.0	0.0	0.0	765112.7	1686191.2	0.0	0.0	0.0	0.0	
sp|Q63186|EI2BD_RAT	Q63186	EI2BD_RAT	Eif2b4	524	Rattus norvegicus	2:Experimental evidence at transcript level	Translation initiation factor eIF2B subunit delta	1.0	0.999	6	23	23	23	7	5	4	2	2	3	7	5	4	2	2	3	7	5	4	2	2	3	4.161256E7	3.3370258E7	3.1092188E7	3.8736524E7	3.2732882E7	3.440172E7	1.0890593E7	8996487.0	8717452.0	1.0658356E7	9534998.0	9236879.0	
sp|Q63187|ELOA1_RAT	Q63187	ELOA1_RAT	Eloa	773	Rattus norvegicus	1:Experimental evidence at protein level	Elongin-A	0.9683	0.999	1	1	1	1	1	0	0	0	0	0	1	0	0	0	0	0	1	0	0	0	0	0	1630581.0	1820539.4	2163079.8	0.0	2188622.0	0.0	1630581.0	1820539.4	2163079.8	0.0	2188622.0	0.0	
sp|Q63228|GMFB_RAT	Q63228	GMFB_RAT	Gmfb	142	Rattus norvegicus	1:Experimental evidence at protein level	Glia maturation factor beta	1.0	0.999	4	17	17	17	3	3	3	2	2	4	3	3	3	2	2	4	3	3	3	2	2	4	6.934744E7	5.6427036E7	7.2456944E7	5.8234368E7	5.9305852E7	5.5053824E7	3.5868948E7	3.6162208E7	3.639064E7	3.3546376E7	3.5780648E7	3.373464E7	
sp|Q63258|ITA7_RAT	Q63258	ITA7_RAT	Itga7	1135	Rattus norvegicus	1:Experimental evidence at protein level	Integrin alpha-7	0.9982	0.9989	2	8	8	8	1	2	0	1	2	2	1	2	0	1	2	2	1	2	0	1	2	2	1528828.0	1156011.0	839600.75	1072556.0	1741737.2	759691.4	1528828.0	1156011.0	839600.75	1072556.0	1741737.2	759691.4	
sp|Q63270|ACOHC_RAT	Q63270	ACOHC_RAT	Aco1	889	Rattus norvegicus	1:Experimental evidence at protein level	Cytoplasmic aconitate hydratase	1.0	0.999	20	98	94	98	22	18	17	14	12	15	21	18	16	14	11	14	22	18	17	14	12	15	3.46712992E8	2.92216736E8	2.8965648E8	3.56836544E8	3.56141664E8	3.56695712E8	5.6773524E7	4.559936E7	4.4284748E7	5.9337028E7	5.7494476E7	6.0155764E7	
sp|Q63279|K1C19_RAT	Q63279	K1C19_RAT	Krt19	403	Rattus norvegicus	1:Experimental evidence at protein level	Keratin, type I cytoskeletal 19	1.0	0.999	16	62	50	95	11	10	12	9	10	10	9	8	10	7	8	8	16	16	17	14	17	15	1.68372256E8	1.7428056E8	2.13424576E8	1.45240096E8	1.72709584E8	1.84224192E8	2.9006344E7	3.1900266E7	3.7657724E7	2.7452334E7	3.2829394E7	3.276644E7	
sp|Q63321|PLOD1_RAT	Q63321	PLOD1_RAT	Plod1	728	Rattus norvegicus	1:Experimental evidence at protein level	Procollagen-lysine,2-oxoglutarate 5-dioxygenase 1	0.9401	0.998	1	1	1	1	0	0	0	0	0	1	0	0	0	0	0	1	0	0	0	0	0	1	0.0	0.0	0.0	0.0	0.0	5063273.0	0.0	0.0	0.0	0.0	0.0	0.0	
sp|Q63347|PRS7_RAT	Q63347	PRS7_RAT	Psmc2	433	Rattus norvegicus	1:Experimental evidence at protein level	26S proteasome regulatory subunit 7	1.0	0.999	12	42	42	46	10	9	7	5	5	6	10	9	7	5	5	6	11	10	8	5	5	7	1.18717904E8	1.14267592E8	1.07122048E8	1.11909032E8	1.0658668E8	1.22543448E8	1.6674177E7	1.6801082E7	1.5203874E7	1.6621046E7	1.5489018E7	1.6360649E7	
sp|Q63355|MYO1C_RAT	Q63355	MYO1C_RAT	Myo1c	1044	Rattus norvegicus	1:Experimental evidence at protein level	Unconventional myosin-Ic	1.0	0.999	11	25	23	25	4	2	1	7	4	7	4	2	1	6	4	6	4	2	1	7	4	7	2.5132972E7	1.1241057E7	1.1910265E7	6.29952E7	5.106322E7	5.0373032E7	5901321.5	2971758.5	2542951.0	1.1712635E7	9318746.0	1.0270512E7	
sp|Q63362|NDUA5_RAT	Q63362	NDUA5_RAT	Ndufa5	116	Rattus norvegicus	1:Experimental evidence at protein level	NADH dehydrogenase [ubiquinone] 1 alpha subcomplex subunit 5	0.9998	0.9988	2	6	6	6	2	1	1	0	1	1	2	1	1	0	1	1	2	1	1	0	1	1	7481389.5	1.034705E7	4885083.5	3138316.8	2433290.5	4621940.0	4943477.5	6977761.0	4885083.5	3138316.8	2433290.5	3112030.2	
sp|Q63377|AT1B3_RAT	Q63377	AT1B3_RAT	Atp1b3	279	Rattus norvegicus	1:Experimental evidence at protein level	Sodium/potassium-transporting ATPase subunit beta-3	1.0	0.999	4	9	9	9	2	0	1	2	1	3	2	0	1	2	1	3	2	0	1	2	1	3	4.5409456E7	7629380.0	2.3584604E7	3.936134E7	2.6754094E7	2.8716696E7	1.211821E7	6262939.0	4857715.0	1.9239458E7	1.6974078E7	1.8299548E7	
sp|Q63396|TCP4_RAT	Q63396	TCP4_RAT	Sub1	127	Rattus norvegicus	1:Experimental evidence at protein level	Activated RNA polymerase II transcriptional coactivator p15	1.0	0.999	3	19	19	19	3	5	3	3	2	3	3	5	3	3	2	3	3	5	3	3	2	3	1.5880016E8	1.9084264E8	2.04050256E8	1.62462368E8	1.8939752E8	2.02025728E8	7.5524352E7	9.6827048E7	1.01453456E8	7.9752888E7	9.7470968E7	9.9872552E7	
sp|Q63413|DX39B_RAT	Q63413	DX39B_RAT	Ddx39b	428	Rattus norvegicus	2:Experimental evidence at transcript level	Spliceosome RNA helicase Ddx39b	1.0	0.999	15	86	57	86	18	14	12	15	13	14	9	9	8	12	9	10	18	14	12	15	13	14	2.92663232E8	2.67956064E8	2.79118944E8	3.77270496E8	3.46785792E8	3.70815936E8	4.2990204E7	3.784524E7	3.621984E7	5.4371816E7	4.794694E7	5.1586584E7	
sp|Q63416|ITIH3_RAT	Q63416	ITIH3_RAT	Itih3	887	Rattus norvegicus	2:Experimental evidence at transcript level	Inter-alpha-trypsin inhibitor heavy chain H3	1.0	0.999	11	45	45	45	4	3	3	13	11	11	4	3	3	13	11	11	4	3	3	13	11	11	3.2360554E7	3.432048E7	4.1336964E7	1.64161824E8	1.87544896E8	1.63831328E8	8027828.5	9241945.0	9154525.0	3.2072932E7	3.6595592E7	3.2364526E7	
sp|Q63481|RAB7L_RAT	Q63481	RAB7L_RAT	Rab29	204	Rattus norvegicus	1:Experimental evidence at protein level	Ras-related protein Rab-7L1	0.9663	0.9989	1	1	1	1	0	0	1	0	0	0	0	0	1	0	0	0	0	0	1	0	0	0	3728738.0	4004048.2	3691533.5	4519306.0	4085918.0	2891710.2	3728738.0	4004048.2	3691533.5	4519306.0	4085918.0	2891710.2	
sp|Q63493|CD1D_RAT	Q63493	CD1D_RAT	Cd1d	336	Rattus norvegicus	2:Experimental evidence at transcript level	Antigen-presenting glycoprotein CD1d	1.0	0.999	3	5	5	5	1	0	0	1	0	3	1	0	0	1	0	3	1	0	0	1	0	3	9743475.0	3128500.0	6891151.0	1.4984194E7	1.1611904E7	1.3949578E7	5874791.0	3570543.5	3586098.5	9118795.0	6779301.0	8432276.0	
sp|Q63507|RL14_RAT	Q63507	RL14_RAT	Rpl14	214	Rattus norvegicus	1:Experimental evidence at protein level	Large ribosomal subunit protein eL14	1.0	0.999	5	69	69	69	16	12	10	10	11	10	16	12	10	10	11	10	16	12	10	10	11	10	2.25990221E9	2.15517773E9	2.06441254E9	1.90905254E9	1.6415808E9	1.89472243E9	7.1598739E8	6.7850131E8	6.4622016E8	5.7848544E8	5.6530413E8	5.8261728E8	
sp|Q63514|C4BPA_RAT	Q63514	C4BPA_RAT	C4bpa	558	Rattus norvegicus	2:Experimental evidence at transcript level	C4b-binding protein alpha chain	0.9999	0.9987	2	4	4	4	0	0	0	2	1	1	0	0	0	2	1	1	0	0	0	2	1	1	0.0	0.0	0.0	8170246.5	6982839.5	8452611.0	0.0	0.0	0.0	8170246.5	6982839.5	8452611.0	
sp|Q63524|TMED2_RAT	Q63524	TMED2_RAT	Tmed2	201	Rattus norvegicus	1:Experimental evidence at protein level	Transmembrane emp24 domain-containing protein 2	1.0	0.999	6	48	48	48	9	9	9	6	6	9	9	9	9	6	6	9	9	9	9	6	6	9	2.8678432E8	2.40374624E8	2.51526832E8	3.31348224E8	2.6816616E8	2.92492736E8	9.6659616E7	7.246776E7	7.8126832E7	1.05159688E8	8.6765576E7	8.7583168E7	
sp|Q63525|NUDC_RAT	Q63525	NUDC_RAT	Nudc	332	Rattus norvegicus	1:Experimental evidence at protein level	Nuclear migration protein nudC	1.0	0.999	11	53	53	53	7	9	13	8	9	7	7	9	13	8	9	7	7	9	13	8	9	7	1.5613608E8	2.20014912E8	2.44534608E8	1.42869456E8	1.59030448E8	1.65881696E8	3.2461844E7	3.7683656E7	4.086324E7	2.5176988E7	2.90093E7	2.873707E7	
sp|Q63530|PTER_RAT	Q63530	PTER_RAT	Pter	349	Rattus norvegicus	2:Experimental evidence at transcript level	N-acetyltaurine hydrolase	1.0	0.999	13	55	55	55	9	11	10	8	8	9	9	11	10	8	8	9	9	11	10	8	8	9	1.70725136E8	2.1193344E8	2.19823184E8	1.39402384E8	1.46629088E8	1.51953808E8	2.8124352E7	3.3484476E7	3.7964116E7	2.2861422E7	2.4083934E7	2.5402022E7	
sp|Q63531|KS6A1_RAT	Q63531	KS6A1_RAT	Rps6ka1	735	Rattus norvegicus	1:Experimental evidence at protein level	Ribosomal protein S6 kinase alpha-1	1.0	0.9981	3	3	2	3	1	1	1	0	0	0	0	1	1	0	0	0	1	1	1	0	0	0	7463600.0	4754760.0	7163842.0	8806422.0	8463593.0	8540055.0	4082204.8	2940968.0	3922025.5	4754519.5	4652602.0	4694243.5	
sp|Q63540|ATX1_RAT	Q63540	ATX1_RAT	Atxn1	789	Rattus norvegicus	2:Experimental evidence at transcript level	Ataxin-1	0.8222	0.9934	1	1	1	1	0	0	0	0	1	0	0	0	0	0	1	0	0	0	0	0	1	0	0.0	4242254.0	4486639.0	0.0	8975954.0	0.0	0.0	4242254.0	4486639.0	0.0	8975954.0	0.0	
sp|Q63544|SYUG_RAT	Q63544	SYUG_RAT	Sncg	123	Rattus norvegicus	1:Experimental evidence at protein level	Gamma-synuclein	1.0	0.999	5	26	24	26	3	1	2	7	6	7	2	1	2	6	6	7	3	1	2	7	6	7	8.2816976E7	4.6321912E7	5.430342E7	1.55712768E8	1.57178416E8	1.83867424E8	1.8512314E7	1.9207998E7	2.2700074E7	5.3252492E7	5.598226E7	6.1058728E7	
sp|Q63556|SPA3M_RAT	Q63556	SPA3M_RAT	Serpina3m	412	Rattus norvegicus	2:Experimental evidence at transcript level	Serine protease inhibitor A3M (Fragment)	1.0	0.999	5	10	10	10	1	0	0	3	3	3	1	0	0	3	3	3	1	0	0	3	3	3	1.3275809E7	1.3734648E7	1.687581E7	4.4228916E7	4.5839328E7	4.3389652E7	4424282.5	4660663.0	5664721.5	1.3976716E7	1.5604889E7	1.5104655E7	
sp|Q63560|MAP6_RAT	Q63560	MAP6_RAT	Map6	952	Rattus norvegicus	1:Experimental evidence at protein level	Microtubule-associated protein 6	0.9125	0.9747	2	6	6	6	2	2	1	1	0	0	2	2	1	1	0	0	2	2	1	1	0	0	5.7389928E7	1.3859734E7	5.1444768E7	6.247788E7	7.0936752E7	7.0881272E7	4.3186036E7	1.1620486E7	4.0630788E7	4.7770812E7	5.7913164E7	5.9570044E7	
sp|Q63569|PRS6A_RAT	Q63569	PRS6A_RAT	Psmc3	439	Rattus norvegicus	1:Experimental evidence at protein level	26S proteasome regulatory subunit 6A	1.0	0.999	13	55	55	55	8	12	10	8	7	10	8	12	10	8	7	10	8	12	10	8	7	10	1.54834208E8	1.69167456E8	1.39389472E8	1.22231312E8	1.45492704E8	1.36999136E8	2.2698032E7	2.6708944E7	2.6734994E7	2.3182628E7	2.3320232E7	2.171733E7	
sp|Q63570|PRS6B_RAT	Q63570	PRS6B_RAT	Psmc4	418	Rattus norvegicus	1:Experimental evidence at protein level	26S proteasome regulatory subunit 6B	1.0	0.999	12	30	30	34	9	8	4	2	2	5	9	8	4	2	2	5	10	9	5	2	2	6	1.0809792E8	1.17181952E8	1.02903712E8	8.014312E7	8.0452088E7	1.22811608E8	3.0062718E7	3.1033234E7	3.258956E7	2.4155766E7	2.4456592E7	2.3720578E7	
sp|Q63584|TMEDA_RAT	Q63584	TMEDA_RAT	Tmed10	219	Rattus norvegicus	1:Experimental evidence at protein level	Transmembrane emp24 domain-containing protein 10	1.0	0.999	5	51	51	51	12	8	8	8	10	5	12	8	8	8	10	5	12	8	8	8	10	5	2.74110784E8	2.0603056E8	2.10748208E8	3.19056032E8	2.67870064E8	2.79297056E8	1.00132216E8	7.3697952E7	7.5944816E7	1.10971336E8	9.3124688E7	9.3433144E7	
sp|Q63598|PLST_RAT	Q63598	PLST_RAT	Pls3	630	Rattus norvegicus	1:Experimental evidence at protein level	Plastin-3	1.0	0.999	8	28	28	28	5	4	3	4	5	7	5	4	3	4	5	7	5	4	3	4	5	7	6.9370984E7	5.2556232E7	5.0182432E7	8.5602528E7	7.9266896E7	7.4216128E7	1.7521684E7	1.4110951E7	1.3522931E7	2.0723174E7	1.9672398E7	2.01595E7	
sp|Q63610|TPM3_RAT	Q63610	TPM3_RAT	Tpm3	248	Rattus norvegicus	1:Experimental evidence at protein level	Tropomyosin alpha-3 chain	1.0	0.999	13	87	62	87	13	16	14	15	13	16	10	11	10	10	10	11	13	16	14	15	13	16	9.6467104E8	8.6222323E8	6.6491194E8	1.02987763E9	1.09055693E9	1.13336256E9	2.53686688E8	2.636388E8	2.8247904E8	2.50235744E8	2.88340128E8	2.7194864E8	
sp|Q63617|HYOU1_RAT	Q63617	HYOU1_RAT	Hyou1	999	Rattus norvegicus	1:Experimental evidence at protein level	Hypoxia up-regulated protein 1	1.0	0.999	31	346	346	346	73	66	68	45	47	47	73	66	68	45	47	47	73	66	68	45	47	47	2.61484672E9	2.48836813E9	2.65808307E9	1.93851622E9	2.15775718E9	1.98410944E9	1.52228368E8	1.47482432E8	1.58403552E8	1.16240352E8	1.19221504E8	1.14624968E8	
sp|Q63619|COQ7_RAT	Q63619	COQ7_RAT	Coq7	217	Rattus norvegicus	2:Experimental evidence at transcript level	NADPH-dependent 3-demethoxyubiquinone 3-hydroxylase, mitochondrial	1.0	0.999	2	4	4	4	1	2	1	0	0	0	1	2	1	0	0	0	1	2	1	0	0	0	1.0072982E7	9756546.0	3884119.8	4499686.5	6477981.0	3182202.2	5401763.5	4926945.5	4199059.5	2502790.2	3341843.2	3440227.8	
sp|Q63621|IL1AP_RAT	Q63621	IL1AP_RAT	Il1rap	570	Rattus norvegicus	2:Experimental evidence at transcript level	Interleukin-1 receptor accessory protein	0.9174	0.9972	1	1	1	1	0	0	0	1	0	0	0	0	0	1	0	0	0	0	0	1	0	0	3.312549E7	2.9191616E7	2.7334968E7	2.9301648E7	3.180517E7	1.9596206E7	3.312549E7	2.9191616E7	2.7334968E7	2.9301648E7	3.180517E7	1.9596206E7	
sp|Q63639|AL1A2_RAT	Q63639	AL1A2_RAT	Aldh1a2	518	Rattus norvegicus	1:Experimental evidence at protein level	Retinal dehydrogenase 2	0.9944	0.999	3	1	1	9	1	0	0	0	0	0	1	0	0	0	0	0	2	1	2	1	2	1	1766145.0	0.0	1663172.8	3509371.2	3168162.0	3215652.2	1766145.0	0.0	1663172.8	3509371.2	3168162.0	3215652.2	
sp|Q63648|MERL_RAT	Q63648	MERL_RAT	Nf2	586	Rattus norvegicus	1:Experimental evidence at protein level	Merlin (Fragment)	0.9685	0.999	1	5	5	5	1	1	1	0	0	2	1	1	1	0	0	2	1	1	1	0	0	2	1.6544085E7	1.1281759E7	1.2013215E7	1.2417386E7	1.0632903E7	1.0358565E7	1.6544085E7	1.1281759E7	1.2013215E7	1.2417386E7	1.0632903E7	1.0358565E7	
sp|Q63663|GBP2_RAT	Q63663	GBP2_RAT	Gbp2	589	Rattus norvegicus	1:Experimental evidence at protein level	Guanylate-binding protein 2	0.9966	0.999	2	2	2	2	0	0	0	0	0	2	0	0	0	0	0	2	0	0	0	0	0	2	1592441.5	1092181.8	1021238.5	3000318.0	4037514.2	4165357.2	1592441.5	1092181.8	1021238.5	3000318.0	4037514.2	4165357.2	
sp|Q63678|ZA2G_RAT	Q63678	ZA2G_RAT	Azgp1	296	Rattus norvegicus	2:Experimental evidence at transcript level	Zinc-alpha-2-glycoprotein	1.0	0.999	2	5	5	5	0	1	0	2	1	1	0	1	0	2	1	1	0	1	0	2	1	1	816921.56	3789041.5	1169358.2	1.2878488E7	9652898.0	1.0568514E7	872444.25	1958266.2	1373495.4	7211389.0	5289030.0	5918242.5	
sp|Q63688|CP7B1_RAT	Q63688	CP7B1_RAT	Cyp7b1	414	Rattus norvegicus	1:Experimental evidence at protein level	25-hydroxycholesterol 7-alpha-hydroxylase (Fragment)	0.9592	0.9987	1	1	1	1	0	0	0	1	0	0	0	0	0	1	0	0	0	0	0	1	0	0	0.0	0.0	0.0	6620287.5	0.0	0.0	0.0	0.0	0.0	0.0	0.0	0.0	
sp|Q63692|CDC37_RAT	Q63692	CDC37_RAT	Cdc37	379	Rattus norvegicus	1:Experimental evidence at protein level	Hsp90 co-chaperone Cdc37	1.0	0.999	7	21	21	21	4	3	3	4	3	4	4	3	3	4	3	4	4	3	3	4	3	4	5.3370732E7	6.3482964E7	6.220302E7	5.1367896E7	5.0265204E7	6.794436E7	1.3084523E7	1.2606871E7	1.2299462E7	1.289679E7	1.2431423E7	1.3590694E7	
sp|Q63707|PYRD_RAT	Q63707	PYRD_RAT	Dhodh	395	Rattus norvegicus	1:Experimental evidence at protein level	Dihydroorotate dehydrogenase (quinone), mitochondrial	0.9622	0.9988	1	3	3	3	1	1	1	0	0	0	1	1	1	0	0	0	1	1	1	0	0	0	0.0	0.0	0.0	0.0	0.0	0.0	0.0	0.0	0.0	0.0	0.0	0.0	
sp|Q63716|PRDX1_RAT	Q63716	PRDX1_RAT	Prdx1	199	Rattus norvegicus	1:Experimental evidence at protein level	Peroxiredoxin-1	1.0	0.999	12	102	36	179	19	23	19	13	14	14	6	9	6	5	5	5	32	38	32	25	26	26	2.01743629E9	2.04628749E9	1.98372262E9	1.77433088E9	2.17093222E9	1.8637559E9	3.36036224E8	3.38984704E8	3.25810272E8	3.40720736E8	3.60315936E8	3.416864E8	
sp|Q63750|RM23_RAT	Q63750	RM23_RAT	Mrpl23	146	Rattus norvegicus	2:Experimental evidence at transcript level	Large ribosomal subunit protein uL23m	0.9252	0.9975	1	1	1	1	0	1	0	0	0	0	0	1	0	0	0	0	0	1	0	0	0	0	0.0	0.0	0.0	0.0	0.0	0.0	0.0	0.0	0.0	0.0	0.0	0.0	
sp|Q63768|CRK_RAT	Q63768	CRK_RAT	Crk	304	Rattus norvegicus	1:Experimental evidence at protein level	Adapter molecule crk	1.0	0.999	9	42	42	42	8	8	9	5	6	6	8	8	9	5	6	6	8	8	9	5	6	6	1.19677288E8	1.37169152E8	1.41477328E8	9.52416E7	1.5461032E8	1.38204192E8	2.6641818E7	2.9158714E7	2.9543946E7	2.2532498E7	2.8654576E7	2.6454226E7	
sp|Q63797|PSME1_RAT	Q63797	PSME1_RAT	Psme1	249	Rattus norvegicus	2:Experimental evidence at transcript level	Proteasome activator complex subunit 1	1.0	0.999	7	36	36	36	7	5	7	6	5	6	7	5	7	6	5	6	7	5	7	6	5	6	1.63438E8	1.88130256E8	1.9368072E8	1.85708784E8	1.83642288E8	1.9554328E8	4.9187156E7	5.5146936E7	5.839714E7	5.0598332E7	5.2836748E7	5.5648648E7	
sp|Q63798|PSME2_RAT	Q63798	PSME2_RAT	Psme2	238	Rattus norvegicus	2:Experimental evidence at transcript level	Proteasome activator complex subunit 2	1.0	0.999	5	27	27	27	4	5	4	6	4	4	4	5	4	6	4	4	4	5	4	6	4	4	7.9783048E7	6.5327208E7	1.95193424E8	9.3325312E7	7.3937536E7	8.2242656E7	2.971699E7	2.7013614E7	2.5982232E7	3.4890856E7	2.8434398E7	3.118377E7	
sp|Q63862|MYH11_RAT	Q63862	MYH11_RAT	Myh11	1327	Rattus norvegicus	1:Experimental evidence at protein level	Myosin-11 (Fragment)	1.0	0.999	16	22	20	48	3	1	1	6	5	6	2	1	1	6	5	5	7	4	5	12	10	10	1.6526189E7	9039136.0	1.6882898E7	5.5801808E7	4.6034088E7	5.3753348E7	4628223.0	3332867.5	4109857.0	1.2301052E7	9978293.0	1.1228779E7	
sp|Q63942|RAB3D_RAT	Q63942	RAB3D_RAT	Rab3d	219	Rattus norvegicus	1:Experimental evidence at protein level	GTP-binding protein Rab-3D	1.0	0.999	11	35	9	40	7	6	5	5	6	6	1	2	1	1	2	2	8	7	6	5	7	7	2.91162432E8	2.29229696E8	1.84488288E8	3.38523392E8	2.39882384E8	3.2713024E8	5.0162628E7	4.573846E7	4.5582172E7	6.1084964E7	5.0696332E7	5.5833872E7	
sp|Q63945|SET_RAT	Q63945	SET_RAT	Set	289	Rattus norvegicus	2:Experimental evidence at transcript level	Protein SET	1.0	0.999	5	35	29	35	4	5	8	5	6	7	3	4	7	4	5	6	4	5	8	5	6	7	2.03501472E8	2.58578352E8	2.89678752E8	2.66143744E8	2.74942592E8	2.82140672E8	8.9896528E7	1.1828164E8	1.28327832E8	1.11330016E8	1.1526212E8	1.19295344E8	
sp|Q63ZV7|SWI5_RAT	Q63ZV7	SWI5_RAT	Swi5	89	Rattus norvegicus	3:Protein inferred from homology	DNA repair protein SWI5 homolog	0.9948	0.9971	2	6	6	6	2	2	2	0	0	0	2	2	2	0	0	0	2	2	2	0	0	0	7140163.5	8104571.0	1.0179768E7	4279331.0	5780152.0	5458419.0	4073838.2	4648800.0	5817055.0	2359519.0	3222322.8	3134654.2	
sp|Q64057|AL7A1_RAT	Q64057	AL7A1_RAT	Aldh7a1	539	Rattus norvegicus	1:Experimental evidence at protein level	Alpha-aminoadipic semialdehyde dehydrogenase	1.0	0.999	20	203	203	203	42	39	34	29	30	29	42	39	34	29	30	29	42	39	34	29	30	29	1.98566259E9	1.67728563E9	1.65894502E9	1.23341965E9	1.20464307E9	1.12055718E9	1.7955904E8	1.52647984E8	1.62653168E8	1.22654576E8	1.15228184E8	1.14242584E8	
sp|Q64060|DDX4_RAT	Q64060	DDX4_RAT	Ddx4	713	Rattus norvegicus	1:Experimental evidence at protein level	Probable ATP-dependent RNA helicase DDX4	1.0	0.999	2	14	14	14	1	2	2	3	3	3	1	2	2	3	3	3	1	2	2	3	3	3	8.6518104E7	8.9477864E7	9.2921648E7	6.7085432E7	7.8277656E7	6.8069664E7	5.112076E7	5.6230152E7	5.0528884E7	4.2874508E7	4.9666924E7	4.6293532E7	
sp|Q64119|MYL6_RAT	Q64119	MYL6_RAT	Myl6	151	Rattus norvegicus	1:Experimental evidence at protein level	Myosin light polypeptide 6	1.0	0.999	8	75	58	75	13	14	14	12	11	11	10	10	11	10	8	9	13	14	14	12	11	11	7.1850771E8	7.8120845E8	8.314041E8	8.6767066E8	8.9080678E8	8.7338413E8	1.82816336E8	2.03454096E8	2.09348016E8	2.05974448E8	2.25813488E8	2.18373632E8	
sp|Q64122|MYL9_RAT	Q64122	MYL9_RAT	Myl9	171	Rattus norvegicus	1:Experimental evidence at protein level	Myosin regulatory light polypeptide 9	1.0	0.999	5	8	8	46	1	1	1	1	1	3	1	1	1	1	1	3	7	9	8	7	6	9	3.9508408E7	4.99188E7	4.2600904E7	5.2198888E7	5.4185852E7	4.6675288E7	1.5025987E7	1.8923926E7	1.6084825E7	1.8307106E7	2.0600022E7	1.7261454E7	
sp|Q641W2|MYG1_RAT	Q641W2	MYG1_RAT	Myg1	381	Rattus norvegicus	1:Experimental evidence at protein level	MYG1 exonuclease	1.0	0.999	4	18	18	18	2	4	4	3	3	2	2	4	4	3	3	2	2	4	4	3	3	2	2.4314184E7	2.1708028E7	2.2715008E7	2.0819722E7	2.4081348E7	2.360554E7	8701565.0	8527773.0	9824379.0	8704806.0	9597884.0	9198223.0	
sp|Q641X3|HEXA_RAT	Q641X3	HEXA_RAT	Hexa	528	Rattus norvegicus	2:Experimental evidence at transcript level	Beta-hexosaminidase subunit alpha	0.9658	0.9989	1	1	1	1	0	0	0	1	0	0	0	0	0	1	0	0	0	0	0	1	0	0	0.0	0.0	0.0	0.0	0.0	0.0	0.0	0.0	0.0	0.0	0.0	0.0	
sp|Q641X8|EIF3E_RAT	Q641X8	EIF3E_RAT	Eif3e	445	Rattus norvegicus	2:Experimental evidence at transcript level	Eukaryotic translation initiation factor 3 subunit E	1.0	0.999	12	67	67	67	15	11	8	14	9	10	15	11	8	14	9	10	15	11	8	14	9	10	1.7369888E8	1.11125568E8	1.00291424E8	1.83785232E8	1.4565312E8	1.61244608E8	2.8060796E7	1.7562998E7	1.5350718E7	2.9717022E7	2.299532E7	2.541676E7	
sp|Q641Y0|OST48_RAT	Q641Y0	OST48_RAT	Ddost	441	Rattus norvegicus	2:Experimental evidence at transcript level	Dolichyl-diphosphooligosaccharide--protein glycosyltransferase 48 kDa subunit	1.0	0.999	10	67	67	67	12	9	12	11	13	10	12	9	12	11	13	10	12	9	12	11	13	10	3.91711424E8	2.84808448E8	3.21615168E8	5.0947712E8	4.442944E8	3.94403808E8	6.2754388E7	4.9167788E7	5.1626464E7	8.1762672E7	7.0545296E7	6.9020016E7	
sp|Q641Y2|NDUS2_RAT	Q641Y2	NDUS2_RAT	Ndufs2	463	Rattus norvegicus	1:Experimental evidence at protein level	NADH dehydrogenase [ubiquinone] iron-sulfur protein 2, mitochondrial	0.9685	0.999	1	1	1	1	0	0	0	0	0	1	0	0	0	0	0	1	0	0	0	0	0	1	1932350.9	1843749.2	977678.44	0.0	1768807.0	1433243.9	1932350.9	1843749.2	977678.44	0.0	1768807.0	1433243.9	
sp|Q641Y8|DDX1_RAT	Q641Y8	DDX1_RAT	Ddx1	740	Rattus norvegicus	1:Experimental evidence at protein level	ATP-dependent RNA helicase DDX1	1.0	0.999	28	155	155	155	30	28	28	25	24	20	30	28	28	25	24	20	30	28	28	25	24	20	6.2700083E8	6.3830931E8	6.2976627E8	5.527527E8	5.6110042E8	5.9821197E8	5.9337212E7	6.0075504E7	6.4266968E7	5.4302236E7	5.2236316E7	5.50025E7	
sp|Q641Z6|EHD1_RAT	Q641Z6	EHD1_RAT	Ehd1	534	Rattus norvegicus	1:Experimental evidence at protein level	EH domain-containing protein 1	1.0	0.999	12	37	17	44	5	7	6	6	7	6	1	2	2	4	4	4	6	7	6	8	9	8	5.4111168E7	5.0760964E7	4.172528E7	9.4185832E7	7.0987144E7	8.0970176E7	9372140.0	8836701.0	8749446.0	1.4477882E7	1.274358E7	1.2977913E7	
sp|Q641Z7|ASM3A_RAT	Q641Z7	ASM3A_RAT	Smpdl3a	445	Rattus norvegicus	2:Experimental evidence at transcript level	Cyclic GMP-AMP phosphodiesterase SMPDL3A	0.9685	0.999	1	3	3	3	0	1	0	0	1	1	0	1	0	0	1	1	0	1	0	0	1	1	0.0	3436415.0	4341733.0	7072088.5	5939676.5	4697111.5	0.0	3436415.0	4341733.0	7072088.5	5939676.5	4697111.5	
sp|Q641Z8|PEF1_RAT	Q641Z8	PEF1_RAT	Pef1	283	Rattus norvegicus	2:Experimental evidence at transcript level	Peflin	1.0	0.999	4	12	12	12	1	2	3	1	2	3	1	2	3	1	2	3	1	2	3	1	2	3	1.300061E7	1.2978404E7	1.1794886E7	1.5738411E7	1.4567801E7	2.086272E7	8044969.5	6652212.0	4870063.0	6581691.5	6428726.0	6198971.0	
sp|Q64232|TECR_RAT	Q64232	TECR_RAT	Tecr	308	Rattus norvegicus	1:Experimental evidence at protein level	Very-long-chain enoyl-CoA reductase	1.0	0.9987	5	18	18	18	3	3	1	3	4	4	3	3	1	3	4	4	3	3	1	3	4	4	2.479768E7	1.4094157E7	1.0387836E7	3.836346E7	3.0324456E7	2.7691522E7	1.5733784E7	8747897.0	7066490.0	2.9365902E7	2.1719124E7	2.193249E7	
sp|Q64240|AMBP_RAT	Q64240	AMBP_RAT	Ambp	349	Rattus norvegicus	1:Experimental evidence at protein level	Protein AMBP	1.0	0.999	6	14	14	14	1	2	1	4	2	4	1	2	1	4	2	4	1	2	1	4	2	4	1.618704E7	1.9045432E7	1.9808716E7	5.804394E7	5.3140208E7	5.4321536E7	4917401.5	6418916.5	5815932.5	1.9482664E7	1.915E7	2.0965986E7	
sp|Q64259|VHL_RAT	Q64259	VHL_RAT	Vhl	185	Rattus norvegicus	1:Experimental evidence at protein level	von Hippel-Lindau disease tumor suppressor	0.9685	0.999	1	4	4	4	0	1	0	1	1	1	0	1	0	1	1	1	0	1	0	1	1	1	0.0	2476615.8	0.0	1.016181E7	1.1894691E7	1.0699594E7	0.0	2476615.8	0.0	1.016181E7	1.1894691E7	1.0699594E7	
sp|Q64268|HEP2_RAT	Q64268	HEP2_RAT	Serpind1	479	Rattus norvegicus	1:Experimental evidence at protein level	Heparin cofactor 2	1.0	0.999	4	9	9	9	0	0	0	3	3	3	0	0	0	3	3	3	0	0	0	3	3	3	2578972.2	870582.2	2152627.0	8848277.0	2.5403292E7	1.825576E7	2029189.1	2453906.5	1513367.2	6175337.0	9292224.0	8799506.0	
sp|Q64270|EI2BA_RAT	Q64270	EI2BA_RAT	Eif2b1	305	Rattus norvegicus	2:Experimental evidence at transcript level	Translation initiation factor eIF2B subunit alpha	0.9685	0.999	1	2	2	2	1	0	0	1	0	0	1	0	0	1	0	0	1	0	0	1	0	0	7654713.0	5410270.0	5096239.0	5828260.0	5029403.5	5584433.0	7654713.0	5410270.0	5096239.0	5828260.0	5029403.5	5584433.0	
sp|Q642A2|ATRAP_RAT	Q642A2	ATRAP_RAT	Agtrap	160	Rattus norvegicus	1:Experimental evidence at protein level	Type-1 angiotensin II receptor-associated protein	0.9685	0.999	1	1	1	1	1	0	0	0	0	0	1	0	0	0	0	0	1	0	0	0	0	0	5943936.5	0.0	4447441.0	0.0	0.0	1819809.1	5943936.5	0.0	4447441.0	0.0	0.0	1819809.1	
sp|Q642A4|CH082_RAT	Q642A4	CH082_RAT		218	Rattus norvegicus	2:Experimental evidence at transcript level	UPF0598 protein C8orf82 homolog	1.0	0.999	3	6	6	6	1	2	3	0	0	0	1	2	3	0	0	0	1	2	3	0	0	0	1.187281E7	1.1385276E7	1.1979906E7	9498858.0	8490672.0	8789756.0	4955788.0	4713216.0	5160184.5	3627555.0	3752772.2	3565922.5	
sp|Q642C0|DNJC8_RAT	Q642C0	DNJC8_RAT	Dnajc8	253	Rattus norvegicus	2:Experimental evidence at transcript level	DnaJ homolog subfamily C member 8	0.9941	0.9937	3	5	5	5	1	0	2	0	1	1	1	0	2	0	1	1	1	0	2	0	1	1	2.562854E7	3.0409042E7	3.3063172E7	2.4045992E7	2.4533396E7	2.560911E7	1.6976624E7	1.9450368E7	2.2494658E7	1.8938012E7	2.0033486E7	2.1100782E7	
sp|Q642G2|SOSD1_RAT	Q642G2	SOSD1_RAT	Sostdc1	206	Rattus norvegicus	2:Experimental evidence at transcript level	Sclerostin domain-containing protein 1	0.9685	0.999	1	1	1	1	0	0	1	0	0	0	0	0	1	0	0	0	0	0	1	0	0	0	2392906.5	3237462.8	3473537.5	1462854.6	0.0	1220036.1	2392906.5	3237462.8	3473537.5	1462854.6	0.0	1220036.1	
sp|Q64303|PAK2_RAT	Q64303	PAK2_RAT	Pak2	524	Rattus norvegicus	1:Experimental evidence at protein level	Serine/threonine-protein kinase PAK 2	1.0	0.999	10	39	16	39	8	6	7	5	7	6	3	2	3	2	3	3	8	6	7	5	7	6	2.4833648E8	6.116542E7	9.1472742E8	1.45601536E8	2.58744912E8	1.25452112E8	1.13367192E8	1.17604728E8	1.25108024E8	1.25091264E8	1.25276584E8	1.32554248E8	
sp|Q64350|EI2BE_RAT	Q64350	EI2BE_RAT	Eif2b5	716	Rattus norvegicus	1:Experimental evidence at protein level	Translation initiation factor eIF2B subunit epsilon	0.9631	0.9988	1	3	3	3	1	1	0	0	0	1	1	1	0	0	0	1	1	1	0	0	0	1	0.0	0.0	0.0	0.0	0.0	0.0	0.0	0.0	0.0	0.0	0.0	0.0	
sp|Q64361|LXN_RAT	Q64361	LXN_RAT	Lxn	223	Rattus norvegicus	1:Experimental evidence at protein level	Latexin	1.0	0.999	4	21	21	21	3	4	5	4	3	2	3	4	5	4	3	2	3	4	5	4	3	2	3.7108024E7	4.0644388E7	4.8333848E7	2.9572728E7	3.1858276E7	3.4782568E7	1.0625309E7	1.4595541E7	1.3518314E7	9375732.0	1.1517929E7	1.0109459E7	
sp|Q64380|SARDH_RAT	Q64380	SARDH_RAT	Sardh	919	Rattus norvegicus	1:Experimental evidence at protein level	Sarcosine dehydrogenase, mitochondrial	1.0	0.999	16	56	56	56	15	14	12	5	6	4	15	14	12	5	6	4	15	14	12	5	6	4	1.84143408E8	1.57458096E8	1.39277504E8	9.704152E7	8.6536192E7	9.0696056E7	2.3622544E7	2.2606842E7	2.0485704E7	1.358394E7	1.0308735E7	1.3468504E7	
sp|Q64428|ECHA_RAT	Q64428	ECHA_RAT	Hadha	763	Rattus norvegicus	1:Experimental evidence at protein level	Trifunctional enzyme subunit alpha, mitochondrial	1.0	0.999	15	71	71	71	15	10	10	13	10	13	15	10	10	13	10	13	15	10	10	13	10	13	2.3766928E8	1.60358736E8	1.57751504E8	2.33610464E8	2.25630816E8	2.17682144E8	3.3220788E7	2.432573E7	2.3607604E7	2.7363216E7	2.6221016E7	2.5649642E7	
sp|Q64537|CPNS1_RAT	Q64537	CPNS1_RAT	Capns1	270	Rattus norvegicus	1:Experimental evidence at protein level	Calpain small subunit 1	1.0	0.999	2	7	7	7	1	1	1	1	1	2	1	1	1	1	1	2	1	1	1	1	1	2	1.8061378E7	1.9939484E7	1.7678694E7	2.0415724E7	1.83042E7	2.0318942E7	1.211663E7	1.4387672E7	1.1979512E7	1.5539241E7	1.4173378E7	1.6266563E7	
sp|Q64560|TPP2_RAT	Q64560	TPP2_RAT	Tpp2	1249	Rattus norvegicus	2:Experimental evidence at transcript level	Tripeptidyl-peptidase 2	1.0	0.999	5	8	8	8	3	1	1	0	1	2	3	1	1	0	1	2	3	1	1	0	1	2	2.0434172E7	1.5905316E7	4049414.2	2476097.5	1.1305518E7	7565308.0	7161780.0	5553591.5	4580900.0	4693790.0	5665898.5	8554066.0	
sp|Q64591|DECR_RAT	Q64591	DECR_RAT	Decr1	335	Rattus norvegicus	1:Experimental evidence at protein level	2,4-dienoyl-CoA reductase [(3E)-enoyl-CoA-producing], mitochondrial	1.0	0.999	9	48	48	48	7	11	7	8	7	8	7	11	7	8	7	8	7	11	7	8	7	8	3.99157984E8	3.70592672E8	3.82801312E8	2.03176528E8	1.92843072E8	2.10539888E8	1.12976328E8	1.03045696E8	1.085736E8	5.9531976E7	5.6660208E7	5.844164E7	
sp|Q64602|AADAT_RAT	Q64602	AADAT_RAT	Aadat	425	Rattus norvegicus	1:Experimental evidence at protein level	Kynurenine/alpha-aminoadipate aminotransferase, mitochondrial	0.8687	0.9954	1	2	2	2	1	1	0	0	0	0	1	1	0	0	0	0	1	1	0	0	0	0	4008081.5	2993746.8	0.0	9177064.0	0.0	0.0	4008081.5	2993746.8	0.0	9177064.0	0.0	0.0	
sp|Q64604|PTPRF_RAT	Q64604	PTPRF_RAT	Ptprf	1898	Rattus norvegicus	2:Experimental evidence at transcript level	Receptor-type tyrosine-protein phosphatase F	0.9998	0.999	2	2	2	2	2	0	0	0	0	0	2	0	0	0	0	0	2	0	0	0	0	0	1403479.5	0.0	1388755.1	0.0	0.0	0.0	1403479.5	0.0	1388755.1	0.0	0.0	0.0	
sp|Q64620|PPP6_RAT	Q64620	PPP6_RAT	Ppp6c	305	Rattus norvegicus	2:Experimental evidence at transcript level	Serine/threonine-protein phosphatase 6 catalytic subunit	1.0	0.9989	3	9	9	9	2	2	0	1	2	2	2	2	0	1	2	2	2	2	0	1	2	2	1.16004688E8	9.2475768E7	8.372132E7	4.3113596E7	5.861416E7	2.152723E7	7.9137E7	6.6935764E7	7.0688592E7	5.2334216E7	6.2269752E7	2.9977368E7	
sp|Q64632|ITB4_RAT	Q64632	ITB4_RAT	Itgb4	1807	Rattus norvegicus	1:Experimental evidence at protein level	Integrin beta-4	1.0	0.999	5	7	7	7	0	0	0	4	2	1	0	0	0	4	2	1	0	0	0	4	2	1	3655506.2	3015441.0	891434.1	1.189334E7	9299817.0	9278402.0	2136168.0	1716818.5	891434.1	5501994.5	5394945.5	5422248.5	
sp|Q64640|ADK_RAT	Q64640	ADK_RAT	Adk	361	Rattus norvegicus	1:Experimental evidence at protein level	Adenosine kinase	1.0	0.999	11	102	102	102	16	19	18	16	15	18	16	19	18	16	15	18	16	19	18	16	15	18	9.214672E8	9.398544E8	9.068039E8	9.0114381E8	9.4314106E8	9.3639494E8	1.55663568E8	1.55889488E8	1.55255376E8	1.49069728E8	1.52312672E8	1.54600704E8	
sp|Q64654|CP51A_RAT	Q64654	CP51A_RAT	Cyp51a1	503	Rattus norvegicus	1:Experimental evidence at protein level	Lanosterol 14-alpha demethylase	0.9961	0.999	2	6	6	6	2	0	0	2	1	1	2	0	0	2	1	1	2	0	0	2	1	1	2.2712142E7	1.7028106E7	2.100601E7	5.1508776E7	4.3664248E7	0.0	2.2712142E7	1.7028106E7	2.100601E7	5.1508776E7	4.3664248E7	0.0	
sp|Q66H12|NAGAB_RAT	Q66H12	NAGAB_RAT	Naga	415	Rattus norvegicus	2:Experimental evidence at transcript level	Alpha-N-acetylgalactosaminidase	1.0	0.999	4	13	13	13	2	2	0	3	3	3	2	2	0	3	3	3	2	2	0	3	3	3	6400572.5	5648673.5	4409107.0	1.1117729E7	1.0274117E7	1.0663639E7	3021967.2	2586916.2	2416811.2	5436549.5	4859807.5	4999351.5	
sp|Q66H39|ABCF3_RAT	Q66H39	ABCF3_RAT	Abcf3	709	Rattus norvegicus	2:Experimental evidence at transcript level	ATP-binding cassette sub-family F member 3	0.9999	0.999	3	6	6	6	2	0	2	1	1	0	2	0	2	1	1	0	2	0	2	1	1	0	1.4171376E7	2200877.2	2.2548962E7	3408452.8	5888158.0	5628024.0	6144919.5	3987190.2	6638090.0	6174878.5	4156532.5	3834468.5	
sp|Q66H61|SYQ_RAT	Q66H61	SYQ_RAT	Qars1	775	Rattus norvegicus	1:Experimental evidence at protein level	Glutamine--tRNA ligase	1.0	0.999	18	71	71	71	18	10	9	11	14	9	18	10	9	11	14	9	18	10	9	11	14	9	3.99651776E8	2.68861504E8	2.06409904E8	4.89665248E8	4.87960512E8	3.10483648E8	1.74266064E8	1.2191196E8	1.00039248E8	2.18945504E8	2.00340768E8	1.75524128E8	
sp|Q66H68|RBM47_RAT	Q66H68	RBM47_RAT	Rbm47	590	Rattus norvegicus	2:Experimental evidence at transcript level	RNA-binding protein 47	1.0	0.999	6	9	9	9	2	3	0	1	0	3	2	3	0	1	0	3	2	3	0	1	0	3	1.8591788E7	1.0393776E7	1.689412E7	1.5305879E7	9783022.0	1.0660531E7	6429630.5	4919473.0	5221786.0	5472255.5	4143388.8	3951423.5	
sp|Q66H71|CPPED_RAT	Q66H71	CPPED_RAT	Cpped1	312	Rattus norvegicus	1:Experimental evidence at protein level	Serine/threonine-protein phosphatase CPPED1	1.0	0.999	7	28	28	28	6	7	8	2	2	3	6	7	8	2	2	3	6	7	8	2	2	3	1.57584976E8	1.90138192E8	2.018736E8	1.30140648E8	1.02945632E8	1.44433184E8	4.5460708E7	5.6637376E7	5.8205468E7	3.8432168E7	4.6384448E7	4.3475416E7	
sp|Q66H74|GLP3L_RAT	Q66H74	GLP3L_RAT	Golph3l	285	Rattus norvegicus	2:Experimental evidence at transcript level	Golgi phosphoprotein 3-like	0.9989	0.9982	3	4	4	4	0	2	1	0	1	0	0	2	1	0	1	0	0	2	1	0	1	0	2.637653E7	2.864389E7	3.0638104E7	2.1678276E7	2.5537472E7	2.3439122E7	2.6366496E7	2.4434118E7	2.4084734E7	2.2466048E7	2.5022258E7	2.2539594E7	
sp|Q66H76|PAXI_RAT	Q66H76	PAXI_RAT	Pxn	586	Rattus norvegicus	1:Experimental evidence at protein level	Paxillin	0.9289	0.9976	2	3	3	3	0	0	0	0	1	2	0	0	0	0	1	2	0	0	0	0	1	2	3422422.0	2416232.8	2631987.2	3468926.0	3870563.2	1.2993422E7	3863818.2	2727859.0	2971439.5	3916320.0	4369757.0	4777385.5	
sp|Q66H80|COPD_RAT	Q66H80	COPD_RAT	Arcn1	511	Rattus norvegicus	2:Experimental evidence at transcript level	Coatomer subunit delta	1.0	0.999	20	101	101	101	17	21	19	17	13	14	17	21	19	17	13	14	17	21	19	17	13	14	5.27225632E8	5.5170995E8	4.92267328E8	5.6323142E8	5.5553587E8	5.4254349E8	8.6936984E7	7.8148464E7	7.0686368E7	8.0935064E7	7.6854592E7	7.012868E7	
sp|Q66H98|CAVN2_RAT	Q66H98	CAVN2_RAT	Cavin2	417	Rattus norvegicus	1:Experimental evidence at protein level	Caveolae-associated protein 2	1.0	0.999	6	28	28	28	5	4	6	3	7	3	5	4	6	3	7	3	5	4	6	3	7	3	4.9715964E7	4.7058564E7	6.36136E7	8.4336368E7	9.3224992E7	1.05062784E8	1.1273627E7	1.2460326E7	1.2978042E7	1.8990446E7	1.8787576E7	2.0753104E7	
sp|Q66HA6|ARL8B_RAT	Q66HA6	ARL8B_RAT	Arl8b	186	Rattus norvegicus	2:Experimental evidence at transcript level	ADP-ribosylation factor-like protein 8B	1.0	0.999	4	14	14	14	2	1	1	4	3	3	2	1	1	4	3	3	2	1	1	4	3	3	2.3343628E7	1.6632858E7	1.6358491E7	4.41434E7	2.9061664E7	3.0290224E7	1.3653024E7	1.1550676E7	1.0045456E7	2.1205256E7	1.9974596E7	1.924528E7	
sp|Q66HA8|HS105_RAT	Q66HA8	HS105_RAT	Hsph1	858	Rattus norvegicus	1:Experimental evidence at protein level	Heat shock protein 105 kDa	1.0	0.999	13	41	41	43	7	8	6	7	8	5	7	8	6	7	8	5	7	8	6	8	9	5	7.0052264E7	6.349666E7	6.1447504E7	7.0610784E7	7.2061544E7	7.6738416E7	1.1974773E7	1.1175356E7	1.0374235E7	1.1989545E7	1.1662583E7	1.1772399E7	
sp|Q66HC5|NUP93_RAT	Q66HC5	NUP93_RAT	Nup93	819	Rattus norvegicus	1:Experimental evidence at protein level	Nuclear pore complex protein Nup93	0.9685	0.999	1	1	1	1	1	0	0	0	0	0	1	0	0	0	0	0	1	0	0	0	0	0	1822509.4	0.0	0.0	0.0	0.0	0.0	0.0	0.0	0.0	0.0	0.0	0.0	
sp|Q66HD0|ENPL_RAT	Q66HD0	ENPL_RAT	Hsp90b1	804	Rattus norvegicus	1:Experimental evidence at protein level	Endoplasmin	1.0	0.999	30	465	448	465	86	96	95	59	64	65	82	94	91	57	61	63	86	96	95	59	64	65	7.9769334E9	8.031531E9	7.9899433E9	7.2174208E9	7.0323323E9	6.8360376E9	7.3017965E8	7.4666214E8	7.6213888E8	6.2393734E8	6.1842234E8	6.4741434E8	
sp|Q66HD3|NASP_RAT	Q66HD3	NASP_RAT	Nasp	776	Rattus norvegicus	1:Experimental evidence at protein level	Nuclear autoantigenic sperm protein	1.0	0.999	6	15	15	15	3	3	2	3	2	2	3	3	2	3	2	2	3	3	2	3	2	2	2.2048508E7	2.1231108E7	1.9928994E7	2.2686582E7	3.0828692E7	2.5319292E7	6447873.0	6320505.0	6120470.5	6909604.5	7621169.0	7696618.5	
sp|Q66HF1|NDUS1_RAT	Q66HF1	NDUS1_RAT	Ndufs1	727	Rattus norvegicus	1:Experimental evidence at protein level	NADH-ubiquinone oxidoreductase 75 kDa subunit, mitochondrial	1.0	0.999	9	27	27	27	6	6	4	2	4	5	6	6	4	2	4	5	6	6	4	2	4	5	6.2413164E7	6.3345612E7	3.2088906E7	8.745268E7	8.1085192E7	8.3672376E7	3.8301676E7	4.1382656E7	3.6176544E7	3.77799E7	2.6569596E7	3.3700028E7	
sp|Q66HF9|LRRF1_RAT	Q66HF9	LRRF1_RAT	Lrrfip1	738	Rattus norvegicus	1:Experimental evidence at protein level	Leucine-rich repeat flightless-interacting protein 1	1.0	0.999	3	8	6	8	2	0	1	1	3	1	1	0	1	1	2	1	2	0	1	1	3	1	8176054.0	4496879.5	9054939.0	1.1955593E7	3.8081608E7	1.1428644E7	6121932.5	5975142.0	6716349.5	8757999.0	7172321.0	8400624.0	
sp|Q66HG4|GALM_RAT	Q66HG4	GALM_RAT	Galm	342	Rattus norvegicus	1:Experimental evidence at protein level	Galactose mutarotase	1.0	0.999	3	8	8	8	1	1	1	1	1	3	1	1	1	1	1	3	1	1	1	1	1	3	1.3391451E7	1.8919072E7	1.7366976E7	1.7858264E7	1.4911296E7	1.4783331E7	8334670.0	1.2076998E7	1.1460166E7	1.2386976E7	1.0602025E7	1.0119031E7	
sp|Q66HG6|CAH5B_RAT	Q66HG6	CAH5B_RAT	Ca5b	317	Rattus norvegicus	2:Experimental evidence at transcript level	Carbonic anhydrase 5B, mitochondrial	1.0	0.999	3	14	14	14	4	2	3	2	2	1	4	2	3	2	2	1	4	2	3	2	2	1	4.1447044E7	3.7725248E7	4.4314696E7	2.1500114E7	2.2491124E7	1.757468E7	1.5346413E7	1.4395216E7	1.5984215E7	9026128.0	1.0409402E7	9913254.0	
sp|Q66HG8|RED_RAT	Q66HG8	RED_RAT	Ik	557	Rattus norvegicus	1:Experimental evidence at protein level	Protein Red	1.0	0.999	4	5	5	5	0	2	1	2	0	0	0	2	1	2	0	0	0	2	1	2	0	0	6573669.5	8202237.0	9834894.0	1.641138E7	8184834.0	5008878.5	3367980.8	4097170.5	4925340.0	3830167.5	4699058.5	3453188.5	
sp|Q66HL2|SRC8_RAT	Q66HL2	SRC8_RAT	Cttn	509	Rattus norvegicus	1:Experimental evidence at protein level	Src substrate cortactin	1.0	0.999	10	51	51	51	8	9	9	7	8	10	8	9	9	7	8	10	8	9	9	7	8	10	1.20866664E8	1.0320276E8	1.22115872E8	1.0892088E8	1.25603136E8	1.26796752E8	1.4152629E7	1.548501E7	1.5879564E7	1.5120552E7	1.6170703E7	1.6401021E7	
sp|Q66HR2|MARE1_RAT	Q66HR2	MARE1_RAT	Mapre1	268	Rattus norvegicus	1:Experimental evidence at protein level	Microtubule-associated protein RP/EB family member 1	1.0	0.999	7	17	16	17	3	2	6	1	2	3	3	2	5	1	2	3	3	2	6	1	2	3	4.529056E7	4.49225E7	5.055942E7	4.1186412E7	4.4104336E7	4.8742312E7	1.4332864E7	1.353625E7	1.2800957E7	1.2272481E7	1.271604E7	1.2966553E7	
sp|Q66HS7|PDLI3_RAT	Q66HS7	PDLI3_RAT	Pdlim3	362	Rattus norvegicus	1:Experimental evidence at protein level	PDZ and LIM domain protein 3	1.0	0.999	2	10	10	10	2	2	2	1	2	1	2	2	2	1	2	1	2	2	2	1	2	1	1.1779026E7	1.2970244E7	1.1313614E7	1.4710208E7	1.8271248E7	1.9056944E7	5844937.0	6299188.0	5566176.5	9408615.0	9377716.0	8109425.0	
sp|Q66X93|SND1_RAT	Q66X93	SND1_RAT	Snd1	909	Rattus norvegicus	1:Experimental evidence at protein level	Staphylococcal nuclease domain-containing protein 1	1.0	0.999	46	466	466	466	84	78	70	82	73	79	84	78	70	82	73	79	84	78	70	82	73	79	5.4045158E9	4.19961293E9	4.00898611E9	5.3843318E9	4.9849093E9	5.015659E9	2.50903152E8	1.94358176E8	1.90911104E8	2.36839392E8	2.2313952E8	2.2824328E8	
sp|Q675A5|PAG15_RAT	Q675A5	PAG15_RAT	Pla2g15	413	Rattus norvegicus	1:Experimental evidence at protein level	Lysosomal phospholipase A and acyltransferase	0.9639	0.9988	1	5	5	5	1	1	1	1	0	1	1	1	1	1	0	1	1	1	1	1	0	1	0.0	0.0	0.0	0.0	0.0	0.0	0.0	0.0	0.0	0.0	0.0	0.0	
sp|Q68A21|PURB_RAT	Q68A21	PURB_RAT	Purb	315	Rattus norvegicus	1:Experimental evidence at protein level	Transcriptional regulator protein Pur-beta	1.0	0.999	7	34	34	34	6	10	6	3	3	6	6	10	6	3	3	6	6	10	6	3	3	6	1.67771696E8	1.5762832E8	1.80946592E8	1.48451808E8	1.38981648E8	1.43437632E8	3.7378604E7	3.8640388E7	4.2094392E7	3.509966E7	3.4849516E7	3.5655896E7	
sp|Q68FP1|GELS_RAT	Q68FP1	GELS_RAT	Gsn	780	Rattus norvegicus	1:Experimental evidence at protein level	Gelsolin	1.0	0.999	15	68	34	68	12	7	11	13	13	12	6	3	5	5	7	8	12	7	11	13	13	12	1.55860112E8	1.305756E8	1.87774832E8	1.66625952E8	1.93742416E8	1.60211056E8	2.8220676E7	2.7791182E7	3.194759E7	3.0422476E7	3.5422012E7	3.3581716E7	
sp|Q68FP2|PON3_RAT	Q68FP2	PON3_RAT	Pon3	354	Rattus norvegicus	2:Experimental evidence at transcript level	Serum paraoxonase/lactonase 3	1.0	0.999	8	14	14	14	4	5	2	1	1	1	4	5	2	1	1	1	4	5	2	1	1	1	5.260034E7	4.666964E7	3.3190626E7	5.092118E7	4.0636632E7	3.964206E7	1.2827292E7	1.1868968E7	9419227.0	1.0786599E7	1.0880307E7	1.0085105E7	
sp|Q68FP5|SPN1_RAT	Q68FP5	SPN1_RAT	Snupn	358	Rattus norvegicus	2:Experimental evidence at transcript level	Snurportin-1	0.7428	0.9894	1	1	1	1	1	0	0	0	0	0	1	0	0	0	0	0	1	0	0	0	0	0	0.0	0.0	0.0	0.0	0.0	0.0	0.0	0.0	0.0	0.0	0.0	0.0	
sp|Q68FQ0|TCPE_RAT	Q68FQ0	TCPE_RAT	Cct5	541	Rattus norvegicus	1:Experimental evidence at protein level	T-complex protein 1 subunit epsilon	1.0	0.999	16	71	71	79	12	14	12	12	11	10	12	14	12	12	11	10	13	15	14	14	12	11	2.94422816E8	3.17970784E8	2.85219776E8	2.8316816E8	2.6863168E8	2.17564832E8	3.808E7	3.6278844E7	3.7328984E7	3.4651772E7	3.4473788E7	3.4569112E7	
sp|Q68FR2|BIN2_RAT	Q68FR2	BIN2_RAT	Bin2	507	Rattus norvegicus	1:Experimental evidence at protein level	Bridging integrator 2	0.9685	0.999	1	1	1	1	0	0	0	0	1	0	0	0	0	0	1	0	0	0	0	0	1	0	0.0	0.0	1370671.4	4629090.5	2834186.5	3405183.0	0.0	0.0	1370671.4	4629090.5	2834186.5	3405183.0	
sp|Q68FR6|EF1G_RAT	Q68FR6	EF1G_RAT	Eef1g	437	Rattus norvegicus	2:Experimental evidence at transcript level	Elongation factor 1-gamma	1.0	0.999	21	190	190	190	34	31	32	32	31	30	34	31	32	32	31	30	34	31	32	32	31	30	1.44800845E9	1.16044442E9	1.04879226E9	1.82217306E9	1.63934579E9	1.6273632E9	1.99999872E8	1.5588056E8	1.41919872E8	2.36987424E8	2.08470704E8	2.15469936E8	
sp|Q68FR9|EF1D_RAT	Q68FR9	EF1D_RAT	Eef1d	281	Rattus norvegicus	1:Experimental evidence at protein level	Elongation factor 1-delta	1.0	0.999	11	185	185	185	34	39	36	24	25	27	34	39	36	24	25	27	34	39	36	24	25	27	2.50758989E9	2.76057677E9	2.6688512E9	2.55223322E9	2.78334106E9	2.82154906E9	5.17540032E8	5.8355258E8	5.7131104E8	4.72906656E8	4.76496736E8	5.10243552E8	
sp|Q68FS1|NUBP2_RAT	Q68FS1	NUBP2_RAT	Nubp2	271	Rattus norvegicus	1:Experimental evidence at protein level	Cytosolic Fe-S cluster assembly factor NUBP2	0.9685	0.999	1	1	1	1	0	0	0	0	0	1	0	0	0	0	0	1	0	0	0	0	0	1	5623265.0	5998059.5	5790226.0	6252923.5	6179812.5	5797586.5	5623265.0	5998059.5	5790226.0	6252923.5	6179812.5	5797586.5	
sp|Q68FS2|CSN4_RAT	Q68FS2	CSN4_RAT	Cops4	406	Rattus norvegicus	1:Experimental evidence at protein level	COP9 signalosome complex subunit 4	1.0	0.999	7	26	26	26	3	7	2	5	4	5	3	7	2	5	4	5	3	7	2	5	4	5	4.7676456E7	4.049966E7	2.4010272E7	5.2743684E7	4.5609184E7	3.8064348E7	1.2545984E7	9471232.0	8410156.0	1.503812E7	1.2982943E7	9835884.0	
sp|Q68FS3|FBX7_RAT	Q68FS3	FBX7_RAT	Fbxo7	522	Rattus norvegicus	2:Experimental evidence at transcript level	F-box only protein 7	0.9137	0.9971	1	1	1	1	0	0	0	0	1	0	0	0	0	0	1	0	0	0	0	0	1	0	0.0	0.0	0.0	0.0	0.0	0.0	0.0	0.0	0.0	0.0	0.0	0.0	
sp|Q68FS4|AMPL_RAT	Q68FS4	AMPL_RAT	Lap3	519	Rattus norvegicus	1:Experimental evidence at protein level	Cytosol aminopeptidase	1.0	0.999	22	168	168	168	31	32	31	26	23	25	31	32	31	26	23	25	31	32	31	26	23	25	9.4685107E8	9.8123898E8	1.0865952E9	6.8827411E8	6.8084768E8	7.7747667E8	8.0463048E7	8.211176E7	9.2845984E7	5.7957368E7	5.9610708E7	6.4648372E7	
sp|Q68FT1|COQ9_RAT	Q68FT1	COQ9_RAT	Coq9	312	Rattus norvegicus	1:Experimental evidence at protein level	Ubiquinone biosynthesis protein COQ9, mitochondrial	1.0	0.999	5	29	29	29	7	7	6	3	2	4	7	7	6	3	2	4	7	7	6	3	2	4	8.6559232E7	9.3842592E7	9.7803256E7	4.5086524E7	4.836706E7	4.7186456E7	3.27324E7	3.5395912E7	3.7805244E7	1.8054862E7	1.8734538E7	1.80663E7	
sp|Q68FT3|PYRD2_RAT	Q68FT3	PYRD2_RAT	Pyroxd2	581	Rattus norvegicus	2:Experimental evidence at transcript level	Pyridine nucleotide-disulfide oxidoreductase domain-containing protein 2	0.9381	0.998	1	1	1	1	0	0	0	0	0	1	0	0	0	0	0	1	0	0	0	0	0	1	1015000.2	1482584.4	0.0	1535109.4	0.0	1843387.0	1015000.2	1482584.4	0.0	1535109.4	0.0	1843387.0	
sp|Q68FT9|SCLY_RAT	Q68FT9	SCLY_RAT	Scly	432	Rattus norvegicus	1:Experimental evidence at protein level	Selenocysteine lyase	1.0	0.999	8	38	38	38	6	7	6	7	7	5	6	7	6	7	7	5	6	7	6	7	7	5	6.9659088E7	7.1313472E7	7.2799352E7	7.37412E7	8.224604E7	8.2975544E7	1.5144608E7	1.5839772E7	1.5916093E7	1.6199841E7	1.888905E7	1.9072278E7	
sp|Q68FU3|ETFB_RAT	Q68FU3	ETFB_RAT	Etfb	255	Rattus norvegicus	1:Experimental evidence at protein level	Electron transfer flavoprotein subunit beta	1.0	0.999	12	104	104	104	19	22	20	14	15	14	19	22	20	14	15	14	19	22	20	14	15	14	1.25503334E9	1.25705114E9	1.47234394E9	5.9682355E8	6.2608986E8	6.2763219E8	1.74093728E8	1.78115584E8	2.01603936E8	8.8550248E7	8.9681368E7	9.3179888E7	
sp|Q68FU7|COQ6_RAT	Q68FU7	COQ6_RAT	Coq6	476	Rattus norvegicus	2:Experimental evidence at transcript level	Ubiquinone biosynthesis monooxygenase COQ6, mitochondrial	1.0	0.999	2	4	4	4	1	2	1	0	0	0	1	2	1	0	0	0	1	2	1	0	0	0	9514598.0	9329746.0	9390188.0	7843591.0	3721967.8	8653194.0	5206681.5	5055611.5	5027685.0	3995535.8	4066522.2	4722089.5	
sp|Q68FW4|STX18_RAT	Q68FW4	STX18_RAT	Stx18	334	Rattus norvegicus	2:Experimental evidence at transcript level	Syntaxin-18	0.9538	0.9985	1	1	1	1	0	1	0	0	0	0	0	1	0	0	0	0	0	1	0	0	0	0	0.0	0.0	0.0	0.0	0.0	0.0	0.0	0.0	0.0	0.0	0.0	0.0	
sp|Q68FW9|CSN3_RAT	Q68FW9	CSN3_RAT	Cops3	423	Rattus norvegicus	1:Experimental evidence at protein level	COP9 signalosome complex subunit 3	0.9685	0.999	1	3	3	3	0	0	0	1	1	1	0	0	0	1	1	1	0	0	0	1	1	1	6292453.5	4678726.0	4799396.5	0.0	6569878.0	7410088.0	6292453.5	4678726.0	4799396.5	0.0	6569878.0	7410088.0	
sp|Q68FX0|IDH3B_RAT	Q68FX0	IDH3B_RAT	Idh3B	385	Rattus norvegicus	2:Experimental evidence at transcript level	Isocitrate dehydrogenase [NAD] subunit beta, mitochondrial	1.0	0.999	11	42	42	42	10	9	7	6	3	7	10	9	7	6	3	7	10	9	7	6	3	7	9.906664E7	1.1026688E8	1.02558272E8	6.2335852E7	6.7049988E7	6.3016408E7	1.604121E7	1.7706324E7	1.6555423E7	1.2034307E7	1.2824964E7	1.1813876E7	
sp|Q68FX1|MPI_RAT	Q68FX1	MPI_RAT	Mpi	423	Rattus norvegicus	2:Experimental evidence at transcript level	Mannose-6-phosphate isomerase	1.0	0.999	3	6	6	6	2	1	0	0	2	1	2	1	0	0	2	1	2	1	0	0	2	1	2311245.8	0.0	1804746.8	2913769.8	3299564.8	2276792.8	2311245.8	0.0	1804746.8	2913769.8	3299564.8	2276792.8	
sp|Q68FX9|SIR5_RAT	Q68FX9	SIR5_RAT	Sirt5	310	Rattus norvegicus	2:Experimental evidence at transcript level	NAD-dependent protein deacylase sirtuin-5, mitochondrial	0.9685	0.999	1	3	3	3	0	1	1	1	0	0	0	1	1	1	0	0	0	1	1	1	0	0	4766178.5	4347016.0	3801290.0	2060112.0	4452845.5	0.0	4766178.5	4347016.0	3801290.0	2060112.0	4452845.5	0.0	
sp|Q68FY0|QCR1_RAT	Q68FY0	QCR1_RAT	Uqcrc1	480	Rattus norvegicus	1:Experimental evidence at protein level	Cytochrome b-c1 complex subunit 1, mitochondrial	0.9685	0.999	1	3	3	3	0	0	1	1	1	0	0	0	1	1	1	0	0	0	1	1	1	0	1.0809402E7	9458496.0	1.154091E7	1.0280232E7	1.1506684E7	6453142.0	1.0809402E7	9458496.0	1.154091E7	1.0280232E7	1.1506684E7	6453142.0	
sp|Q68FY1|NUP35_RAT	Q68FY1	NUP35_RAT	Nup35	325	Rattus norvegicus	1:Experimental evidence at protein level	Nucleoporin NUP35	1.0	0.999	2	9	9	9	1	2	1	1	2	2	1	2	1	1	2	2	1	2	1	1	2	2	5532455.5	1.7310366E7	7257724.5	1.4802438E7	1.4566546E7	1.9341486E7	8031840.5	8123651.0	1.053653E7	8107505.0	8554752.0	9563660.0	
sp|Q68G31|PBLD_RAT	Q68G31	PBLD_RAT	Pbld	288	Rattus norvegicus	2:Experimental evidence at transcript level	Phenazine biosynthesis-like domain-containing protein	1.0	0.999	13	75	75	75	13	15	13	11	11	12	13	15	13	11	11	12	13	15	13	11	11	12	4.1209568E8	4.63260704E8	4.28010848E8	4.8565552E8	5.0352064E8	5.16950944E8	6.8323592E7	7.323232E7	7.0906664E7	7.3899936E7	8.0365152E7	8.0555088E7	
sp|Q68G38|TOR1A_RAT	Q68G38	TOR1A_RAT	Tor1a	333	Rattus norvegicus	1:Experimental evidence at protein level	Torsin-1A	0.9677	0.999	1	2	2	2	0	1	0	0	0	1	0	1	0	0	0	1	0	1	0	0	0	1	1975528.1	2822907.2	1067828.0	2504174.0	0.0	5281805.5	1975528.1	2822907.2	1067828.0	2504174.0	0.0	5281805.5	
sp|Q6AXM7|HBS1L_RAT	Q6AXM7	HBS1L_RAT	Hbs1l	679	Rattus norvegicus	1:Experimental evidence at protein level	HBS1-like protein	1.0	0.999	17	54	54	54	14	10	7	8	8	7	14	10	7	8	8	7	14	10	7	8	8	7	3.11255648E8	3.32386176E8	2.93650624E8	6.5229293E8	6.3422534E8	6.663415E8	3.3882144E8	3.27052736E8	3.19606016E8	3.11671904E8	3.09232672E8	3.14084832E8	
sp|Q6AXM8|PON2_RAT	Q6AXM8	PON2_RAT	Pon2	354	Rattus norvegicus	2:Experimental evidence at transcript level	Serum paraoxonase/arylesterase 2	1.0	0.999	5	13	13	13	2	0	0	3	2	6	2	0	0	3	2	6	2	0	0	3	2	6	3.0460606E7	1.910638E7	1.7882466E7	6.5048828E7	5.0286296E7	6.4315448E7	1.5066032E7	1.1602511E7	1.0155727E7	1.7033766E7	1.421375E7	1.6696792E7	
sp|Q6AXM9|RLIG1_RAT	Q6AXM9	RLIG1_RAT		325	Rattus norvegicus	2:Experimental evidence at transcript level	RNA ligase 1	0.9681	0.999	1	4	4	4	1	1	0	0	1	1	1	1	0	0	1	1	1	1	0	0	1	1	3901958.2	3815845.0	4483968.5	2853466.2	3318278.8	4164080.2	3901958.2	3815845.0	4483968.5	2853466.2	3318278.8	4164080.2	
sp|Q6AXQ0|SAE1_RAT	Q6AXQ0	SAE1_RAT	Sae1	349	Rattus norvegicus	2:Experimental evidence at transcript level	SUMO-activating enzyme subunit 1	1.0	0.999	8	23	23	23	4	4	3	5	3	4	4	4	3	5	3	4	4	4	3	5	3	4	8.240592E7	8.19936E7	1.35224112E8	1.47634384E8	1.13066776E8	1.0015192E8	3.6521632E7	3.8041408E7	3.699596E7	5.1184728E7	4.5111488E7	4.2747388E7	
sp|Q6AXR4|HEXB_RAT	Q6AXR4	HEXB_RAT	Hexb	537	Rattus norvegicus	2:Experimental evidence at transcript level	Beta-hexosaminidase subunit beta	0.9685	0.999	1	1	1	1	0	0	0	0	0	1	0	0	0	0	0	1	0	0	0	0	0	1	2631586.2	1498834.4	0.0	2380154.0	3714903.2	3161860.5	2631586.2	1498834.4	0.0	2380154.0	3714903.2	3161860.5	
sp|Q6AXS3|DEK_RAT	Q6AXS3	DEK_RAT	Dek	378	Rattus norvegicus	1:Experimental evidence at protein level	Protein DEK	1.0	0.999	4	10	10	10	3	2	2	0	1	2	3	2	2	0	1	2	3	2	2	0	1	2	7.1400784E7	8.3816296E7	7.1912112E7	5.2959292E7	9.4579184E7	8.7480184E7	3.0667E7	3.7569972E7	3.37963E7	3.2894206E7	4.4595768E7	3.7612448E7	
sp|Q6AXS5|SERB1_RAT	Q6AXS5	SERB1_RAT	Serbp1	407	Rattus norvegicus	1:Experimental evidence at protein level	SERPINE1 mRNA-binding protein 1	1.0	0.999	11	85	85	85	17	14	15	14	12	13	17	14	15	14	12	13	17	14	15	14	12	13	6.5193043E8	7.7321632E8	7.9732179E8	5.22115456E8	5.28526048E8	5.8438989E8	1.28961752E8	1.54146304E8	1.58719792E8	1.06689776E8	1.2130524E8	1.17444176E8	
sp|Q6AXT5|RAB21_RAT	Q6AXT5	RAB21_RAT	Rab21	223	Rattus norvegicus	2:Experimental evidence at transcript level	Ras-related protein Rab-21	1.0	0.999	5	10	10	10	2	1	1	4	1	1	2	1	1	4	1	1	2	1	1	4	1	1	2.2612028E7	1.8336014E7	1.7239988E7	2.054199E7	1.9134424E7	2.3894832E7	9028665.0	7004750.5	7390039.0	1.0089694E7	8943488.0	9588539.0	
sp|Q6AXT7|RBM42_RAT	Q6AXT7	RBM42_RAT	Rbm42	478	Rattus norvegicus	1:Experimental evidence at protein level	RNA-binding protein 42	0.9981	0.999	2	4	4	4	0	1	2	0	0	1	0	1	2	0	0	1	0	1	2	0	0	1	4859203.0	4635200.5	4139695.2	4532740.0	0.0	3899265.8	4859203.0	4635200.5	4139695.2	4532740.0	0.0	3899265.8	
sp|Q6AXT8|SF3A2_RAT	Q6AXT8	SF3A2_RAT	Sf3a2	471	Rattus norvegicus	2:Experimental evidence at transcript level	Splicing factor 3A subunit 2	1.0	0.999	5	9	9	9	1	2	1	1	2	2	1	2	1	1	2	2	1	2	1	1	2	2	1.9712334E7	2.290526E7	2.1644382E7	2.4232434E7	2.5499588E7	2.8469428E7	7714795.0	8614033.0	8564296.0	9370194.0	9785484.0	1.1074361E7	
sp|Q6AXU6|JUPI1_RAT	Q6AXU6	JUPI1_RAT	Jpt1	149	Rattus norvegicus	1:Experimental evidence at protein level	Jupiter microtubule associated homolog 1	0.9685	0.999	1	6	6	6	1	1	1	1	1	1	1	1	1	1	1	1	1	1	1	1	1	1	7156802.5	6074889.5	9109224.0	5746556.5	6836046.5	7247393.0	7156802.5	6074889.5	9109224.0	5746556.5	6836046.5	7247393.0	
sp|Q6AXW1|GLRX2_RAT	Q6AXW1	GLRX2_RAT	Glrx2	157	Rattus norvegicus	2:Experimental evidence at transcript level	Glutaredoxin-2, mitochondrial	0.9685	0.999	1	1	1	1	0	0	1	0	0	0	0	0	1	0	0	0	0	0	1	0	0	0	3041440.2	2400861.2	3447218.0	1081854.1	0.0	0.0	3041440.2	2400861.2	3447218.0	1081854.1	0.0	0.0	
sp|Q6AXX6|PXL2A_RAT	Q6AXX6	PXL2A_RAT	Prxl2a	229	Rattus norvegicus	1:Experimental evidence at protein level	Peroxiredoxin-like 2A	1.0	0.999	5	19	19	19	5	3	2	3	4	2	5	3	2	3	4	2	5	3	2	3	4	2	6.8918728E7	4.342108E7	5.0986012E7	4.9569152E7	3.5346928E7	3.0987946E7	2.1713996E7	1.7705848E7	1.5856538E7	1.9968528E7	1.8348664E7	1.6406624E7	
sp|Q6AXY0|GSTA6_RAT	Q6AXY0	GSTA6_RAT	Gsta6	222	Rattus norvegicus	1:Experimental evidence at protein level	Glutathione S-transferase A6	0.9999	0.999	4	5	5	17	0	0	2	0	1	2	0	0	2	0	1	2	3	1	4	2	3	4	4314834.0	5685277.5	1.2834983E7	4382319.0	4532596.0	1.2907388E7	4485419.0	5910042.5	6117917.0	4555572.0	4711790.5	6481955.0	
sp|Q6AXY7|PR38B_RAT	Q6AXY7	PR38B_RAT	Prpf38b	542	Rattus norvegicus	1:Experimental evidence at protein level	Pre-mRNA-splicing factor 38B	0.8542	0.9948	1	1	1	1	1	0	0	0	0	0	1	0	0	0	0	0	1	0	0	0	0	0	2201122.2	0.0	609394.0	0.0	0.0	0.0	2201122.2	0.0	609394.0	0.0	0.0	0.0	
sp|Q6AXZ0|PAIP2_RAT	Q6AXZ0	PAIP2_RAT	Paip2	124	Rattus norvegicus	2:Experimental evidence at transcript level	Polyadenylate-binding protein-interacting protein 2	1.0	0.999	3	5	5	5	2	0	2	0	0	1	2	0	2	0	0	1	2	0	2	0	0	1	1.4782126E7	1.4527015E7	1.6867224E7	1.5946312E7	1.9589244E7	2.1829982E7	6591422.5	5313406.5	6248413.5	7852019.5	8720811.0	9550495.0	
sp|Q6AY09|HNRH2_RAT	Q6AY09	HNRH2_RAT	Hnrnph2	449	Rattus norvegicus	1:Experimental evidence at protein level	Heterogeneous nuclear ribonucleoprotein H2	1.0	0.999	10	18	18	53	3	3	2	3	4	3	3	3	2	3	4	3	9	9	7	8	10	10	5.6335096E7	5.026266E7	4.6396864E7	5.3218076E7	7.062936E7	6.2150004E7	2.2580642E7	2.619892E7	2.2448388E7	2.7110124E7	2.682351E7	2.3778502E7	
sp|Q6AY19|COQ8B_RAT	Q6AY19	COQ8B_RAT	Coq8b	528	Rattus norvegicus	1:Experimental evidence at protein level	Atypical kinase COQ8B, mitochondrial	1.0	0.999	3	5	5	5	1	1	0	2	1	0	1	1	0	2	1	0	1	1	0	2	1	0	4.1059776E7	3.0109154E7	4.7150912E7	1.6484962E7	9132984.0	5309668.0	4.1059776E7	3.0109154E7	4.7150912E7	1.0616369E7	3607502.0	1.0060012E7	
sp|Q6AY20|MPRD_RAT	Q6AY20	MPRD_RAT	M6pr	278	Rattus norvegicus	1:Experimental evidence at protein level	Cation-dependent mannose-6-phosphate receptor	1.0	0.999	1	7	7	7	1	0	0	2	2	2	1	0	0	2	2	2	1	0	0	2	2	2	5763859.0	0.0	0.0	1.3178048E7	1.0469896E7	1.3251538E7	3382839.2	0.0	0.0	7845005.0	5918270.5	7850403.0	
sp|Q6AY23|P5CR2_RAT	Q6AY23	P5CR2_RAT	Pycr2	320	Rattus norvegicus	2:Experimental evidence at transcript level	Pyrroline-5-carboxylate reductase 2	1.0	0.999	11	66	66	66	15	13	12	9	8	9	15	13	12	9	8	9	15	13	12	9	8	9	3.63695008E8	3.39850816E8	3.3435088E8	1.57338784E8	1.56888864E8	1.64358704E8	1.12159784E8	1.06110176E8	1.09511776E8	5.3201928E7	5.5452908E7	5.676892E7	
sp|Q6AY25|TMED3_RAT	Q6AY25	TMED3_RAT	Tmed3	221	Rattus norvegicus	1:Experimental evidence at protein level	Transmembrane emp24 domain-containing protein 3	1.0	0.999	3	8	8	8	2	2	1	1	1	1	2	2	1	1	1	1	2	2	1	1	1	1	2.326836E7	2.3772784E7	9952177.0	2.8297596E7	2.8077016E7	2.5587264E7	9765062.0	1.0413067E7	7348638.0	1.2262015E7	1.2430764E7	1.1160653E7	
sp|Q6AY30|SCPDL_RAT	Q6AY30	SCPDL_RAT	Sccpdh	429	Rattus norvegicus	1:Experimental evidence at protein level	Saccharopine dehydrogenase-like oxidoreductase	1.0	0.999	4	8	8	8	1	0	1	2	2	2	1	0	1	2	2	2	1	0	1	2	2	2	3.702152E7	3.4264936E7	2.9820488E7	3.727202E7	3.9411488E7	3.8135344E7	2.3032102E7	1.9427882E7	1.8492024E7	2.6592976E7	2.662621E7	2.510792E7	
sp|Q6AY46|TRM61_RAT	Q6AY46	TRM61_RAT	Trmt61a	290	Rattus norvegicus	2:Experimental evidence at transcript level	tRNA (adenine(58)-N(1))-methyltransferase catalytic subunit TRMT61A	1.0	0.999	2	3	3	3	0	1	1	0	1	0	0	1	1	0	1	0	0	1	1	0	1	0	0.0	4621877.5	4556284.5	0.0	3180346.5	3181886.5	0.0	3013080.0	3020681.5	0.0	2115295.8	1636647.9	
sp|Q6AY57|WIPI2_RAT	Q6AY57	WIPI2_RAT	Wipi2	445	Rattus norvegicus	1:Experimental evidence at protein level	WD repeat domain phosphoinositide-interacting protein 2	0.9934	0.9934	1	4	4	4	2	1	0	1	0	0	2	1	0	1	0	0	2	1	0	1	0	0	0.0	0.0	0.0	0.0	0.0	0.0	0.0	0.0	0.0	0.0	0.0	0.0	
sp|Q6AY63|NUDT5_RAT	Q6AY63	NUDT5_RAT	Nudt5	219	Rattus norvegicus	2:Experimental evidence at transcript level	ADP-sugar pyrophosphatase	1.0	0.999	5	24	24	24	5	5	4	4	4	2	5	5	4	4	4	2	5	5	4	4	4	2	1.24451656E8	1.37788832E8	1.4693872E8	1.03745896E8	1.11372336E8	1.13032136E8	5.4553704E7	6.0747828E7	6.41852E7	4.2367464E7	4.5995572E7	5.1818416E7	
sp|Q6AY65|ARFP2_RAT	Q6AY65	ARFP2_RAT	Arfip2	341	Rattus norvegicus	2:Experimental evidence at transcript level	Arfaptin-2	1.0	0.999	6	31	28	31	5	7	5	5	5	4	5	6	5	4	4	4	5	7	5	5	5	4	3.967522E7	4.1324856E7	2.9122014E7	2.793114E7	2.861832E7	2.324104E7	9802317.0	1.0945701E7	8263897.5	8572617.0	8529022.0	9511989.0	
sp|Q6AY72|CS025_RAT	Q6AY72	CS025_RAT		109	Rattus norvegicus	3:Protein inferred from homology	UPF0449 protein C19orf25 homolog	1.0	0.999	1	12	12	12	2	2	2	2	2	2	2	2	2	2	2	2	2	2	2	2	2	2	8295796.0	1.2042796E7	1.2249574E7	6133126.5	8502878.0	9062113.0	4504689.0	6616172.5	6788952.5	3386847.2	4706638.0	5024093.0	
sp|Q6AY80|NQO2_RAT	Q6AY80	NQO2_RAT	Nqo2	231	Rattus norvegicus	1:Experimental evidence at protein level	Ribosyldihydronicotinamide dehydrogenase [quinone]	0.9685	0.999	1	3	3	3	1	1	1	0	0	0	1	1	1	0	0	0	1	1	1	0	0	0	3839617.8	3220149.8	4453349.0	2290029.2	2708656.0	0.0	3839617.8	3220149.8	4453349.0	2290029.2	2708656.0	0.0	
sp|Q6AY84|SCRN1_RAT	Q6AY84	SCRN1_RAT	Scrn1	414	Rattus norvegicus	1:Experimental evidence at protein level	Secernin-1	0.9682	0.999	1	1	1	1	0	0	0	0	0	1	0	0	0	0	0	1	0	0	0	0	0	1	0.0	0.0	0.0	0.0	2854148.0	2215481.2	0.0	0.0	0.0	0.0	2854148.0	2215481.2	
sp|Q6AY85|ALG14_RAT	Q6AY85	ALG14_RAT	Alg14	216	Rattus norvegicus	2:Experimental evidence at transcript level	UDP-N-acetylglucosamine transferase subunit ALG14	0.9683	0.999	1	5	5	5	1	1	1	0	1	1	1	1	1	0	1	1	1	1	1	0	1	1	3267031.2	2325438.5	3898579.2	0.0	0.0	2120887.2	3267031.2	2325438.5	3898579.2	0.0	0.0	2120887.2	
sp|Q6AY86|VP26A_RAT	Q6AY86	VP26A_RAT	Vps26a	327	Rattus norvegicus	1:Experimental evidence at protein level	Vacuolar protein sorting-associated protein 26A	1.0	0.999	5	15	15	15	2	2	3	2	4	2	2	2	3	2	4	2	2	2	3	2	4	2	2.1329568E7	1.6173988E7	1.988594E7	2.5062608E7	2.2605452E7	1.7527954E7	6424367.0	5669988.5	5704964.0	7807462.5	6336961.5	7771848.5	
sp|Q6AY87|THOC6_RAT	Q6AY87	THOC6_RAT	Thoc6	341	Rattus norvegicus	2:Experimental evidence at transcript level	THO complex subunit 6 homolog	0.9525	0.9985	1	2	2	2	0	1	0	1	0	0	0	1	0	1	0	0	0	1	0	1	0	0	0.0	0.0	0.0	0.0	0.0	0.0	0.0	0.0	0.0	0.0	0.0	0.0	
sp|Q6AY96|T2FA_RAT	Q6AY96	T2FA_RAT	Gtf2f1	508	Rattus norvegicus	1:Experimental evidence at protein level	General transcription factor IIF subunit 1	0.9685	0.999	1	3	3	3	1	1	0	0	1	0	1	1	0	0	1	0	1	1	0	0	1	0	1356186.2	2052903.2	2829512.5	0.0	3927070.0	4663049.5	1356186.2	2052903.2	2829512.5	0.0	3927070.0	4663049.5	
sp|Q6AYA1|GAR1_RAT	Q6AYA1	GAR1_RAT	Gar1	226	Rattus norvegicus	2:Experimental evidence at transcript level	H/ACA ribonucleoprotein complex subunit 1	1.0	0.999	4	22	22	22	4	5	4	3	2	4	4	5	4	3	2	4	4	5	4	3	2	4	8.76594E7	1.11889256E8	1.154882E8	9.8328416E7	3.7267148E7	1.05720896E8	3.6275684E7	3.989724E7	4.6511396E7	3.8495132E7	3.8419788E7	4.2055852E7	
sp|Q6AYB3|ISY1_RAT	Q6AYB3	ISY1_RAT	Isy1	284	Rattus norvegicus	2:Experimental evidence at transcript level	Pre-mRNA-splicing factor ISY1 homolog	0.9684	0.999	1	1	1	1	0	0	1	0	0	0	0	0	1	0	0	0	0	0	1	0	0	0	0.0	0.0	0.0	0.0	0.0	0.0	0.0	0.0	0.0	0.0	0.0	0.0	
sp|Q6AYB4|HSP7E_RAT	Q6AYB4	HSP7E_RAT	Hspa14	509	Rattus norvegicus	2:Experimental evidence at transcript level	Heat shock 70 kDa protein 14	0.9642	0.9989	1	1	1	1	0	0	0	1	0	0	0	0	0	1	0	0	0	0	0	1	0	0	1259615.6	772535.0	824180.3	1351215.8	1084663.5	910648.0	1259615.6	772535.0	824180.3	1351215.8	1084663.5	910648.0	
sp|Q6AYB5|SRP54_RAT	Q6AYB5	SRP54_RAT	Srp54	504	Rattus norvegicus	2:Experimental evidence at transcript level	Signal recognition particle subunit SRP54	1.0	0.999	23	128	128	128	24	22	23	19	18	22	24	22	23	19	18	22	24	22	23	19	18	22	5.22923904E8	4.51456032E8	4.19483104E8	4.44080416E8	4.1783888E8	4.15158048E8	5.909526E7	5.2063876E7	4.8063424E7	5.0702172E7	4.9380692E7	4.7515316E7	
sp|Q6AYB8|GO45_RAT	Q6AYB8	GO45_RAT	Blzf1	400	Rattus norvegicus	1:Experimental evidence at protein level	Golgin-45	0.8011	0.9924	1	1	1	1	1	0	0	0	0	0	1	0	0	0	0	0	1	0	0	0	0	0	0.0	0.0	0.0	0.0	0.0	0.0	0.0	0.0	0.0	0.0	0.0	0.0	
sp|Q6AYC4|CAPG_RAT	Q6AYC4	CAPG_RAT	Capg	349	Rattus norvegicus	1:Experimental evidence at protein level	Macrophage-capping protein	1.0	0.999	8	35	35	35	5	5	4	6	8	7	5	5	4	6	8	7	5	5	4	6	8	7	5.7231632E7	4.9289164E7	6.6185592E7	7.6593864E7	9.7133744E7	8.8400408E7	1.1355061E7	1.2604375E7	1.2115332E7	1.87957E7	1.8609144E7	2.0958524E7	
sp|Q6AYC8|SH24A_RAT	Q6AYC8	SH24A_RAT	Sh2d4a	422	Rattus norvegicus	2:Experimental evidence at transcript level	SH2 domain-containing protein 4A	1.0	0.999	4	15	15	15	4	2	3	2	2	2	4	2	3	2	2	2	4	2	3	2	2	2	7455961.5	2.9390762E7	4850533.0	1.5255146E7	9925482.0	1.0340722E7	6136670.0	6540392.0	6430582.0	6407986.5	5012215.5	5944041.5	
sp|Q6AYD1|MBLC1_RAT	Q6AYD1	MBLC1_RAT	Mblac1	251	Rattus norvegicus	2:Experimental evidence at transcript level	Metallo-beta-lactamase domain-containing protein 1	0.9685	0.999	1	2	2	2	1	1	0	0	0	0	1	1	0	0	0	0	1	1	0	0	0	0	2250338.0	2103515.8	2234797.5	2228485.0	2530506.5	2518672.5	2250338.0	2103515.8	2234797.5	2228485.0	2530506.5	2518672.5	
sp|Q6AYD3|PA2G4_RAT	Q6AYD3	PA2G4_RAT	Pa2g4	394	Rattus norvegicus	1:Experimental evidence at protein level	Proliferation-associated protein 2G4	1.0	0.999	21	199	199	199	33	43	34	32	29	28	33	43	34	32	29	28	33	43	34	32	29	28	1.4311735E9	1.4262967E9	1.32507699E9	1.1823145E9	1.12273997E9	1.20588096E9	1.17726984E8	1.21559976E8	1.15736232E8	1.0117124E8	9.3752504E7	1.005882E8	
sp|Q6AYE2|SHLB1_RAT	Q6AYE2	SHLB1_RAT	Sh3glb1	365	Rattus norvegicus	2:Experimental evidence at transcript level	Endophilin-B1	1.0	0.999	4	9	5	9	1	1	1	4	1	1	1	1	0	3	0	0	1	1	1	4	1	1	1.9341378E7	1.3411878E7	1.9754042E7	2.2204524E7	2.2789474E7	2.2529132E7	6471823.5	6282983.0	6006263.5	6630367.0	7281030.0	7586179.5	
sp|Q6AYG5|ECHD1_RAT	Q6AYG5	ECHD1_RAT	Echdc1	299	Rattus norvegicus	1:Experimental evidence at protein level	Ethylmalonyl-CoA decarboxylase	1.0	0.999	10	46	46	46	10	9	9	6	6	6	10	9	9	6	6	6	10	9	9	6	6	6	4.06192032E8	4.08242528E8	4.20603712E8	3.77189984E8	3.71814368E8	3.40369664E8	6.0208972E7	6.1476632E7	6.484852E7	5.7528496E7	5.6563276E7	5.4928396E7	
sp|Q6AYH5|DCTN2_RAT	Q6AYH5	DCTN2_RAT	Dctn2	402	Rattus norvegicus	1:Experimental evidence at protein level	Dynactin subunit 2	1.0	0.999	14	70	70	70	11	14	14	11	9	11	11	14	14	11	9	11	11	14	14	11	9	11	2.40546592E8	2.68128976E8	2.64241216E8	2.22562784E8	2.4363408E8	2.31640528E8	2.3657108E7	2.6598886E7	2.6235816E7	2.1268652E7	2.3661514E7	2.2171988E7	
sp|Q6AYH6|EMC10_RAT	Q6AYH6	EMC10_RAT	Emc10	258	Rattus norvegicus	1:Experimental evidence at protein level	ER membrane protein complex subunit 10	0.9971	0.999	2	4	4	4	1	1	0	0	2	0	1	1	0	0	2	0	1	1	0	0	2	0	2602522.5	3405022.0	4987763.0	4342621.0	3535470.0	5813732.0	2602522.5	3405022.0	4987763.0	4342621.0	3535470.0	5813732.0	
sp|Q6AYK3|INO1_RAT	Q6AYK3	INO1_RAT	Isyna1	557	Rattus norvegicus	1:Experimental evidence at protein level	Inositol-3-phosphate synthase 1	1.0	0.999	12	58	58	58	9	10	11	7	9	12	9	10	11	7	9	12	9	10	11	7	9	12	2.28767392E8	2.38375424E8	2.646964E8	1.7444496E8	1.90801232E8	1.8561472E8	4.7463952E7	4.9653924E7	5.1490212E7	3.3799912E7	3.758846E7	3.7983992E7	
sp|Q6AYK5|LYAR_RAT	Q6AYK5	LYAR_RAT	Lyar	386	Rattus norvegicus	1:Experimental evidence at protein level	Cell growth-regulating nucleolar protein	1.0	0.999	4	12	12	12	3	3	4	1	0	1	3	3	4	1	0	1	3	3	4	1	0	1	2.8577902E7	2.6513918E7	2.9920208E7	1.9897234E7	2.4780328E7	2.3367356E7	9155711.0	9123240.0	1.0273164E7	7325050.0	1.0237208E7	8930363.0	
sp|Q6AYK6|CYBP_RAT	Q6AYK6	CYBP_RAT	Cacybp	229	Rattus norvegicus	1:Experimental evidence at protein level	Calcyclin-binding protein	1.0	0.999	4	24	24	24	5	4	4	3	4	4	5	4	4	3	4	4	5	4	4	3	4	4	7.6254536E7	8.8202096E7	9.4097152E7	4.6000392E7	6.5491392E7	6.2347928E7	2.27676E7	2.6981752E7	2.8424072E7	1.4573853E7	1.9075372E7	1.8742312E7	
sp|Q6AYK8|EIF3D_RAT	Q6AYK8	EIF3D_RAT	Eif3d	548	Rattus norvegicus	1:Experimental evidence at protein level	Eukaryotic translation initiation factor 3 subunit D	1.0	0.999	10	52	52	52	9	9	7	10	7	10	9	9	7	10	7	10	9	9	7	10	7	10	2.01609424E8	1.7351232E8	1.55477728E8	2.298608E8	1.71416384E8	2.43712016E8	6.4114704E7	5.4000856E7	5.211626E7	6.2843444E7	6.2105648E7	5.7563588E7	
sp|Q6AYL5|SF3B4_RAT	Q6AYL5	SF3B4_RAT	Sf3b4	424	Rattus norvegicus	2:Experimental evidence at transcript level	Splicing factor 3B subunit 4	1.0	0.999	3	19	19	19	4	3	3	3	3	3	4	3	3	3	3	3	4	3	3	3	3	3	2.9971992E7	3.5057904E7	3.2149636E7	4.186178E7	3.9130436E7	4.4295456E7	1.2265855E7	1.448555E7	1.3932834E7	1.7867164E7	1.4925197E7	1.9070076E7	
sp|Q6AYQ4|TM109_RAT	Q6AYQ4	TM109_RAT	Tmem109	243	Rattus norvegicus	2:Experimental evidence at transcript level	Voltage-gated monoatomic cation channel TMEM109	0.9978	0.999	2	9	9	9	2	1	1	2	1	2	2	1	1	2	1	2	2	1	1	2	1	2	1.31512832E8	5.1077256E7	4.1758204E7	1.0790556E8	8.3033936E7	9.3804008E7	7.4288328E7	5.1077256E7	4.1758204E7	1.0790556E8	8.3033936E7	9.3804008E7	
sp|Q6AYQ8|FAHD1_RAT	Q6AYQ8	FAHD1_RAT	Fahd1	221	Rattus norvegicus	1:Experimental evidence at protein level	Oxaloacetate tautomerase FAHD1, mitochondrial	1.0	0.999	9	42	42	42	8	11	11	4	2	6	8	11	11	4	2	6	8	11	11	4	2	6	1.6286368E8	1.92416864E8	2.06487216E8	1.15494384E8	9.0991728E7	1.31664648E8	5.7051492E7	6.707582E7	7.1986136E7	3.5886608E7	3.5011172E7	4.2243864E7	
sp|Q6AYR6|HDHD2_RAT	Q6AYR6	HDHD2_RAT	Hdhd2	259	Rattus norvegicus	2:Experimental evidence at transcript level	Haloacid dehalogenase-like hydrolase domain-containing protein 2	1.0	0.999	5	20	20	20	5	5	5	2	2	1	5	5	5	2	2	1	5	5	5	2	2	1	4.4976948E7	5.3273196E7	5.1680248E7	3.5639252E7	4.5460312E7	3.5342304E7	1.6134682E7	2.0631884E7	1.9032584E7	1.4036397E7	1.5547631E7	1.3096889E7	
sp|Q6AYR8|SCRN2_RAT	Q6AYR8	SCRN2_RAT	Scrn2	423	Rattus norvegicus	2:Experimental evidence at transcript level	Secernin-2	0.9685	0.999	1	6	6	6	1	1	1	1	1	1	1	1	1	1	1	1	1	1	1	1	1	1	7350835.0	6871022.0	7255660.5	8120512.5	1.3252262E7	1.0206395E7	7350835.0	6871022.0	7255660.5	8120512.5	1.3252262E7	1.0206395E7	
sp|Q6AYS7|ACY1A_RAT	Q6AYS7	ACY1A_RAT	Acy1a	408	Rattus norvegicus	1:Experimental evidence at protein level	Aminoacylase-1A	1.0	0.999	19	126	75	126	22	17	21	21	25	20	13	9	12	14	15	12	22	17	21	21	25	20	6.1792499E8	7.404407E8	7.3798214E8	5.873369E8	5.9369574E8	6.217447E8	7.6399232E7	8.5698304E7	8.4720176E7	6.8924912E7	7.3187256E7	7.3723104E7	
sp|Q6AYS8|DHB11_RAT	Q6AYS8	DHB11_RAT	Hsd17b11	298	Rattus norvegicus	2:Experimental evidence at transcript level	Estradiol 17-beta-dehydrogenase 11	1.0	0.999	3	6	6	6	1	0	0	2	1	2	1	0	0	2	1	2	1	0	0	2	1	2	6470874.0	4700494.0	0.0	9261527.0	9324778.0	9296232.0	4207960.5	3070178.8	0.0	5827770.0	5456241.5	5673220.5	
sp|Q6AYT0|QOR_RAT	Q6AYT0	QOR_RAT	Cryz	329	Rattus norvegicus	2:Experimental evidence at transcript level	Quinone oxidoreductase	1.0	0.999	4	9	9	9	2	4	2	0	0	1	2	4	2	0	0	1	2	4	2	0	0	1	1.0713563E7	1.8130126E7	1.8343672E7	5101447.5	8338779.0	1.0374971E7	3939742.8	6466351.5	7683146.5	3109216.5	3524414.8	3572300.5	
sp|Q6AYT3|RTCB_RAT	Q6AYT3	RTCB_RAT	Rtcb	505	Rattus norvegicus	2:Experimental evidence at transcript level	RNA-splicing ligase RtcB homolog	1.0	0.999	17	90	90	90	15	15	17	14	15	14	15	15	17	14	15	14	15	15	17	14	15	14	5.13030592E8	4.95271296E8	5.5479514E8	5.09012864E8	4.49734784E8	4.46327296E8	5.230118E7	5.22997E7	5.8331732E7	5.0736456E7	4.7410612E7	4.8052308E7	
sp|Q6AYT9|ACSM5_RAT	Q6AYT9	ACSM5_RAT	Acsm5	578	Rattus norvegicus	2:Experimental evidence at transcript level	Acyl-coenzyme A synthetase ACSM5, mitochondrial	0.623	0.9817	1	1	0	1	1	0	0	0	0	0	0	0	0	0	0	0	1	0	0	0	0	0	5309895.5	2679632.8	0.0	0.0	0.0	0.0	5309895.5	2679632.8	0.0	0.0	0.0	0.0	sp|Q6SKG1|ACSM3_RAT
sp|Q6AYU3|DNJB6_RAT	Q6AYU3	DNJB6_RAT	Dnajb6	357	Rattus norvegicus	1:Experimental evidence at protein level	DnaJ homolog subfamily B member 6	1.0	0.999	2	5	5	5	1	1	2	0	0	1	1	1	2	0	0	1	1	1	2	0	0	1	2.5883524E7	2.7392738E7	2.6079166E7	4.33195E7	5.3004276E7	5.7445732E7	2.5883524E7	2.3960862E7	2.3595488E7	4.33195E7	5.3004276E7	5.7445732E7	
sp|Q6AYZ1|TBA1C_RAT	Q6AYZ1	TBA1C_RAT	Tuba1c	449	Rattus norvegicus	1:Experimental evidence at protein level	Tubulin alpha-1C chain	1.0	0.999	20	13	13	281	2	2	2	2	2	3	2	2	2	2	2	3	46	42	43	48	54	48	4.0768692E7	4.1990688E7	4.0142472E7	6.661696E7	7.4995728E7	6.9129664E7	2.2486662E7	2.3193524E7	2.1663346E7	3.6507628E7	4.125274E7	3.8234528E7	
sp|Q6AZ50|ATG3_RAT	Q6AZ50	ATG3_RAT	Atg3	314	Rattus norvegicus	2:Experimental evidence at transcript level	Ubiquitin-like-conjugating enzyme ATG3	1.0	0.999	3	16	16	16	4	3	3	2	2	2	4	3	3	2	2	2	4	3	3	2	2	2	5.1385112E7	3.874986E7	4.7884148E7	3.7805504E7	1.170234E7	1.7681504E7	2.8058152E7	2.4677394E7	2.9908614E7	2.3654194E7	1.3933477E7	1.7585814E7	
sp|Q6B345|S10AB_RAT	Q6B345	S10AB_RAT	S100a11	98	Rattus norvegicus	3:Protein inferred from homology	Protein S100-A11	1.0	0.999	3	14	14	14	2	1	2	2	4	3	2	1	2	2	4	3	2	1	2	2	4	3	1.03616448E8	6.50383E7	1.062E8	1.30246776E8	1.92253824E8	1.7736576E8	5.075316E7	4.3899988E7	4.5250044E7	9.272092E7	9.0200296E7	7.916704E7	
sp|Q6BBI8|UFC1_RAT	Q6BBI8	UFC1_RAT	Ufc1	167	Rattus norvegicus	2:Experimental evidence at transcript level	Ubiquitin-fold modifier-conjugating enzyme 1	1.0	0.999	4	15	15	15	3	3	3	3	2	1	3	3	3	3	2	1	3	3	3	3	2	1	8.399616E7	1.02473504E8	9.8992032E7	6.2683872E7	6.3134444E7	1.722081E7	3.7992864E7	4.418998E7	4.0829556E7	2.546288E7	2.4496066E7	1.8664624E7	
sp|Q6DGF4|ZFAN6_RAT	Q6DGF4	ZFAN6_RAT	Zfand6	223	Rattus norvegicus	1:Experimental evidence at protein level	AN1-type zinc finger protein 6	1.0	0.999	2	6	5	6	2	1	0	1	1	1	2	1	0	1	1	0	2	1	0	1	1	1	3663457.8	3757271.2	4185152.2	3849739.8	1710876.5	3348630.8	3663457.8	3757271.2	4185152.2	3849739.8	1710876.5	3348630.8	
sp|Q6DGG0|PPID_RAT	Q6DGG0	PPID_RAT	Ppid	370	Rattus norvegicus	1:Experimental evidence at protein level	Peptidyl-prolyl cis-trans isomerase D	1.0	0.999	9	37	37	37	7	9	5	5	7	4	7	9	5	5	7	4	7	9	5	5	7	4	6.5250172E7	6.3500384E7	7.569728E7	7.6756288E7	7.3946352E7	7.2207088E7	1.7220408E7	1.7029276E7	1.6571046E7	1.7541856E7	1.72984E7	1.6413411E7	
sp|Q6DGG1|ABHEB_RAT	Q6DGG1	ABHEB_RAT	Abhd14b	210	Rattus norvegicus	2:Experimental evidence at transcript level	Putative protein-lysine deacylase ABHD14B	1.0	0.999	8	53	53	53	8	12	11	7	7	8	8	12	11	7	7	8	8	12	11	7	7	8	3.16426976E8	3.37522944E8	3.49522976E8	3.7468512E8	3.49563328E8	1.87021376E8	8.8154392E7	9.6708112E7	1.07080344E8	7.442572E7	7.4818216E7	7.2435504E7	
sp|Q6DGG9|CAMLG_RAT	Q6DGG9	CAMLG_RAT	Camlg	295	Rattus norvegicus	1:Experimental evidence at protein level	Guided entry of tail-anchored proteins factor CAMLG	0.961	0.9988	1	1	1	1	0	0	0	0	1	0	0	0	0	0	1	0	0	0	0	0	1	0	0.0	0.0	0.0	0.0	195966.66	0.0	0.0	0.0	0.0	0.0	0.0	0.0	
sp|Q6E0V2|KTNA1_RAT	Q6E0V2	KTNA1_RAT	Katna1	491	Rattus norvegicus	1:Experimental evidence at protein level	Katanin p60 ATPase-containing subunit A1	0.8311	0.9938	1	1	1	1	0	0	0	0	0	1	0	0	0	0	0	1	0	0	0	0	0	1	0.0	0.0	0.0	0.0	0.0	0.0	0.0	0.0	0.0	0.0	0.0	0.0	
sp|Q6EV70|OFUT1_RAT	Q6EV70	OFUT1_RAT	Pofut1	395	Rattus norvegicus	1:Experimental evidence at protein level	GDP-fucose protein O-fucosyltransferase 1	0.9999	0.999	2	5	5	5	2	0	1	0	1	1	2	0	1	0	1	1	2	0	1	0	1	1	1.3534068E7	3279467.0	3434816.8	3466388.2	3374679.5	2.9538868E7	5345359.0	5543634.0	5806238.0	5859607.0	5704582.0	6070333.5	
sp|Q6GMN2|BAIP2_RAT	Q6GMN2	BAIP2_RAT	Baiap2	535	Rattus norvegicus	1:Experimental evidence at protein level	BAR/IMD domain-containing adapter protein 2	1.0	0.999	3	10	10	10	3	2	2	1	1	1	3	2	2	1	1	1	3	2	2	1	1	1	1.7307804E7	1.3174828E7	1.302214E7	2.0742428E7	2.2025804E7	1.6207242E7	8386788.0	6166564.5	6269960.0	1.2313239E7	9625588.0	1.0524111E7	
sp|Q6GQP4|RAB31_RAT	Q6GQP4	RAB31_RAT	Rab31	195	Rattus norvegicus	1:Experimental evidence at protein level	Ras-related protein Rab-31	0.9611	0.9988	1	2	2	2	1	0	1	0	0	0	1	0	1	0	0	0	1	0	1	0	0	0	9.8686032E7	8.4903304E7	8211545.0	6.2643972E7	0.0	6.041826E7	9.8686032E7	8.4903304E7	8211545.0	6.2643972E7	0.0	6.041826E7	
sp|Q6I7R3|ISOC1_RAT	Q6I7R3	ISOC1_RAT	Isoc1	297	Rattus norvegicus	1:Experimental evidence at protein level	Isochorismatase domain-containing protein 1	1.0	0.999	6	19	19	19	4	2	3	3	4	3	4	2	3	3	4	3	4	2	3	3	4	3	5.1338784E7	5.2223496E7	5.5806836E7	5.9184212E7	5.5017184E7	4.8795584E7	1.7768596E7	1.5209462E7	1.5874093E7	1.8125052E7	1.6560989E7	1.5360911E7	
sp|Q6IFU7|K1C42_RAT	Q6IFU7	K1C42_RAT	Krt42	452	Rattus norvegicus	3:Protein inferred from homology	Keratin, type I cytoskeletal 42	0.9939	0.9989	4	2	2	24	1	1	0	0	0	0	1	1	0	0	0	0	5	5	3	4	4	3	1131786.1	2471408.2	2156409.8	1679727.2	1447564.9	1975445.0	1131786.1	2471408.2	2156409.8	1679727.2	1447564.9	1975445.0	
sp|Q6IFV3|K1C15_RAT	Q6IFV3	K1C15_RAT	Krt15	447	Rattus norvegicus	1:Experimental evidence at protein level	Keratin, type I cytoskeletal 15	0.9943	0.999	5	6	6	33	1	1	1	1	1	1	1	1	1	1	1	1	5	6	5	5	7	5	0.0	0.0	0.0	0.0	0.0	0.0	0.0	0.0	0.0	0.0	0.0	0.0	
sp|Q6IG12|K2C7_RAT	Q6IG12	K2C7_RAT	Krt7	457	Rattus norvegicus	3:Protein inferred from homology	Keratin, type II cytoskeletal 7	1.0	0.999	6	4	4	32	1	1	0	1	1	0	1	1	0	1	1	0	6	5	4	5	7	5	8441922.0	7292793.0	1.0344023E7	7322703.0	1.0433711E7	1.0260188E7	6441281.0	7292793.0	7723427.0	5225037.0	7260056.5	8131085.5	
sp|Q6IMX7|HPBP1_RAT	Q6IMX7	HPBP1_RAT	Hspbp1	357	Rattus norvegicus	1:Experimental evidence at protein level	Hsp70-binding protein 1	0.9672	0.999	1	1	1	1	0	0	0	1	0	0	0	0	0	1	0	0	0	0	0	1	0	0	2152081.5	0.0	0.0	4416992.0	0.0	4234387.0	2152081.5	0.0	0.0	4416992.0	0.0	4234387.0	
sp|Q6IMY8|HNRPU_RAT	Q6IMY8	HNRPU_RAT	Hnrnpu	798	Rattus norvegicus	1:Experimental evidence at protein level	Heterogeneous nuclear ribonucleoprotein U	1.0	0.999	19	96	96	96	18	15	17	16	15	15	18	15	17	16	15	15	18	15	17	16	15	15	6.5517446E8	6.1120122E8	6.1125536E8	8.0269248E8	7.4206432E8	7.9616685E8	7.463372E7	7.3441136E7	7.184104E7	9.5310224E7	8.8148272E7	9.3460784E7	
sp|Q6IRE4|TS101_RAT	Q6IRE4	TS101_RAT	Tsg101	391	Rattus norvegicus	1:Experimental evidence at protein level	Tumor susceptibility gene 101 protein	0.975	0.999	2	7	7	7	1	1	1	2	1	1	1	1	1	2	1	1	1	1	1	2	1	1	1754870.1	1623343.4	1482582.9	2371183.8	2871435.8	1583009.9	1754870.1	1623343.4	1482582.9	2371183.8	2871435.8	1583009.9	
sp|Q6IRK9|CBPQ_RAT	Q6IRK9	CBPQ_RAT	Cpq	472	Rattus norvegicus	1:Experimental evidence at protein level	Carboxypeptidase Q	1.0	0.999	6	29	29	29	5	4	6	4	6	4	5	4	6	4	6	4	5	4	6	4	6	4	5.26498E7	5.5805292E7	6.1820784E7	8.7836584E7	9.1149688E7	7.8265256E7	1.5970705E7	1.7124584E7	1.8545234E7	2.63037E7	2.8043548E7	2.78881E7	
sp|Q6IUR5|NENF_RAT	Q6IUR5	NENF_RAT	Nenf	171	Rattus norvegicus	1:Experimental evidence at protein level	Neudesin	1.0	0.999	2	9	9	9	2	2	2	2	0	1	2	2	2	2	0	1	2	2	2	2	0	1	6139600.0	9811682.0	1.2584329E7	9019515.0	3743700.8	1.3324063E7	4123056.2	6399768.0	7898648.0	4611355.5	6049669.5	7125338.0	
sp|Q6IUU3|QSOX1_RAT	Q6IUU3	QSOX1_RAT	Qsox1	750	Rattus norvegicus	1:Experimental evidence at protein level	Sulfhydryl oxidase 1	1.0	0.999	11	24	24	24	2	2	2	7	5	6	2	2	2	7	5	6	2	2	2	7	5	6	2.6529862E7	3.1574916E7	3.5600644E7	7.2988616E7	6.8730624E7	7.7391848E7	9311777.0	7072350.5	7810937.0	2.311538E7	2.1662952E7	2.609122E7	
sp|Q6J2U6|RN114_RAT	Q6J2U6	RN114_RAT	Rnf114	229	Rattus norvegicus	2:Experimental evidence at transcript level	E3 ubiquitin-protein ligase RNF114	1.0	0.999	2	9	9	9	1	2	2	1	2	1	1	2	2	1	2	1	1	2	2	1	2	1	1.5219174E7	1.5702522E7	6000471.5	7230713.0	8969508.0	6245615.5	7243286.5	9246476.0	3996165.5	4812904.0	5955937.5	4048746.8	
sp|Q6J4I0|PPR1B_RAT	Q6J4I0	PPR1B_RAT	Ppp1r1b	205	Rattus norvegicus	1:Experimental evidence at protein level	Protein phosphatase 1 regulatory subunit 1B	0.9439	0.9982	1	1	1	1	1	0	0	0	0	0	1	0	0	0	0	0	1	0	0	0	0	0	460246.6	0.0	0.0	0.0	326958.38	0.0	460246.6	0.0	0.0	0.0	326958.38	0.0	
sp|Q6JE36|NDRG1_RAT	Q6JE36	NDRG1_RAT	Ndrg1	394	Rattus norvegicus	1:Experimental evidence at protein level	Protein NDRG1	1.0	0.999	7	46	46	46	9	9	6	7	7	8	9	9	6	7	7	8	9	9	6	7	7	8	1.6940264E8	1.6311472E8	1.76458784E8	2.67548272E8	3.1331504E8	2.64688592E8	4.0662916E7	4.1249972E7	4.0077976E7	7.156152E7	7.5830912E7	6.8734848E7	
sp|Q6MFY6|PP1RB_RAT	Q6MFY6	PP1RB_RAT	Ppp1r11	127	Rattus norvegicus	2:Experimental evidence at transcript level	E3 ubiquitin-protein ligase PPP1R11	0.9685	0.999	1	2	2	2	0	1	1	0	0	0	0	1	1	0	0	0	0	1	1	0	0	0	0.0	648885.2	1154159.6	0.0	0.0	0.0	0.0	648885.2	1154159.6	0.0	0.0	0.0	
sp|Q6MG08|ABCF1_RAT	Q6MG08	ABCF1_RAT	Abcf1	839	Rattus norvegicus	1:Experimental evidence at protein level	ATP-binding cassette sub-family F member 1	1.0	0.999	17	81	81	81	14	16	16	11	12	12	14	16	16	11	12	12	14	16	16	11	12	12	3.06833024E8	2.81250816E8	3.4702592E8	2.58167184E8	2.93649216E8	2.64177056E8	9.728268E7	9.251492E7	9.5567456E7	8.2497856E7	8.6379128E7	8.3707848E7	
sp|Q6MG48|PRC2A_RAT	Q6MG48	PRC2A_RAT	Prrc2a	2161	Rattus norvegicus	1:Experimental evidence at protein level	Protein PRRC2A	1.0	0.999	7	10	10	10	0	2	2	0	4	2	0	2	2	0	4	2	0	2	2	0	4	2	1.3049854E7	1.496737E7	1.5410759E7	2.583524E7	2.8887058E7	3859228.5	7995431.0	9595712.0	9719880.0	1.4867039E7	1.9447638E7	1.6695963E7	
sp|Q6MG49|BAG6_RAT	Q6MG49	BAG6_RAT	Bag6	1146	Rattus norvegicus	1:Experimental evidence at protein level	Large proline-rich protein BAG6	1.0	0.999	5	15	15	15	2	2	2	3	4	2	2	2	2	3	4	2	2	2	2	3	4	2	6.0806445E8	7.3387104E8	4.35873E7	5.7549459E8	5.6838426E8	5.6708531E8	3.64058016E8	3.09535136E8	3.39394048E8	4.0886704E8	3.54519968E8	4.00959296E8	
sp|Q6MG60|DDAH2_RAT	Q6MG60	DDAH2_RAT	Ddah2	285	Rattus norvegicus	1:Experimental evidence at protein level	Putative hydrolase DDAH2	1.0	0.999	7	20	20	31	5	2	3	4	4	2	5	2	3	4	4	2	7	4	5	6	5	4	2.4726862E7	2.016898E7	1.9301806E7	2.9173358E7	3.010548E7	2.6335806E7	9627485.0	7788868.5	7863852.0	1.1542253E7	1.1440007E7	1.023951E7	
sp|Q6MG61|CLIC1_RAT	Q6MG61	CLIC1_RAT	Clic1	241	Rattus norvegicus	1:Experimental evidence at protein level	Chloride intracellular channel protein 1	1.0	0.999	8	37	37	37	6	5	4	7	8	7	6	5	4	7	8	7	6	5	4	7	8	7	9.048524E7	7.4737056E7	7.8156472E7	1.43885568E8	1.44817552E8	1.380504E8	2.6358542E7	2.290943E7	2.1754382E7	4.2187704E7	4.1028152E7	4.2379788E7	
sp|Q6MG77|DXO_RAT	Q6MG77	DXO_RAT	Dxo	397	Rattus norvegicus	1:Experimental evidence at protein level	Decapping and exoribonuclease protein	0.9999	0.9977	3	7	7	7	2	1	1	1	2	0	2	1	1	1	2	0	2	1	1	1	2	0	4104211.5	4369038.0	4550752.5	3354095.2	4104213.8	3607231.2	4104211.5	4369038.0	4550752.5	3354095.2	4104213.8	3607231.2	
sp|Q6MGA9|BRD2_RAT	Q6MGA9	BRD2_RAT	Brd2	798	Rattus norvegicus	1:Experimental evidence at protein level	Bromodomain-containing protein 2	0.6428	0.9832	1	2	2	2	0	0	0	1	0	1	0	0	0	1	0	1	0	0	0	1	0	1	1844804.8	687897.7	1824761.2	2786039.8	2182985.5	2191162.5	1844804.8	687897.7	1824761.2	2786039.8	2182985.5	2191162.5	
sp|Q6MGB5|DHB8_RAT	Q6MGB5	DHB8_RAT	Hsd17b8	259	Rattus norvegicus	1:Experimental evidence at protein level	(3R)-3-hydroxyacyl-CoA dehydrogenase	1.0	0.999	3	6	6	6	2	3	0	0	1	0	2	3	0	0	1	0	2	3	0	0	1	0	7239494.5	5806917.5	7229503.5	2804596.5	2354010.8	2546230.2	4901069.5	4074365.5	4689950.5	2804596.5	1528697.5	1786904.4	
sp|Q6MGD0|CUTA_RAT	Q6MGD0	CUTA_RAT	Cuta	177	Rattus norvegicus	1:Experimental evidence at protein level	Protein CutA	1.0	0.999	3	30	30	30	3	7	7	4	5	4	3	7	7	4	5	4	3	7	7	4	5	4	9.6041432E7	1.13155304E8	1.08442088E8	7.3463752E7	8.5090984E7	8.826124E7	3.3324288E7	3.761316E7	3.7862704E7	2.8823862E7	3.1907628E7	2.964888E7	
sp|Q6NX65|PDC10_RAT	Q6NX65	PDC10_RAT	Pdcd10	210	Rattus norvegicus	2:Experimental evidence at transcript level	Programmed cell death protein 10	0.9685	0.999	1	2	2	2	1	0	0	1	0	0	1	0	0	1	0	0	1	0	0	1	0	0	4352493.5	6318688.0	7165478.0	4932741.5	6725066.5	5720725.0	4352493.5	6318688.0	7165478.0	4932741.5	6725066.5	5720725.0	
sp|Q6NYB7|RAB1A_RAT	Q6NYB7	RAB1A_RAT	Rab1A	205	Rattus norvegicus	1:Experimental evidence at protein level	Ras-related protein Rab-1A	1.0	0.999	13	101	57	101	20	18	17	14	15	17	11	10	9	8	8	11	20	18	17	14	15	17	1.11054451E9	9.4848922E8	8.9832314E8	1.08508826E9	9.6279936E8	1.04662445E9	3.16250944E8	2.61579408E8	2.49258096E8	2.82824416E8	2.53668912E8	2.68698944E8	
sp|Q6P4Z9|CSN8_RAT	Q6P4Z9	CSN8_RAT	Cops8	209	Rattus norvegicus	2:Experimental evidence at transcript level	COP9 signalosome complex subunit 8	1.0	0.999	4	17	17	17	3	4	4	2	2	2	3	4	4	2	2	2	3	4	4	2	2	2	3.281987E7	3.5894796E7	4.4214512E7	2.429079E7	3.785134E7	3.7274188E7	1.5655144E7	1.6369246E7	1.5001961E7	1.1455271E7	1.2182036E7	1.0238342E7	
sp|Q6P502|TCPG_RAT	Q6P502	TCPG_RAT	Cct3	545	Rattus norvegicus	1:Experimental evidence at protein level	T-complex protein 1 subunit gamma	1.0	0.999	20	103	99	103	17	19	19	16	13	19	16	18	19	15	13	18	17	19	19	16	13	19	4.15201824E8	3.9951312E8	3.7168336E8	3.664424E8	3.9483504E8	3.78184E8	4.3693624E7	4.2187232E7	3.8624728E7	4.2312964E7	4.2301316E7	4.2553668E7	
sp|Q6P686|OSTF1_RAT	Q6P686	OSTF1_RAT	Ostf1	214	Rattus norvegicus	1:Experimental evidence at protein level	Osteoclast-stimulating factor 1	1.0	0.999	7	24	24	24	3	5	4	5	4	3	3	5	4	5	4	3	3	5	4	5	4	3	6.5701644E7	7.5691616E7	6.655606E7	5.569994E7	6.243178E7	6.1982088E7	2.3852508E7	2.6152616E7	2.4044828E7	2.3501268E7	2.6048552E7	2.802201E7	
sp|Q6P6G7|RLP24_RAT	Q6P6G7	RLP24_RAT	Rsl24d1	163	Rattus norvegicus	2:Experimental evidence at transcript level	Probable ribosome biogenesis protein RLP24	0.9685	0.999	1	2	2	2	0	1	1	0	0	0	0	1	1	0	0	0	0	1	1	0	0	0	9725218.0	4944735.5	4145546.0	1.1300281E7	1.3171748E7	1.1334767E7	9725218.0	4944735.5	4145546.0	1.1300281E7	1.3171748E7	1.1334767E7	
sp|Q6P6Q2|K2C5_RAT	Q6P6Q2	K2C5_RAT	Krt5	576	Rattus norvegicus	1:Experimental evidence at protein level	Keratin, type II cytoskeletal 5	1.0	0.999	8	9	9	45	1	2	1	2	1	2	1	2	1	2	1	2	5	8	6	8	10	8	2.658361E7	2.1523014E7	2.4113266E7	4.0548776E7	4.292986E7	3.9698968E7	2.295731E7	2.1326078E7	2.1885914E7	3.0082592E7	3.5414412E7	3.05822E7	
sp|Q6P6R2|DLDH_RAT	Q6P6R2	DLDH_RAT	Dld	509	Rattus norvegicus	1:Experimental evidence at protein level	Dihydrolipoyl dehydrogenase, mitochondrial	1.0	0.999	18	283	283	283	50	61	56	38	34	44	50	61	56	38	34	44	50	61	56	38	34	44	2.13739315E9	2.53042867E9	2.60022272E9	1.39785626E9	1.55530202E9	1.57686912E9	2.50108624E8	2.68111552E8	2.86154624E8	1.63641072E8	1.699024E8	1.6676584E8	
sp|Q6P6R7|SGSM3_RAT	Q6P6R7	SGSM3_RAT	Sgsm3	749	Rattus norvegicus	1:Experimental evidence at protein level	Small G protein signaling modulator 3	0.7616	0.9905	1	2	2	2	1	0	0	1	0	0	1	0	0	1	0	0	1	0	0	1	0	0	1450657.2	0.0	0.0	2559226.0	1831217.2	1697457.9	1450657.2	0.0	0.0	2559226.0	1831217.2	1697457.9	
sp|Q6P6S4|SIL1_RAT	Q6P6S4	SIL1_RAT	Sil1	465	Rattus norvegicus	2:Experimental evidence at transcript level	Nucleotide exchange factor SIL1	1.0	0.999	3	4	4	4	2	0	1	0	1	0	2	0	1	0	1	0	2	0	1	0	1	0	7408338.0	1315581.0	4932269.0	571293.1	7497200.0	984429.3	3261933.2	2753859.5	2287060.8	1195867.9	2090145.8	2060671.2	
sp|Q6P6T4|EMAL2_RAT	Q6P6T4	EMAL2_RAT	Eml2	649	Rattus norvegicus	1:Experimental evidence at protein level	Echinoderm microtubule-associated protein-like 2	1.0	0.999	6	16	16	16	4	3	2	3	2	2	4	3	2	3	2	2	4	3	2	3	2	2	1.8082458E7	1.3790888E7	9780330.0	3.056112E7	2.4754682E7	1.8674974E7	6287651.5	4075661.5	5571372.5	9260835.0	8082189.5	8079859.5	
sp|Q6P6V0|G6PI_RAT	Q6P6V0	G6PI_RAT	Gpi	558	Rattus norvegicus	1:Experimental evidence at protein level	Glucose-6-phosphate isomerase	1.0	0.999	16	86	86	86	14	10	12	21	18	11	14	10	12	21	18	11	14	10	12	21	18	11	2.5152928E8	1.94632784E8	2.0985712E8	3.80484992E8	3.20494528E8	3.26309664E8	3.7576248E7	2.8315864E7	2.9892598E7	5.1026204E7	4.4878364E7	4.6233128E7	
sp|Q6P6V6|GP108_RAT	Q6P6V6	GP108_RAT	Gpr108	577	Rattus norvegicus	2:Experimental evidence at transcript level	Protein GPR108	0.6264	0.982	1	3	3	3	0	0	0	1	1	1	0	0	0	1	1	1	0	0	0	1	1	1	0.0	0.0	0.0	0.0	0.0	1.0025233E7	0.0	0.0	0.0	0.0	0.0	0.0	
sp|Q6P734|IC1_RAT	Q6P734	IC1_RAT	Serping1	504	Rattus norvegicus	2:Experimental evidence at transcript level	Plasma protease C1 inhibitor	1.0	0.999	8	23	23	23	0	1	0	7	6	9	0	1	0	7	6	9	0	1	0	7	6	9	1.2448368E7	1.2316834E7	1.2856252E7	7.4347432E7	7.9274104E7	7.1605384E7	5289681.5	5554925.5	4388965.0	2.1891844E7	2.3106876E7	2.2579794E7	
sp|Q6P742|PLP2_RAT	Q6P742	PLP2_RAT	Plp2	151	Rattus norvegicus	2:Experimental evidence at transcript level	Proteolipid protein 2	0.9685	0.999	1	6	6	6	1	1	1	1	1	1	1	1	1	1	1	1	1	1	1	1	1	1	4579030.0	2886007.8	3095019.0	1.2992511E7	8469492.0	9739380.0	4579030.0	2886007.8	3095019.0	1.2992511E7	8469492.0	9739380.0	
sp|Q6P747|HP1B3_RAT	Q6P747	HP1B3_RAT	Hp1bp3	553	Rattus norvegicus	1:Experimental evidence at protein level	Heterochromatin protein 1-binding protein 3	1.0	0.999	12	57	57	57	10	8	7	11	11	10	10	8	7	11	11	10	10	8	7	11	11	10	1.22819704E8	1.23266288E8	1.2064404E8	1.27969344E8	1.26960768E8	1.2631812E8	1.6679904E7	1.662554E7	1.6133891E7	1.824563E7	1.782976E7	1.7164974E7	
sp|Q6P752|TOIP2_RAT	Q6P752	TOIP2_RAT	Tor1aip2	578	Rattus norvegicus	2:Experimental evidence at transcript level	Torsin-1A-interacting protein 2	0.9685	0.999	1	1	1	1	0	0	0	0	0	1	0	0	0	0	0	1	0	0	0	0	0	1	0.0	4652422.0	0.0	0.0	0.0	6403652.5	0.0	4652422.0	0.0	0.0	0.0	6403652.5	
sp|Q6P756|NECP2_RAT	Q6P756	NECP2_RAT	Necap2	263	Rattus norvegicus	1:Experimental evidence at protein level	Adaptin ear-binding coat-associated protein 2	1.0	0.999	2	2	2	2	0	0	1	1	0	0	0	0	1	1	0	0	0	0	1	1	0	0	8895487.0	9328280.0	1.2002273E7	9996859.0	1.2888758E7	1.1639792E7	4761168.0	5038492.0	6466093.5	5399191.5	6958888.0	6236534.0	
sp|Q6P799|SYSC_RAT	Q6P799	SYSC_RAT	Sars1	512	Rattus norvegicus	1:Experimental evidence at protein level	Serine--tRNA ligase, cytoplasmic	1.0	0.999	16	127	127	127	25	26	21	19	16	20	25	26	21	19	16	20	25	26	21	19	16	20	7.8493152E8	7.3082714E8	7.5920333E8	6.5595706E8	6.1541549E8	5.9365466E8	1.30971792E8	1.25678528E8	1.26043584E8	1.09452176E8	1.0386332E8	1.049076E8	
sp|Q6P7A9|LYAG_RAT	Q6P7A9	LYAG_RAT	Gaa	953	Rattus norvegicus	2:Experimental evidence at transcript level	Lysosomal alpha-glucosidase	1.0	0.999	4	12	12	12	2	2	3	1	2	2	2	2	3	1	2	2	2	2	3	1	2	2	1.5115072E7	1.5982603E7	1.7814494E7	1.8703764E7	1.893008E7	1.7518736E7	5346059.5	6394564.5	6673631.5	7242604.5	7557232.0	7558538.0	
sp|Q6P7B0|SYWC_RAT	Q6P7B0	SYWC_RAT	Wars1	481	Rattus norvegicus	1:Experimental evidence at protein level	Tryptophan--tRNA ligase, cytoplasmic	1.0	0.999	14	85	85	85	14	16	16	14	13	12	14	16	16	14	13	12	14	16	16	14	13	12	4.7043792E8	3.95731744E8	3.91571616E8	3.64726208E8	3.52763808E8	3.84492288E8	7.0502104E7	5.9516184E7	5.694984E7	5.7948184E7	5.9263932E7	5.7168728E7	
sp|Q6P7D3|IER2_RAT	Q6P7D3	IER2_RAT	Ier2	221	Rattus norvegicus	2:Experimental evidence at transcript level	Immediate early response gene 2 protein	0.8252	0.9935	1	3	3	3	0	0	1	2	0	0	0	0	1	2	0	0	0	0	1	2	0	0	0.0	0.0	0.0	0.0	0.0	0.0	0.0	0.0	0.0	0.0	0.0	0.0	
sp|Q6P7P5|5MP2_RAT	Q6P7P5	5MP2_RAT	Bzw1	419	Rattus norvegicus	1:Experimental evidence at protein level	eIF5-mimic protein 2	1.0	0.9979	5	13	11	13	3	1	1	4	3	1	2	1	1	3	3	1	3	1	1	4	3	1	5.5151148E7	1.1237786E7	4.9539208E7	5.5222556E7	4.8617516E7	5.649372E7	2.4933106E7	1.9829938E7	2.0643194E7	3.721224E7	3.122183E7	3.04318E7	
sp|Q6P7Q4|LGUL_RAT	Q6P7Q4	LGUL_RAT	Glo1	184	Rattus norvegicus	1:Experimental evidence at protein level	Lactoylglutathione lyase	1.0	0.999	9	67	67	67	11	12	11	9	11	13	11	12	11	9	11	13	11	12	11	9	11	13	6.1719891E8	7.6436019E8	8.312256E8	5.19370016E8	4.94298272E8	5.9714093E8	1.09858912E8	1.39554256E8	1.4576984E8	9.4025648E7	1.03871536E8	1.08183512E8	
sp|Q6P7R8|DHB12_RAT	Q6P7R8	DHB12_RAT	Hsd17b12	312	Rattus norvegicus	2:Experimental evidence at transcript level	Very-long-chain 3-oxoacyl-CoA reductase	1.0	0.999	2	4	4	4	1	0	0	1	1	1	1	0	0	1	1	1	1	0	0	1	1	1	3896359.8	2213614.0	0.0	3406717.2	7975719.0	6967286.0	2333353.8	2213614.0	0.0	3406717.2	4783678.5	4334018.0	
sp|Q6P7S1|ASAH1_RAT	Q6P7S1	ASAH1_RAT	Asah1	394	Rattus norvegicus	1:Experimental evidence at protein level	Acid ceramidase	1.0	0.999	3	10	10	10	3	1	1	2	1	2	3	1	1	2	1	2	3	1	1	2	1	2	1.743397E7	1.3238132E7	1.5499105E7	1.5488484E7	1.8893586E7	1.4025062E7	9010373.0	8482275.0	8300780.5	9862438.0	9710692.0	9336975.0	
sp|Q6P9T8|TBB4B_RAT	Q6P9T8	TBB4B_RAT	Tubb4b	445	Rattus norvegicus	1:Experimental evidence at protein level	Tubulin beta-4B chain	1.0	0.999	19	96	52	386	18	17	13	17	16	15	9	10	6	10	9	8	65	67	57	67	64	66	9.1628173E8	8.2055782E8	7.9666502E8	1.27098957E9	1.34395507E9	1.26648922E9	2.3214472E8	2.31315296E8	2.1126888E8	3.1375312E8	3.20316736E8	3.06309952E8	
sp|Q6P9U3|COMD3_RAT	Q6P9U3	COMD3_RAT	Commd3	195	Rattus norvegicus	1:Experimental evidence at protein level	COMM domain-containing protein 3	0.9685	0.999	1	6	6	6	1	1	1	1	1	1	1	1	1	1	1	1	1	1	1	1	1	1	1432148.9	1794282.6	3124611.8	2983612.5	2990003.8	3226920.2	1432148.9	1794282.6	3124611.8	2983612.5	2990003.8	3226920.2	
sp|Q6P9U8|EIF3H_RAT	Q6P9U8	EIF3H_RAT	Eif3h	352	Rattus norvegicus	1:Experimental evidence at protein level	Eukaryotic translation initiation factor 3 subunit H	1.0	0.999	14	71	71	71	16	13	12	10	10	10	16	13	12	10	10	10	16	13	12	10	10	10	3.13013728E8	2.78498528E8	2.60472192E8	2.35514032E8	2.15936576E8	2.29484592E8	4.2893068E7	3.8625636E7	3.6759872E7	3.252125E7	3.0165532E7	3.0611302E7	
sp|Q6P9X4|TP4A2_RAT	Q6P9X4	TP4A2_RAT	Ptp4a2	167	Rattus norvegicus	2:Experimental evidence at transcript level	Protein tyrosine phosphatase type IVA 2	1.0	0.999	2	3	0	3	0	0	1	1	1	0	0	0	0	0	0	0	0	0	1	1	1	0	1.2117729E7	9234916.0	8327527.0	1.144285E7	1.0432517E7	1.0110016E7	7232500.5	5679421.5	5223364.5	7027894.0	6613067.5	6286241.5	sp|Q78EG7|TP4A1_RAT
sp|Q6PCT3|TPD54_RAT	Q6PCT3	TPD54_RAT	Tpd52l2	220	Rattus norvegicus	1:Experimental evidence at protein level	Tumor protein D54	1.0	0.999	9	56	56	56	9	11	12	8	7	9	9	11	12	8	7	9	9	11	12	8	7	9	2.1829E8	2.28793024E8	2.47433504E8	1.59309296E8	2.0988168E8	1.97801376E8	4.6346696E7	4.9949284E7	5.6259304E7	4.0858264E7	4.919954E7	4.5395412E7	
sp|Q6PCT5|PQBP1_RAT	Q6PCT5	PQBP1_RAT	Pqbp1	263	Rattus norvegicus	2:Experimental evidence at transcript level	Polyglutamine-binding protein 1	1.0	0.999	3	10	10	10	1	3	3	1	2	0	1	3	3	1	2	0	1	3	3	1	2	0	2.1012706E7	2.2207742E7	2.4762688E7	2.010756E7	2.0444986E7	2.1508678E7	8853625.0	9811271.0	1.0499119E7	8502960.0	8562874.0	9440151.0	
sp|Q6PCT8|DHSD_RAT	Q6PCT8	DHSD_RAT	Sdhd	159	Rattus norvegicus	2:Experimental evidence at transcript level	Succinate dehydrogenase [ubiquinone] cytochrome b small subunit, mitochondrial	0.6721	0.9852	1	1	1	1	1	0	0	0	0	0	1	0	0	0	0	0	1	0	0	0	0	0	0.0	0.0	0.0	0.0	0.0	0.0	0.0	0.0	0.0	0.0	0.0	0.0	
sp|Q6PCU2|VATE1_RAT	Q6PCU2	VATE1_RAT	Atp6v1e1	226	Rattus norvegicus	1:Experimental evidence at protein level	V-type proton ATPase subunit E 1	1.0	0.999	7	21	21	21	3	3	3	4	5	3	3	3	3	4	5	3	3	3	3	4	5	3	8.7474064E7	1.11936784E8	1.22791232E8	7.9699032E7	9.9706496E7	5.518758E7	2.1534682E7	2.3600304E7	2.4929146E7	1.6156747E7	2.097918E7	1.9685264E7	
sp|Q6PCU8|NDUV3_RAT	Q6PCU8	NDUV3_RAT	Ndufv3	108	Rattus norvegicus	3:Protein inferred from homology	NADH dehydrogenase [ubiquinone] flavoprotein 3, mitochondrial	0.9685	0.999	1	1	1	1	0	0	1	0	0	0	0	0	1	0	0	0	0	0	1	0	0	0	3065216.0	2296745.2	4195903.5	1227943.5	0.0	1748594.0	3065216.0	2296745.2	4195903.5	1227943.5	0.0	1748594.0	
sp|Q6PDU1|SRSF2_RAT	Q6PDU1	SRSF2_RAT	Srsf2	221	Rattus norvegicus	1:Experimental evidence at protein level	Serine/arginine-rich splicing factor 2	1.0	0.999	5	37	37	37	7	7	6	5	6	6	7	7	6	5	6	6	7	7	6	5	6	6	3.04744448E8	3.78326688E8	3.92133952E8	2.41487104E8	3.82394272E8	3.62405696E8	1.19086704E8	1.43706432E8	1.58584384E8	1.11834824E8	1.40189648E8	1.41923008E8	
sp|Q6PDU7|ATP5L_RAT	Q6PDU7	ATP5L_RAT	Atp5mg	103	Rattus norvegicus	1:Experimental evidence at protein level	ATP synthase F(0) complex subunit g, mitochondrial	1.0	0.999	4	27	27	27	4	6	5	4	3	5	4	6	5	4	3	5	4	6	5	4	3	5	7.2579384E7	5.8861112E7	5.7083576E7	4.3101504E7	3.5288592E7	3.5765608E7	2.2600084E7	1.7552618E7	1.6783518E7	1.4059921E7	1.1942395E7	1.0861535E7	
sp|Q6PDV7|RL10_RAT	Q6PDV7	RL10_RAT	Rpl10	214	Rattus norvegicus	1:Experimental evidence at protein level	Large ribosomal subunit protein uL16	1.0	0.999	7	101	101	101	22	18	18	14	15	14	22	18	18	14	15	14	22	18	18	14	15	14	1.79890227E9	1.60099738E9	1.50844224E9	1.64790118E9	1.49961114E9	1.51226867E9	4.74119072E8	4.22346976E8	4.01648768E8	3.60086176E8	3.52809536E8	3.59411296E8	
sp|Q6PEC0|AP4A_RAT	Q6PEC0	AP4A_RAT	Nudt2	147	Rattus norvegicus	2:Experimental evidence at transcript level	Bis(5'-nucleosyl)-tetraphosphatase [asymmetrical]	1.0	0.999	4	6	6	6	2	2	0	0	0	2	2	2	0	0	0	2	2	2	0	0	0	2	2.4980488E7	2.3139108E7	2.6054942E7	1.7443238E7	2.5613006E7	2.5742644E7	1.7873744E7	1.3035462E7	1.3734142E7	1.3487696E7	1.4075148E7	1.4431235E7	
sp|Q6PEC1|TBCA_RAT	Q6PEC1	TBCA_RAT	Tbca	108	Rattus norvegicus	1:Experimental evidence at protein level	Tubulin-specific chaperone A	1.0	0.999	4	28	28	28	5	5	5	3	5	5	5	5	5	3	5	5	5	5	5	3	5	5	1.55069696E8	1.44161504E8	2.1253352E8	1.30953888E8	1.46032176E8	1.57137872E8	5.2811248E7	6.3430108E7	7.0872184E7	4.3839292E7	4.8478676E7	5.1184904E7	
sp|Q6PEC3|YIF1B_RAT	Q6PEC3	YIF1B_RAT	Yif1b	259	Rattus norvegicus	1:Experimental evidence at protein level	Protein YIF1B	0.9685	0.999	1	1	1	1	0	0	0	0	1	0	0	0	0	0	1	0	0	0	0	0	1	0	2843913.0	1320523.6	0.0	3277587.0	4263333.5	2625550.2	2843913.0	1320523.6	0.0	3277587.0	4263333.5	2625550.2	
sp|Q6PEC4|SKP1_RAT	Q6PEC4	SKP1_RAT	Skp1	163	Rattus norvegicus	1:Experimental evidence at protein level	S-phase kinase-associated protein 1	1.0	0.999	3	12	12	12	2	3	2	2	1	2	2	3	2	2	1	2	2	3	2	2	1	2	5.3862416E7	5.1346336E7	5.310936E7	4.9682876E7	5.65284E7	4.7514272E7	3.238601E7	3.1331922E7	3.2792568E7	3.6834572E7	3.4811272E7	2.9480482E7	
sp|Q6Q0N1|CNDP2_RAT	Q6Q0N1	CNDP2_RAT	Cndp2	475	Rattus norvegicus	1:Experimental evidence at protein level	Cytosolic non-specific dipeptidase	1.0	0.999	11	48	48	48	7	8	8	8	8	9	7	8	8	8	8	9	7	8	8	8	8	9	1.36781408E8	1.25506744E8	1.41957376E8	1.92282112E8	1.7777832E8	1.9155096E8	2.1032854E7	2.0747556E7	2.0562794E7	2.6975068E7	2.4926878E7	2.7027562E7	
sp|Q6Q0N3|NT5D2_RAT	Q6Q0N3	NT5D2_RAT	Nt5dc2	553	Rattus norvegicus	1:Experimental evidence at protein level	5'-nucleotidase domain-containing protein 2	0.9657	0.9754	2	2	2	2	1	1	0	0	0	0	1	1	0	0	0	0	1	1	0	0	0	0	1.5588592E7	1.258203E7	1.4244598E7	1.4361254E7	9474622.0	1.0593756E7	1.5588592E7	1.258203E7	1.4244598E7	1.4361254E7	9474622.0	1.0593756E7	
sp|Q6Q760|NALCN_RAT	Q6Q760	NALCN_RAT	Nalcn	1738	Rattus norvegicus	1:Experimental evidence at protein level	Sodium leak channel NALCN	0.7307	0.9888	1	3	3	3	1	1	1	0	0	0	1	1	1	0	0	0	1	1	1	0	0	0	7351073.0	1.1150568E7	1.1507761E7	4325126.0	6441530.0	6860202.0	7351073.0	1.1150568E7	1.1507761E7	4325126.0	6441530.0	6860202.0	
sp|Q6QGW5|SRA1_RAT	Q6QGW5	SRA1_RAT	Sra1	219	Rattus norvegicus	1:Experimental evidence at protein level	Steroid receptor RNA activator 1	1.0	0.999	2	5	5	5	1	2	1	0	1	0	1	2	1	0	1	0	1	2	1	0	1	0	1.5709762E7	1.0276149E7	1.9879686E7	1.7784214E7	1.4008167E7	1.7137438E7	1.0138636E7	6493229.0	1.2730414E7	1.1291161E7	8426571.0	1.1085271E7	
sp|Q6QI25|ORML3_RAT	Q6QI25	ORML3_RAT	Ormdl3	153	Rattus norvegicus	2:Experimental evidence at transcript level	ORM1-like protein 3	0.9682	0.999	1	2	2	2	0	1	0	0	0	1	0	1	0	0	0	1	0	1	0	0	0	1	6448166.5	3497349.0	4387320.5	5520391.5	6187070.0	6405073.0	6448166.5	3497349.0	4387320.5	5520391.5	6187070.0	6405073.0	
sp|Q6QI89|MO4L2_RAT	Q6QI89	MO4L2_RAT	Morf4l2	288	Rattus norvegicus	2:Experimental evidence at transcript level	Mortality factor 4-like protein 2	0.8015	0.9924	1	2	2	2	0	1	1	0	0	0	0	1	1	0	0	0	0	1	1	0	0	0	4.0323924E7	4.6459188E7	3.6121148E7	8.9780232E7	1.05078248E8	8.56006E7	4.0323924E7	4.6459188E7	3.6121148E7	8.9780232E7	1.05078248E8	8.56006E7	
sp|Q6QZQ4|VMAC_RAT	Q6QZQ4	VMAC_RAT	Vmac	171	Rattus norvegicus	2:Experimental evidence at transcript level	Vimentin-type intermediate filament-associated coiled-coil protein	0.9973	0.9989	2	2	2	2	0	0	2	0	0	0	0	0	2	0	0	0	0	0	2	0	0	0	2324645.0	3198741.5	2840960.0	2814876.5	2545909.8	2296861.5	2324645.0	3198741.5	2840960.0	2814876.5	2545909.8	2296861.5	
sp|Q6R518|GPN3_RAT	Q6R518	GPN3_RAT	Gpn3	284	Rattus norvegicus	2:Experimental evidence at transcript level	GPN-loop GTPase 3	0.9684	0.999	1	2	2	2	0	0	0	0	1	1	0	0	0	0	1	1	0	0	0	0	1	1	0.0	0.0	0.0	0.0	0.0	0.0	0.0	0.0	0.0	0.0	0.0	0.0	
sp|Q6R556|SEGN_RAT	Q6R556	SEGN_RAT	Scgn	276	Rattus norvegicus	1:Experimental evidence at protein level	Secretagogin	1.0	0.999	2	4	4	4	0	0	2	1	1	0	0	0	2	1	1	0	0	0	2	1	1	0	0.0	4405851.0	5770924.0	2614481.5	4417186.0	3207988.0	0.0	2691620.5	3552859.0	4866404.5	4042061.2	2935553.2	
sp|Q6RJR6|RTN3_RAT	Q6RJR6	RTN3_RAT	Rtn3	940	Rattus norvegicus	1:Experimental evidence at protein level	Reticulon-3	1.0	0.999	3	22	16	22	4	3	3	4	4	4	3	2	2	3	3	3	4	3	3	4	4	4	1.08164768E8	5.3516E7	5.9884384E7	1.2573248E8	9.4915952E7	9.254836E7	4.6911708E7	2.220649E7	2.5594658E7	5.5508412E7	4.1559212E7	3.9792876E7	
sp|Q6RUV5|RAC1_RAT	Q6RUV5	RAC1_RAT	Rac1	192	Rattus norvegicus	1:Experimental evidence at protein level	Ras-related C3 botulinum toxin substrate 1	1.0	0.999	5	24	24	27	4	4	2	5	5	4	4	4	2	5	5	4	5	4	2	6	6	4	5.5209992E7	4.8662792E7	3.6450184E7	1.01872672E8	8.5470776E7	8.8798736E7	1.9645396E7	1.692222E7	1.3994656E7	3.5658572E7	2.9445188E7	3.0831016E7	
sp|Q6TEK4|VKOR1_RAT	Q6TEK4	VKOR1_RAT	Vkorc1	161	Rattus norvegicus	1:Experimental evidence at protein level	Vitamin K epoxide reductase complex subunit 1	0.9685	0.999	1	4	4	4	1	1	0	1	1	0	1	1	0	1	1	0	1	1	0	1	1	0	6397320.5	1.1156174E7	1762356.2	1.3032571E7	6942718.5	1.2277286E7	6397320.5	1.1156174E7	1762356.2	1.3032571E7	6942718.5	1.2277286E7	
sp|Q6TMA8|ANGL4_RAT	Q6TMA8	ANGL4_RAT	Angptl4	405	Rattus norvegicus	1:Experimental evidence at protein level	Angiopoietin-related protein 4	0.9907	0.9949	2	3	3	3	0	0	0	1	1	1	0	0	0	1	1	1	0	0	0	1	1	1	0.0	0.0	0.0	7309420.5	6611789.0	6394583.0	0.0	0.0	0.0	4308089.5	3783763.0	3662799.5	
sp|Q6TQE1|ZCH18_RAT	Q6TQE1	ZCH18_RAT	Zc3h18	947	Rattus norvegicus	1:Experimental evidence at protein level	Zinc finger CCCH domain-containing protein 18	0.9685	0.999	1	5	5	5	1	1	1	0	1	1	1	1	1	0	1	1	1	1	1	0	1	1	4780498.0	5526501.5	3011173.8	3733447.8	2695852.5	4197559.0	4780498.0	5526501.5	3011173.8	3733447.8	2695852.5	4197559.0	
sp|Q6TUG0|DJB11_RAT	Q6TUG0	DJB11_RAT	Dnajb11	358	Rattus norvegicus	2:Experimental evidence at transcript level	DnaJ homolog subfamily B member 11	1.0	0.999	9	68	68	68	13	14	13	8	10	10	13	14	13	8	10	10	13	14	13	8	10	10	4.27853216E8	5.5231789E8	5.8404973E8	3.54562432E8	4.24225664E8	3.96102208E8	8.8870728E7	1.10865888E8	1.22221592E8	6.9768008E7	8.0897784E7	7.3841984E7	
sp|Q6TXG9|SFR1_RAT	Q6TXG9	SFR1_RAT	Sfr1	251	Rattus norvegicus	2:Experimental evidence at transcript level	Swi5-dependent recombination DNA repair protein 1 homolog	0.9685	0.999	1	4	4	4	1	0	1	1	1	0	1	0	1	1	1	0	1	0	1	1	1	0	7106288.0	8448059.0	7862696.5	6471249.5	6568034.0	6685240.5	7106288.0	8448059.0	7862696.5	6471249.5	6568034.0	6685240.5	
sp|Q6U6G5|ZC3HF_RAT	Q6U6G5	ZC3HF_RAT	Zc3h15	426	Rattus norvegicus	1:Experimental evidence at protein level	Zinc finger CCCH domain-containing protein 15	1.0	0.999	6	22	22	22	6	5	5	2	2	2	6	5	5	2	2	2	6	5	5	2	2	2	5.868572E7	5.4771884E7	5.9676796E7	4.2519372E7	3.7553912E7	2.8378448E7	1.7643118E7	1.9981694E7	2.0959762E7	1.2406813E7	1.1436232E7	9598350.0	
sp|Q6UPE1|ETFD_RAT	Q6UPE1	ETFD_RAT	Etfdh	616	Rattus norvegicus	1:Experimental evidence at protein level	Electron transfer flavoprotein-ubiquinone oxidoreductase, mitochondrial	1.0	0.999	12	42	42	42	10	10	5	7	7	3	10	10	5	7	7	3	10	10	5	7	7	3	1.05950864E8	8.4089184E7	6.3909144E7	6.5415456E7	6.6619736E7	6.1064464E7	1.4970928E7	1.225474E7	1.0577365E7	1.1159949E7	1.1223942E7	1.0746019E7	
sp|Q6URK4|ROA3_RAT	Q6URK4	ROA3_RAT	Hnrnpa3	379	Rattus norvegicus	1:Experimental evidence at protein level	Heterogeneous nuclear ribonucleoprotein A3	1.0	0.999	10	119	117	144	20	20	21	19	19	20	20	20	20	18	19	20	24	24	24	23	24	25	1.28130214E9	1.4623808E9	1.46973952E9	1.57928205E9	1.57500032E9	1.60867866E9	3.24004384E8	3.57948096E8	3.7757504E8	3.62594944E8	3.6599072E8	3.56115424E8	
sp|Q6VBQ5|MYADM_RAT	Q6VBQ5	MYADM_RAT	Myadm	318	Rattus norvegicus	1:Experimental evidence at protein level	Myeloid-associated differentiation marker	0.9685	0.999	1	5	5	5	1	0	0	1	1	2	1	0	0	1	1	2	1	0	0	1	1	2	0.0	0.0	0.0	0.0	0.0	0.0	0.0	0.0	0.0	0.0	0.0	0.0	
sp|Q6VBQ8|PNO1_RAT	Q6VBQ8	PNO1_RAT	Pno1	248	Rattus norvegicus	2:Experimental evidence at transcript level	RNA-binding protein PNO1	0.968	0.999	1	2	2	2	1	0	0	1	0	0	1	0	0	1	0	0	1	0	0	1	0	0	0.0	0.0	0.0	1291546.4	0.0	1511888.4	0.0	0.0	0.0	1291546.4	0.0	1511888.4	
sp|Q6VV72|IF1A_RAT	Q6VV72	IF1A_RAT	Eif1a	144	Rattus norvegicus	2:Experimental evidence at transcript level	Eukaryotic translation initiation factor 1A	1.0	0.999	3	15	15	15	3	3	2	1	4	2	3	3	2	1	4	2	3	3	2	1	4	2	1.49446736E8	1.625524E8	1.87523696E8	1.2083972E8	1.40523712E8	1.3016708E8	9.876076E7	1.0650568E8	1.20796064E8	7.8544032E7	9.4374168E7	8.4736472E7	
sp|Q6Y1S1|MYD88_RAT	Q6Y1S1	MYD88_RAT	Myd88	296	Rattus norvegicus	2:Experimental evidence at transcript level	Myeloid differentiation primary response protein MyD88	0.9681	0.999	1	3	3	3	0	0	0	1	1	1	0	0	0	1	1	1	0	0	0	1	1	1	0.0	0.0	0.0	2870092.0	4090378.0	4075171.5	0.0	0.0	0.0	2870092.0	4090378.0	4075171.5	
sp|Q6YDN7|CDC26_RAT	Q6YDN7	CDC26_RAT	Cdc26	85	Rattus norvegicus	1:Experimental evidence at protein level	Anaphase-promoting complex subunit CDC26	0.9685	0.999	1	2	2	2	0	1	1	0	0	0	0	1	1	0	0	0	0	1	1	0	0	0	0.0	3588691.2	1985646.1	3799617.5	2143128.8	3626812.8	0.0	3588691.2	1985646.1	3799617.5	2143128.8	3626812.8	
sp|Q704S8|CACP_RAT	Q704S8	CACP_RAT	Crat	626	Rattus norvegicus	1:Experimental evidence at protein level	Carnitine O-acetyltransferase	0.9494	0.982	2	4	4	4	1	0	0	1	2	0	1	0	0	1	2	0	1	0	0	1	2	0	0.0	0.0	0.0	5092835.0	5078989.0	0.0	0.0	0.0	0.0	5092835.0	5078989.0	0.0	
sp|Q711G3|IAH1_RAT	Q711G3	IAH1_RAT	Iah1	249	Rattus norvegicus	2:Experimental evidence at transcript level	Isoamyl acetate-hydrolyzing esterase 1 homolog	1.0	0.999	3	14	14	14	4	2	1	2	2	3	4	2	1	2	2	3	4	2	1	2	2	3	2.5769394E7	2.7015546E7	2.3689052E7	2.3331718E7	2.6974752E7	2.4293168E7	1.1050067E7	1.1565571E7	1.0346943E7	1.1430154E7	1.2065425E7	1.2305384E7	
sp|Q712U5|ARP19_RAT	Q712U5	ARP19_RAT	Arpp19	112	Rattus norvegicus	1:Experimental evidence at protein level	cAMP-regulated phosphoprotein 19	1.0	0.999	5	25	19	25	5	4	5	4	3	4	4	3	4	3	2	3	5	4	5	4	3	4	1.12292216E8	1.25693392E8	1.47627184E8	7.7714192E7	7.8980328E7	7.9127872E7	4.7023052E7	4.9476928E7	6.3399076E7	3.4114348E7	3.2289336E7	3.4414028E7	
sp|Q71TY3|RS27_RAT	Q71TY3	RS27_RAT	Rps27	84	Rattus norvegicus	1:Experimental evidence at protein level	Small ribosomal subunit protein eS27	1.0	0.999	3	36	6	36	7	8	8	5	3	5	1	1	2	1	0	1	7	8	8	5	3	5	6.9422387E8	6.1735251E8	5.5057862E8	5.4515661E8	5.11015072E8	4.99077632E8	2.59361248E8	2.25906368E8	2.02051712E8	2.10658912E8	1.93384336E8	1.95929296E8	
sp|Q71UF4|RBBP7_RAT	Q71UF4	RBBP7_RAT	Rbbp7	425	Rattus norvegicus	2:Experimental evidence at transcript level	Histone-binding protein RBBP7	1.0	0.999	5	20	20	20	3	4	4	3	3	3	3	4	4	3	3	3	3	4	4	3	3	3	3.5532732E7	3.4650516E7	3.3986E7	2.6910066E7	3.2875924E7	3.63141E7	9712630.0	9484857.0	1.1200113E7	9341426.0	1.0754576E7	1.0375646E7	
sp|Q75UQ2|CFDP1_RAT	Q75UQ2	CFDP1_RAT	Cfdp1	295	Rattus norvegicus	1:Experimental evidence at protein level	Craniofacial development protein 1	0.9684	0.999	1	1	1	1	1	0	0	0	0	0	1	0	0	0	0	0	1	0	0	0	0	0	0.0	0.0	0.0	0.0	0.0	0.0	0.0	0.0	0.0	0.0	0.0	0.0	
sp|Q75WE7|VWA5A_RAT	Q75WE7	VWA5A_RAT	Vwa5a	822	Rattus norvegicus	2:Experimental evidence at transcript level	von Willebrand factor A domain-containing protein 5A	1.0	0.999	5	21	21	21	4	5	1	4	3	4	4	5	1	4	3	4	4	5	1	4	3	4	2.2104902E7	1.7001132E7	1.1916976E7	4.260668E7	3.9339728E7	4.0459276E7	5459627.5	4350860.5	3778499.0	1.0540856E7	9669940.0	1.0067401E7	
sp|Q78P75|DYL2_RAT	Q78P75	DYL2_RAT	Dynll2	89	Rattus norvegicus	1:Experimental evidence at protein level	Dynein light chain 2, cytoplasmic	1.0	0.999	4	18	18	27	3	3	3	3	3	3	3	3	3	3	3	3	5	6	4	4	4	4	7.5902448E7	9.1958576E7	9.0348552E7	7.6955552E7	7.5665168E7	8.0312552E7	4.2170224E7	4.9384784E7	5.023832E7	4.2243068E7	4.166304E7	4.294386E7	
sp|Q792I0|LIN7C_RAT	Q792I0	LIN7C_RAT	Lin7c	197	Rattus norvegicus	1:Experimental evidence at protein level	Protein lin-7 homolog C	1.0	0.999	7	27	23	27	5	6	6	4	2	4	4	5	5	3	2	4	5	6	6	4	2	4	4.9509208E7	6.4220252E7	6.2487844E7	4.9468036E7	5.2086628E7	4.3547928E7	1.0578947E7	1.3584992E7	1.3725836E7	1.1217514E7	1.2063184E7	1.3014675E7	
sp|Q793F9|VPS4A_RAT	Q793F9	VPS4A_RAT	Vps4a	437	Rattus norvegicus	1:Experimental evidence at protein level	Vacuolar protein sorting-associated protein 4A	0.9999	0.9983	2	3	3	3	0	0	1	0	1	1	0	0	1	0	1	1	0	0	1	0	1	1	4302073.5	2079499.1	5296411.5	2846903.0	5521628.0	2937498.2	2169985.8	2207148.2	2727962.5	3021658.8	2629451.8	3117815.2	
sp|Q794E4|HNRPF_RAT	Q794E4	HNRPF_RAT	Hnrnpf	415	Rattus norvegicus	1:Experimental evidence at protein level	Heterogeneous nuclear ribonucleoprotein F	1.0	0.999	11	84	63	84	13	13	14	14	14	16	9	10	11	11	10	12	13	13	14	14	14	16	4.94754816E8	5.1560224E8	4.93612288E8	6.241561E8	6.3943187E8	6.2046752E8	8.1417944E7	8.4252344E7	8.5206872E7	1.067712E8	1.07869008E8	1.05024656E8	
sp|Q794F9|4F2_RAT	Q794F9	4F2_RAT	Slc3a2	527	Rattus norvegicus	1:Experimental evidence at protein level	Amino acid transporter heavy chain SLC3A2	1.0	0.999	13	93	93	93	17	13	8	20	17	18	17	13	8	20	17	18	17	13	8	20	17	18	3.0122976E8	2.10630208E8	1.67116144E8	4.67234976E8	3.97770048E8	4.30916768E8	3.7763732E7	2.7314314E7	2.1862186E7	5.7941604E7	5.2158912E7	5.4404008E7	
sp|Q7M0E3|DEST_RAT	Q7M0E3	DEST_RAT	Dstn	165	Rattus norvegicus	1:Experimental evidence at protein level	Destrin	1.0	0.999	10	143	133	143	29	25	24	20	24	21	28	23	21	18	23	20	29	25	24	20	24	21	1.52138048E9	1.56826624E9	1.47147251E9	1.53056422E9	1.63203494E9	1.60555904E9	3.69882368E8	3.7882992E8	3.69926368E8	3.54537952E8	3.70695328E8	3.69599552E8	
sp|Q7M767|UB2V2_RAT	Q7M767	UB2V2_RAT	Ube2v2	145	Rattus norvegicus	1:Experimental evidence at protein level	Ubiquitin-conjugating enzyme E2 variant 2	1.0	0.999	5	30	30	30	4	5	7	6	4	4	4	5	7	6	4	4	4	5	7	6	4	4	2.06060128E8	2.31435824E8	2.21187232E8	1.89243104E8	1.9336096E8	1.923108E8	9.564184E7	1.04834088E8	9.94612E7	8.6476744E7	8.8094736E7	8.7565632E7	
sp|Q7TM96|ZN622_RAT	Q7TM96	ZN622_RAT	Znf622	386	Rattus norvegicus	1:Experimental evidence at protein level	Cytoplasmic 60S subunit biogenesis factor ZNF622	1.0	0.999	2	3	3	3	0	0	1	1	0	1	0	0	1	1	0	1	0	0	1	1	0	1	3359840.0	2500842.2	3802290.5	3529566.0	2689963.5	2803146.5	1897987.2	2500842.2	2198755.5	2084302.6	2689963.5	1638357.4	
sp|Q7TMA5|APOB_RAT	Q7TMA5	APOB_RAT	Apob	4743	Rattus norvegicus	1:Experimental evidence at protein level	Apolipoprotein B-100	0.9973	0.9982	2	4	4	4	0	0	0	1	1	2	0	0	0	1	1	2	0	0	0	1	1	2	0.0	0.0	0.0	0.0	1128599.5	0.0	0.0	0.0	0.0	0.0	0.0	0.0	
sp|Q7TMD5|ZC3HE_RAT	Q7TMD5	ZC3HE_RAT	Zc3h14	736	Rattus norvegicus	1:Experimental evidence at protein level	Zinc finger CCCH domain-containing protein 14	0.9999	0.999	2	2	2	2	2	0	0	0	0	0	2	0	0	0	0	0	2	0	0	0	0	0	2760332.5	1187643.4	511628.3	1750644.9	0.0	1896947.2	2343891.5	1187643.4	511628.3	1750644.9	0.0	1896947.2	
sp|Q7TNY6|GCP60_RAT	Q7TNY6	GCP60_RAT	Acbd3	526	Rattus norvegicus	1:Experimental evidence at protein level	Golgi resident protein GCP60	1.0	0.999	4	16	16	16	3	2	4	2	2	3	3	2	4	2	2	3	3	2	4	2	2	3	1.7648084E7	1.3796459E7	1.9185806E7	2.070218E7	1.662454E7	1.7387158E7	9359767.0	7493747.5	7266524.5	9686140.0	8816786.0	9699583.0	
sp|Q7TP17|U2AF4_RAT	Q7TP17	U2AF4_RAT	U2af1l4	220	Rattus norvegicus	2:Experimental evidence at transcript level	Splicing factor U2AF 26 kDa subunit	0.9503	0.9984	1	6	6	6	1	1	1	1	1	1	1	1	1	1	1	1	1	1	1	1	1	1	9290100.0	9039555.0	1.02116E7	8957492.0	7794038.5	9679459.0	9290100.0	9039555.0	1.02116E7	8957492.0	7794038.5	9679459.0	
sp|Q7TP36|SHRM2_RAT	Q7TP36	SHRM2_RAT	Shroom2	1423	Rattus norvegicus	1:Experimental evidence at protein level	Protein Shroom2	0.8275	0.9936	1	3	3	3	0	0	0	1	1	1	0	0	0	1	1	1	0	0	0	1	1	1	0.0	0.0	273060.03	461545.16	0.0	0.0	0.0	0.0	273060.03	461545.16	0.0	0.0	
sp|Q7TP40|PCNP_RAT	Q7TP40	PCNP_RAT	Pcnp	189	Rattus norvegicus	1:Experimental evidence at protein level	PEST proteolytic signal-containing nuclear protein	1.0	0.999	3	17	17	17	3	3	3	3	3	2	3	3	3	3	3	2	3	3	3	3	3	2	3.1211548E7	3.5960084E7	3.828678E7	2.5782982E7	2.6651362E7	2.5571024E7	1.1982857E7	1.3785332E7	1.4335651E7	9545158.0	9895348.0	1.057174E7	
sp|Q7TP47|HNRPQ_RAT	Q7TP47	HNRPQ_RAT	Syncrip	533	Rattus norvegicus	2:Experimental evidence at transcript level	Heterogeneous nuclear ribonucleoprotein Q	1.0	0.999	12	100	100	100	17	15	15	17	18	18	17	15	15	17	18	18	17	15	15	17	18	18	5.20011008E8	5.20740992E8	5.30889504E8	5.2533824E8	5.4020326E8	5.21265312E8	9.4561264E7	1.00867688E8	9.6202048E7	9.4161176E7	9.6008888E7	9.3411304E7	
sp|Q7TP48|APMAP_RAT	Q7TP48	APMAP_RAT	Apmap	376	Rattus norvegicus	2:Experimental evidence at transcript level	Adipocyte plasma membrane-associated protein	1.0	0.999	5	20	20	20	3	4	3	4	3	3	3	4	3	4	3	3	3	4	3	4	3	3	3.9511784E7	3.4168348E7	3.5285724E7	3.198414E7	5.2702856E7	4.6486028E7	1.6767632E7	1.4967225E7	1.8192194E7	1.8966806E7	2.1595E7	2.1373748E7	
sp|Q7TP52|CMBL_RAT	Q7TP52	CMBL_RAT	Cmbl	245	Rattus norvegicus	2:Experimental evidence at transcript level	Carboxymethylenebutenolidase homolog	1.0	0.999	7	34	34	34	5	6	5	5	6	7	5	6	5	5	6	7	5	6	5	5	6	7	7.0568328E7	7.6431904E7	6.5031596E7	7.9850704E7	8.3751328E7	1.22472296E8	2.3290812E7	2.6767842E7	2.5621778E7	2.6710118E7	2.6955926E7	2.9516698E7	
sp|Q7TP54|RIPR2_RAT	Q7TP54	RIPR2_RAT	Ripor2	1310	Rattus norvegicus	1:Experimental evidence at protein level	Rho family-interacting cell polarization regulator 2	1.0	0.999	7	41	1	41	6	6	9	6	7	7	0	0	1	0	0	0	6	6	9	6	7	7	1.41826144E8	1.61171808E8	2.23430304E8	3.52150976E8	3.7972816E8	3.70955936E8	5.1904148E7	5.8710984E7	6.214818E7	1.31582984E8	1.32183768E8	1.3435904E8	
sp|Q7TP98|ILF2_RAT	Q7TP98	ILF2_RAT	Ilf2	463	Rattus norvegicus	2:Experimental evidence at transcript level	Interleukin enhancer-binding factor 2	1.0	0.999	2	12	12	12	2	2	2	2	2	2	2	2	2	2	2	2	2	2	2	2	2	2	1.4970746E7	1.601411E7	1.2270544E7	1.7468686E7	1.6852246E7	1.6477772E7	8070199.0	8702223.0	6457420.5	9469794.0	9150831.0	8954374.0	
sp|Q7TPB1|TCPD_RAT	Q7TPB1	TCPD_RAT	Cct4	539	Rattus norvegicus	1:Experimental evidence at protein level	T-complex protein 1 subunit delta	1.0	0.999	20	86	78	86	18	10	14	15	13	16	17	9	12	13	12	15	18	10	14	15	13	16	3.39785024E8	2.55547168E8	2.67691648E8	3.18260672E8	2.75914016E8	2.69982464E8	3.7025112E7	3.0528996E7	3.0230762E7	3.8626548E7	3.4663112E7	3.4123588E7	
sp|Q7TPJ0|SSRA_RAT	Q7TPJ0	SSRA_RAT	Ssr1	319	Rattus norvegicus	1:Experimental evidence at protein level	Translocon-associated protein subunit alpha	1.0	0.999	5	63	63	63	10	12	15	9	10	7	10	12	15	9	10	7	10	12	15	9	10	7	1.154128E9	1.14012147E9	1.24308582E9	8.3482118E8	8.6392211E8	7.4732666E8	3.35650464E8	3.43805024E8	4.05640288E8	3.40850944E8	3.36281536E8	2.99193824E8	
sp|Q7TQ20|DNJC2_RAT	Q7TQ20	DNJC2_RAT	Dnajc2	621	Rattus norvegicus	1:Experimental evidence at protein level	DnaJ homolog subfamily C member 2	0.9986	0.997	3	5	5	5	0	1	2	0	1	1	0	1	2	0	1	1	0	1	2	0	1	1	0.0	2321095.5	1530201.4	1458563.0	0.0	1236935.6	0.0	2321095.5	1530201.4	1458563.0	0.0	1236935.6	
sp|Q7TQ82|RT10_RAT	Q7TQ82	RT10_RAT	Mrps10	155	Rattus norvegicus	2:Experimental evidence at transcript level	Small ribosomal subunit protein uS10m	0.9684	0.999	1	2	2	2	2	0	0	0	0	0	2	0	0	0	0	0	2	0	0	0	0	0	2.1702802E7	2.5332182E7	2.1352314E7	1.7874838E7	2.0401676E7	2.0615796E7	2.1702802E7	2.5332182E7	2.1352314E7	1.7874838E7	2.0401676E7	2.0615796E7	
sp|Q7TQ94|NIT1_RAT	Q7TQ94	NIT1_RAT	Nit1	327	Rattus norvegicus	2:Experimental evidence at transcript level	Deaminated glutathione amidase	1.0	0.999	11	54	54	54	9	11	8	7	10	9	9	11	8	7	10	9	9	11	8	7	10	9	2.33762496E8	2.22422064E8	2.40164096E8	1.73210384E8	1.93209232E8	1.92885168E8	4.5802588E7	4.8301108E7	4.4490392E7	3.6092936E7	3.9843976E7	3.7851976E7	
sp|Q7TQN4|TF65_RAT	Q7TQN4	TF65_RAT	Rela	550	Rattus norvegicus	1:Experimental evidence at protein level	Transcription factor p65	1.0	0.999	2	8	8	8	1	1	1	2	2	1	1	1	1	2	2	1	1	1	1	2	2	1	6237119.0	7716275.0	9019089.0	8952463.0	7251691.0	7043520.0	3591759.5	4329556.0	5154663.0	5176063.0	4029342.2	4056244.2	
sp|Q7TSE9|HAX1_RAT	Q7TSE9	HAX1_RAT	Hax1	278	Rattus norvegicus	1:Experimental evidence at protein level	HCLS1-associated protein X-1	1.0	0.999	2	4	4	4	1	1	2	0	0	0	1	1	2	0	0	0	1	1	2	0	0	0	2404748.0	4367316.0	4905139.0	1207967.0	0.0	0.0	2404748.0	3154705.2	3505468.5	1207967.0	0.0	0.0	
sp|Q7TSU1|BIG2_RAT	Q7TSU1	BIG2_RAT	Arfgef2	1791	Rattus norvegicus	1:Experimental evidence at protein level	Brefeldin A-inhibited guanine nucleotide-exchange protein 2	0.9685	0.999	1	1	1	1	0	0	0	1	0	0	0	0	0	1	0	0	0	0	0	1	0	0	0.0	0.0	0.0	1926772.6	0.0	0.0	0.0	0.0	0.0	0.0	0.0	0.0	
sp|Q80U96|XPO1_RAT	Q80U96	XPO1_RAT	Xpo1	1071	Rattus norvegicus	1:Experimental evidence at protein level	Exportin-1	0.9999	0.999	3	6	6	6	0	0	0	3	1	2	0	0	0	3	1	2	0	0	0	3	1	2	2896009.8	2191012.8	1646051.5	8571117.0	7526416.0	8764812.0	1967981.0	1175642.2	1024433.94	3682653.5	3484156.2	3755886.2	
sp|Q80W96|ISCA1_RAT	Q80W96	ISCA1_RAT	Isca1	129	Rattus norvegicus	2:Experimental evidence at transcript level	Iron-sulfur cluster assembly 1 homolog, mitochondrial	0.7651	0.9906	1	2	2	2	1	1	0	0	0	0	1	1	0	0	0	0	1	1	0	0	0	0	0.0	0.0	0.0	0.0	0.0	0.0	0.0	0.0	0.0	0.0	0.0	0.0	
sp|Q80X08|WASC2_RAT	Q80X08	WASC2_RAT	Washc2	1328	Rattus norvegicus	1:Experimental evidence at protein level	WASH complex subunit 2	1.0	0.999	4	5	5	5	0	1	2	0	1	1	0	1	2	0	1	1	0	1	2	0	1	1	4197444.5	6412543.0	5699050.0	5909644.0	4514732.5	5708864.0	2497839.2	3814564.8	3378894.0	3542898.0	4514732.5	3423450.5	
sp|Q80Z29|NAMPT_RAT	Q80Z29	NAMPT_RAT	Nampt	491	Rattus norvegicus	1:Experimental evidence at protein level	Nicotinamide phosphoribosyltransferase	0.9685	0.999	1	1	1	1	0	0	0	0	0	1	0	0	0	0	0	1	0	0	0	0	0	1	0.0	0.0	0.0	0.0	3402107.0	3372274.5	0.0	0.0	0.0	0.0	3402107.0	3372274.5	
sp|Q80Z70|SE1L1_RAT	Q80Z70	SE1L1_RAT	Sel1l	794	Rattus norvegicus	1:Experimental evidence at protein level	Protein sel-1 homolog 1	1.0	0.999	5	12	12	12	4	2	0	2	1	3	4	2	0	2	1	3	4	2	0	2	1	3	1.9759698E7	1.2896021E7	1.472215E7	2.1537476E7	1.8198518E7	2.2305458E7	8656861.0	6300832.5	6555449.5	9846952.0	1.0226706E7	9854447.0	
sp|Q80ZG2|IP3KC_RAT	Q80ZG2	IP3KC_RAT	Itpkc	678	Rattus norvegicus	1:Experimental evidence at protein level	Inositol-trisphosphate 3-kinase C	1.0	0.999	4	12	9	12	0	0	0	4	5	3	0	0	0	3	4	2	0	0	0	4	5	3	398111.3	0.0	261810.6	1.4071493E7	1.4290739E7	1.200724E7	535802.25	0.0	352360.5	5002780.5	4393284.0	4737392.0	
sp|Q80ZG5|SLU7_RAT	Q80ZG5	SLU7_RAT	Slu7	586	Rattus norvegicus	1:Experimental evidence at protein level	Pre-mRNA-splicing factor SLU7	0.9663	0.9989	1	1	1	1	0	0	0	1	0	0	0	0	0	1	0	0	0	0	0	1	0	0	1.9966546E7	6342765.0	0.0	3491849.2	2.1622496E7	2.4034602E7	1.9966546E7	6342765.0	0.0	3491849.2	2.1622496E7	2.4034602E7	
sp|Q810I1|TRI50_RAT	Q810I1	TRI50_RAT	Trim50	483	Rattus norvegicus	2:Experimental evidence at transcript level	E3 ubiquitin-protein ligase TRIM50	0.8376	0.9941	1	1	1	1	0	0	0	0	0	1	0	0	0	0	0	1	0	0	0	0	0	1	0.0	0.0	0.0	0.0	0.0	0.0	0.0	0.0	0.0	0.0	0.0	0.0	
sp|Q811A3|PLOD2_RAT	Q811A3	PLOD2_RAT	Plod2	737	Rattus norvegicus	2:Experimental evidence at transcript level	Procollagen-lysine,2-oxoglutarate 5-dioxygenase 2	0.9498	0.9984	1	1	1	1	0	1	0	0	0	0	0	1	0	0	0	0	0	1	0	0	0	0	0.0	7745364.0	0.0	0.0	0.0	0.0	0.0	0.0	0.0	0.0	0.0	0.0	
sp|Q811Q1|SMUG1_RAT	Q811Q1	SMUG1_RAT	Smug1	278	Rattus norvegicus	2:Experimental evidence at transcript level	Single-strand selective monofunctional uracil-DNA glycosylase	0.9837	0.9946	2	2	2	2	0	0	1	1	0	0	0	0	1	1	0	0	0	0	1	1	0	0	0.0	0.0	0.0	1670843.9	0.0	0.0	0.0	0.0	0.0	0.0	0.0	0.0	
sp|Q811S9|GNL3_RAT	Q811S9	GNL3_RAT	Gnl3	538	Rattus norvegicus	1:Experimental evidence at protein level	Guanine nucleotide-binding protein-like 3	1.0	0.999	2	4	4	4	1	1	1	1	0	0	1	1	1	1	0	0	1	1	1	1	0	0	6027470.5	5716956.0	7367457.0	2.0491372E7	1.840816E7	1.6645198E7	6027470.5	5716956.0	7367457.0	2.0491372E7	1.840816E7	1.6645198E7	
sp|Q811U3|RB6I2_RAT	Q811U3	RB6I2_RAT	Erc1	948	Rattus norvegicus	1:Experimental evidence at protein level	ELKS/Rab6-interacting/CAST family member 1	0.9183	0.9973	1	1	1	1	0	0	0	0	1	0	0	0	0	0	1	0	0	0	0	0	1	0	0.0	0.0	0.0	0.0	0.0	0.0	0.0	0.0	0.0	0.0	0.0	0.0	
sp|Q811X6|CRYL1_RAT	Q811X6	CRYL1_RAT	Cryl1	319	Rattus norvegicus	1:Experimental evidence at protein level	Lambda-crystallin homolog	0.9363	0.9979	1	1	1	1	0	0	0	0	1	0	0	0	0	0	1	0	0	0	0	0	1	0	4494224.5	3034446.5	3862210.8	5698720.0	4658858.0	4460417.5	4494224.5	3034446.5	3862210.8	5698720.0	4658858.0	4460417.5	
sp|Q812D1|PSIP1_RAT	Q812D1	PSIP1_RAT	Psip1	528	Rattus norvegicus	1:Experimental evidence at protein level	PC4 and SFRS1-interacting protein	1.0	0.999	3	12	12	12	2	2	1	2	2	3	2	2	1	2	2	3	2	2	1	2	2	3	2.3443624E7	2.6446726E7	2.780066E7	2.7482906E7	2.9538982E7	3.029286E7	1.21887E7	1.3483418E7	1.4848861E7	1.4061636E7	1.5333988E7	1.5810123E7	
sp|Q812D3|PPIL3_RAT	Q812D3	PPIL3_RAT	Ppil3	161	Rattus norvegicus	2:Experimental evidence at transcript level	Peptidyl-prolyl cis-trans isomerase-like 3	0.9685	0.999	1	3	3	3	1	0	1	0	1	0	1	0	1	0	1	0	1	0	1	0	1	0	4673542.0	6789189.5	4520991.5	2412660.5	5123197.0	6052961.5	4673542.0	6789189.5	4520991.5	2412660.5	5123197.0	6052961.5	
sp|Q8CFC1|RIOX2_RAT	Q8CFC1	RIOX2_RAT	Riox2	465	Rattus norvegicus	2:Experimental evidence at transcript level	Ribosomal oxygenase 2	0.699	0.9869	1	2	2	2	0	0	0	1	1	0	0	0	0	1	1	0	0	0	0	1	1	0	0.0	870003.9	0.0	0.0	930354.1	1180892.0	0.0	870003.9	0.0	0.0	930354.1	1180892.0	
sp|Q8CFN2|CDC42_RAT	Q8CFN2	CDC42_RAT	Cdc42	191	Rattus norvegicus	1:Experimental evidence at protein level	Cell division control protein 42 homolog	1.0	0.999	7	47	44	47	9	7	9	7	8	7	8	7	9	6	7	7	9	7	9	7	8	7	1.98670272E8	1.53984032E8	1.45365344E8	2.79455872E8	2.42083376E8	2.65041808E8	3.9847672E7	3.8095612E7	3.6945332E7	5.59709E7	5.2195712E7	5.4613072E7	
sp|Q8CG45|ARK72_RAT	Q8CG45	ARK72_RAT	Akr7a2	367	Rattus norvegicus	1:Experimental evidence at protein level	Aflatoxin B1 aldehyde reductase member 2	1.0	0.999	8	47	47	47	8	8	7	7	8	9	8	8	7	7	8	9	8	8	7	7	8	9	2.4898656E8	2.58507632E8	2.37795296E8	2.17849968E8	2.44273872E8	2.42340256E8	4.8347844E7	4.9505144E7	4.607382E7	4.1141896E7	4.1286072E7	4.110264E7	
sp|Q8CGS4|CHMP3_RAT	Q8CGS4	CHMP3_RAT	Chmp3	223	Rattus norvegicus	1:Experimental evidence at protein level	Charged multivesicular body protein 3	1.0	0.999	3	11	11	11	2	1	1	2	2	3	2	1	1	2	2	3	2	1	1	2	2	3	1.2545554E7	1.2880282E7	1.5748166E7	1.0174434E7	1.3673138E7	1.1518774E7	5572845.5	5415770.0	6517240.5	3719478.2	5842654.0	5219897.5	
sp|Q8CGS5|RNZ2_RAT	Q8CGS5	RNZ2_RAT	Elac2	827	Rattus norvegicus	1:Experimental evidence at protein level	Zinc phosphodiesterase ELAC protein 2	0.9668	0.9989	1	2	2	2	0	0	1	1	0	0	0	0	1	1	0	0	0	0	1	1	0	0	0.0	0.0	0.0	0.0	0.0	0.0	0.0	0.0	0.0	0.0	0.0	0.0	
sp|Q8CGU6|NICA_RAT	Q8CGU6	NICA_RAT	Ncstn	708	Rattus norvegicus	1:Experimental evidence at protein level	Nicastrin	0.9962	0.999	2	3	3	3	0	0	0	2	0	1	0	0	0	2	0	1	0	0	0	2	0	1	0.0	0.0	0.0	8609585.0	0.0	7968093.5	0.0	0.0	0.0	8057937.5	0.0	7968093.5	
sp|Q8CGV7|THTPA_RAT	Q8CGV7	THTPA_RAT	Thtpa	224	Rattus norvegicus	2:Experimental evidence at transcript level	Thiamine-triphosphatase	1.0	0.999	2	3	3	3	0	1	0	0	1	1	0	1	0	0	1	1	0	1	0	0	1	1	1.004955E7	9404130.0	1.1642418E7	7719912.5	9426474.0	8209080.0	5603295.0	5217168.0	6507934.5	4287992.5	5261168.5	4441954.0	
sp|Q8CHN6|SGPL1_RAT	Q8CHN6	SGPL1_RAT	Sgpl1	568	Rattus norvegicus	2:Experimental evidence at transcript level	Sphingosine-1-phosphate lyase 1	1.0	0.999	3	5	5	5	0	0	1	1	2	1	0	0	1	1	2	1	0	0	1	1	2	1	0.0	0.0	3048924.2	4463474.5	8801051.0	3526437.2	0.0	0.0	0.0	4500324.5	4412537.5	3516786.2	
sp|Q8CJD3|ZG16_RAT	Q8CJD3	ZG16_RAT	Zg16	167	Rattus norvegicus	2:Experimental evidence at transcript level	Zymogen granule membrane protein 16	1.0	0.999	7	241	241	241	28	41	37	41	47	47	28	41	37	41	47	47	28	41	37	41	47	47	8.2415534E9	1.01842289E10	1.02642309E10	1.73019628E10	1.92229868E10	1.90781379E10	2.21163418E9	2.7774464E9	2.77158707E9	4.6881459E9	5.3380582E9	5.2694758E9	
sp|Q8K1Q0|NMT1_RAT	Q8K1Q0	NMT1_RAT	Nmt1	496	Rattus norvegicus	1:Experimental evidence at protein level	Glycylpeptide N-tetradecanoyltransferase 1	1.0	0.999	4	11	11	11	2	3	3	1	1	1	2	3	3	1	1	1	2	3	3	1	1	1	3.2287428E7	3.2546192E7	2.9818254E7	3.5534832E7	3.72893E7	1.946193E7	1.2644395E7	1.15928E7	1.0292819E7	1.0652525E7	1.1503363E7	1.0317074E7	
sp|Q8K3E7|DPY30_RAT	Q8K3E7	DPY30_RAT	Dpy30	99	Rattus norvegicus	1:Experimental evidence at protein level	Protein dpy-30 homolog	1.0	0.999	2	11	11	11	2	2	3	2	1	1	2	2	3	2	1	1	2	2	3	2	1	1	2.2863596E7	2.570998E7	2.8800844E7	2.1073192E7	1.9246172E7	1.4181016E7	1.1038662E7	1.2510264E7	1.3679809E7	9949452.0	8880862.0	9665670.0	
sp|Q8K3F3|PP14B_RAT	Q8K3F3	PP14B_RAT	Ppp1r14b	147	Rattus norvegicus	2:Experimental evidence at transcript level	Protein phosphatase 1 regulatory subunit 14B	0.9685	0.999	1	1	1	1	0	0	0	1	0	0	0	0	0	1	0	0	0	0	0	1	0	0	0.0	0.0	0.0	4399772.5	0.0	0.0	0.0	0.0	0.0	0.0	0.0	0.0	
sp|Q8K3K4|SPB10_RAT	Q8K3K4	SPB10_RAT	Serpinb10	397	Rattus norvegicus	2:Experimental evidence at transcript level	Serpin B10	0.9346	0.9979	1	1	1	1	0	0	0	1	0	0	0	0	0	1	0	0	0	0	0	1	0	0	0.0	5537975.5	0.0	3118048.0	0.0	0.0	0.0	5537975.5	0.0	3118048.0	0.0	0.0	
sp|Q8K3K9|GIMA4_RAT	Q8K3K9	GIMA4_RAT	Gimap4	310	Rattus norvegicus	1:Experimental evidence at protein level	GTPase IMAP family member 4	0.9684	0.999	1	4	4	4	1	1	0	1	0	1	1	1	0	1	0	1	1	1	0	1	0	1	0.0	0.0	0.0	2485559.8	0.0	2245410.8	0.0	0.0	0.0	2485559.8	0.0	2245410.8	
sp|Q8K3P7|HINT3_RAT	Q8K3P7	HINT3_RAT	Hint3	175	Rattus norvegicus	2:Experimental evidence at transcript level	Adenosine 5'-monophosphoramidase HINT3	0.7373	0.9891	1	6	6	6	1	2	1	0	1	1	1	2	1	0	1	1	1	2	1	0	1	1	0.0	0.0	0.0	0.0	0.0	0.0	0.0	0.0	0.0	0.0	0.0	0.0	
sp|Q8K4D8|AL1A3_RAT	Q8K4D8	AL1A3_RAT	Aldh1a3	512	Rattus norvegicus	2:Experimental evidence at transcript level	Retinaldehyde dehydrogenase 3	1.0	0.999	3	2	2	4	0	2	0	0	0	0	0	2	0	0	0	0	1	2	1	0	0	0	640575.8	1453122.4	1464975.6	0.0	0.0	0.0	640575.8	1453122.4	1464975.6	0.0	0.0	0.0	
sp|Q8K4F7|DCPS_RAT	Q8K4F7	DCPS_RAT	Dcps	336	Rattus norvegicus	2:Experimental evidence at transcript level	m7GpppX diphosphatase	1.0	0.999	8	31	31	31	5	6	6	5	3	6	5	6	6	5	3	6	5	6	6	5	3	6	5.3147572E7	7.6591048E7	8.4835688E7	6.582486E7	7.1699208E7	6.8405792E7	1.6841916E7	1.8633274E7	2.3730768E7	2.15456E7	2.3066596E7	2.3463384E7	
sp|Q8K4G6|MACD1_RAT	Q8K4G6	MACD1_RAT	Macrod1	258	Rattus norvegicus	2:Experimental evidence at transcript level	ADP-ribose glycohydrolase MACROD1 (Fragment)	1.0	0.999	3	4	4	4	2	0	1	1	0	0	2	0	1	1	0	0	2	0	1	1	0	0	2.049787E7	1.6136014E7	1.8775076E7	4295034.0	3961107.8	1.4243849E7	9852470.0	8183963.5	8343426.5	5723249.5	5278284.0	5639030.5	
sp|Q8K4M9|OSBL1_RAT	Q8K4M9	OSBL1_RAT	Osbpl1a	950	Rattus norvegicus	1:Experimental evidence at protein level	Oxysterol-binding protein-related protein 1	1.0	0.999	3	5	5	5	2	0	0	1	0	2	2	0	0	1	0	2	2	0	0	1	0	2	6594915.5	1.0535536E7	1.0345786E7	1.928309E7	7218059.0	6928362.5	6438259.5	5744491.0	5706870.5	5590105.0	6856219.5	3840995.2	
sp|Q8K585|HMGA1_RAT	Q8K585	HMGA1_RAT	Hmga1	107	Rattus norvegicus	1:Experimental evidence at protein level	High mobility group protein HMG-I/HMG-Y	0.9472	0.9983	1	2	2	2	0	0	0	1	0	1	0	0	0	1	0	1	0	0	0	1	0	1	0.0	0.0	0.0	7010847.5	8686688.0	7051333.5	0.0	0.0	0.0	7010847.5	8686688.0	7051333.5	
sp|Q8K5B3|MCFD2_RAT	Q8K5B3	MCFD2_RAT	Mcfd2	145	Rattus norvegicus	1:Experimental evidence at protein level	Multiple coagulation factor deficiency protein 2 homolog	1.0	0.999	3	48	48	48	10	13	12	5	4	4	10	13	12	5	4	4	10	13	12	5	4	4	6.8884128E8	7.8766669E8	9.1566048E8	3.2746512E8	5.5812454E8	3.75043808E8	2.4898576E8	3.04429344E8	3.52761824E8	1.24611112E8	1.55259232E8	1.27947472E8	
sp|Q8R1R5|C99L2_RAT	Q8R1R5	C99L2_RAT	Cd99l2	246	Rattus norvegicus	2:Experimental evidence at transcript level	CD99 antigen-like protein 2	0.9685	0.999	1	6	6	6	1	1	1	1	1	1	1	1	1	1	1	1	1	1	1	1	1	1	5665120.0	6110817.0	5532983.5	4998928.0	4912865.0	7462260.0	5665120.0	6110817.0	5532983.5	4998928.0	4912865.0	7462260.0	
sp|Q8R424|STABP_RAT	Q8R424	STABP_RAT	Stambp	424	Rattus norvegicus	2:Experimental evidence at transcript level	STAM-binding protein	0.9685	0.999	1	2	2	2	0	1	1	0	0	0	0	1	1	0	0	0	0	1	1	0	0	0	1615159.2	0.0	1058195.8	0.0	1962295.0	1833166.8	1615159.2	0.0	1058195.8	0.0	1962295.0	1833166.8	
sp|Q8R431|MGLL_RAT	Q8R431	MGLL_RAT	Mgll	303	Rattus norvegicus	1:Experimental evidence at protein level	Monoglyceride lipase	1.0	0.999	7	22	22	22	3	2	1	6	4	6	3	2	1	6	4	6	3	2	1	6	4	6	1.2626505E7	8750914.0	8051300.5	2.9058372E7	2.4499206E7	2.402419E7	3163585.0	3215610.0	2484438.8	7102631.0	6504760.5	6534411.0	
sp|Q8R478|WBP2_RAT	Q8R478	WBP2_RAT	Wbp2	262	Rattus norvegicus	1:Experimental evidence at protein level	WW domain-binding protein 2	0.9685	0.999	1	2	2	2	1	1	0	0	0	0	1	1	0	0	0	0	1	1	0	0	0	0	1564254.4	1526590.5	1294378.9	863969.6	0.0	1640482.5	1564254.4	1526590.5	1294378.9	863969.6	0.0	1640482.5	
sp|Q8R491|EHD3_RAT	Q8R491	EHD3_RAT	Ehd3	535	Rattus norvegicus	1:Experimental evidence at protein level	EH domain-containing protein 3	1.0	0.999	9	11	11	31	1	1	2	2	3	2	1	1	2	2	3	2	5	6	6	4	6	4	1.3659729E7	9882971.0	1.4725347E7	1.8320734E7	1.7666242E7	1.9896988E7	9595802.0	6705791.0	7338869.0	9644711.0	9152974.0	1.0697724E7	
sp|Q8R4A1|ERO1A_RAT	Q8R4A1	ERO1A_RAT	Ero1a	464	Rattus norvegicus	1:Experimental evidence at protein level	ERO1-like protein alpha	1.0	0.999	3	15	15	15	3	3	2	3	2	2	3	3	2	3	2	2	3	3	2	3	2	2	8.4144128E7	6.7079464E7	6.1864664E7	5.8029492E7	6.4579084E7	6.59151E7	6.08988E7	5.2483436E7	5.4403296E7	5.6146204E7	5.9688192E7	5.4715268E7	
sp|Q8R511|FNBP1_RAT	Q8R511	FNBP1_RAT	Fnbp1	616	Rattus norvegicus	1:Experimental evidence at protein level	Formin-binding protein 1	0.5992	0.9798	1	1	1	1	0	0	0	0	0	1	0	0	0	0	0	1	0	0	0	0	0	1	0.0	0.0	0.0	0.0	2071881.6	1696492.1	0.0	0.0	0.0	0.0	2071881.6	1696492.1	
sp|Q8R5M4|OPTN_RAT	Q8R5M4	OPTN_RAT	Optn	585	Rattus norvegicus	1:Experimental evidence at protein level	Optineurin	0.679	0.9857	1	2	2	2	1	0	0	1	0	0	1	0	0	1	0	0	1	0	0	1	0	0	0.0	0.0	0.0	0.0	0.0	0.0	0.0	0.0	0.0	0.0	0.0	0.0	
sp|Q8VD48|DHRS9_RAT	Q8VD48	DHRS9_RAT	Dhrs9	319	Rattus norvegicus	1:Experimental evidence at protein level	Dehydrogenase/reductase SDR family member 9	0.9487	0.9983	1	1	1	1	0	0	0	1	0	0	0	0	0	1	0	0	0	0	0	1	0	0	0.0	0.0	0.0	0.0	0.0	0.0	0.0	0.0	0.0	0.0	0.0	0.0	
sp|Q8VD88|RNS1D_RAT	Q8VD88	RNS1D_RAT	Rnase1d	150	Rattus norvegicus	3:Protein inferred from homology	Ribonuclease pancreatic delta-type	1.0	0.999	1	16	16	16	2	3	2	3	3	3	2	3	2	3	3	3	2	3	2	3	3	3	2.7542124E7	3.0277512E7	3.1232572E7	2.7199388E7	9747738.0	2.7839166E7	1.561884E7	1.6705435E7	1.7406896E7	1.5053025E7	1.1516193E7	1.3762371E7	
sp|Q8VHE9|RETST_RAT	Q8VHE9	RETST_RAT	Retsat	609	Rattus norvegicus	2:Experimental evidence at transcript level	All-trans-retinol 13,14-reductase	1.0	0.999	2	4	4	4	0	0	0	2	1	1	0	0	0	2	1	1	0	0	0	2	1	1	4458232.5	3219260.0	2788550.0	5998558.5	6573795.0	6486435.5	4458232.5	3219260.0	2788550.0	5998558.5	6573795.0	6486435.5	
sp|Q8VHF5|CISY_RAT	Q8VHF5	CISY_RAT	Cs	466	Rattus norvegicus	1:Experimental evidence at protein level	Citrate synthase, mitochondrial	1.0	0.999	13	72	72	72	14	14	11	11	9	13	14	14	11	11	9	13	14	14	11	11	9	13	3.72107456E8	3.1039808E8	2.81712576E8	3.02724416E8	3.04875232E8	2.95792896E8	6.2782616E7	5.3091388E7	4.8944368E7	5.0775452E7	5.0328224E7	4.9253308E7	
sp|Q8VHI8|SEC20_RAT	Q8VHI8	SEC20_RAT	Bnip1	228	Rattus norvegicus	2:Experimental evidence at transcript level	Vesicle transport protein SEC20	0.9125	0.9971	1	2	2	2	0	0	0	1	1	0	0	0	0	1	1	0	0	0	0	1	1	0	0.0	0.0	2066604.9	4430641.0	4031951.2	4659411.0	0.0	0.0	2066604.9	4430641.0	4031951.2	4659411.0	
sp|Q8VHK7|HDGF_RAT	Q8VHK7	HDGF_RAT	Hdgf	237	Rattus norvegicus	1:Experimental evidence at protein level	Hepatoma-derived growth factor	1.0	0.999	5	28	28	28	5	6	7	4	4	2	5	6	7	4	4	2	5	6	7	4	4	2	2.46992096E8	2.76296768E8	2.98504608E8	2.41155376E8	3.1192928E8	3.05801216E8	8.5084336E7	9.4380888E7	9.8065312E7	9.319096E7	1.05099736E8	1.05002768E8	
sp|Q8VHQ7|SYTL4_RAT	Q8VHQ7	SYTL4_RAT	Sytl4	672	Rattus norvegicus	1:Experimental evidence at protein level	Synaptotagmin-like protein 4	0.9999	0.9976	3	4	4	4	0	0	0	0	3	1	0	0	0	0	3	1	0	0	0	0	3	1	1808353.8	1311096.4	1284839.0	821629.0	1689489.9	1411626.8	1808353.8	1311096.4	1284839.0	821629.0	1689489.9	1411626.8	
sp|Q8VHT6|AS3MT_RAT	Q8VHT6	AS3MT_RAT	As3mt	369	Rattus norvegicus	1:Experimental evidence at protein level	Arsenite methyltransferase	1.0	0.999	3	10	10	10	1	2	3	0	2	2	1	2	3	0	2	2	1	2	3	0	2	2	1.3046435E7	1.0079529E7	6837079.5	1.1011156E7	1.0904746E7	1.1320259E7	9036734.0	7492526.0	4902434.5	8299089.0	6335892.5	7845264.0	
sp|Q8VHV7|HNRH1_RAT	Q8VHV7	HNRH1_RAT	Hnrnph1	449	Rattus norvegicus	1:Experimental evidence at protein level	Heterogeneous nuclear ribonucleoprotein H	1.0	0.999	11	56	33	65	11	9	6	10	10	10	7	5	3	7	6	5	13	10	7	11	12	12	2.77820032E8	2.78995712E8	2.17801312E8	3.2165696E8	3.5813488E8	3.35526848E8	6.808432E7	7.7514352E7	6.0669628E7	8.3658424E7	8.8560512E7	8.620632E7	
sp|Q8VID1|DHRS4_RAT	Q8VID1	DHRS4_RAT	Dhrs4	279	Rattus norvegicus	2:Experimental evidence at transcript level	Dehydrogenase/reductase SDR family member 4	1.0	0.999	6	28	28	28	7	4	5	3	5	4	7	4	5	3	5	4	7	4	5	3	5	4	6.1991396E7	5.8966192E7	5.1590608E7	3.3113548E7	5.3894104E7	2.8202414E7	2.4753016E7	2.6192756E7	2.4711404E7	1.5289306E7	1.300595E7	1.391967E7	
sp|Q8VIF7|SBP1_RAT	Q8VIF7	SBP1_RAT	Selenbp1	472	Rattus norvegicus	1:Experimental evidence at protein level	Methanethiol oxidase	1.0	0.999	24	167	167	167	29	31	26	27	25	29	29	31	26	27	25	29	29	31	26	27	25	29	1.04314662E9	1.0261305E9	1.0168089E9	1.08524749E9	1.11368282E9	1.10266074E9	1.47977616E8	1.45941376E8	1.39914304E8	1.56139088E8	1.53820576E8	1.54341184E8	
sp|Q8VIL3|ZWINT_RAT	Q8VIL3	ZWINT_RAT	Zwint	266	Rattus norvegicus	1:Experimental evidence at protein level	Outer kinetochore KNL1 complex subunit ZWINT	0.9752	0.999	2	6	6	6	2	1	0	1	1	1	2	1	0	1	1	1	2	1	0	1	1	1	2.1819148E7	6805001.5	0.0	5437826.0	4610575.0	5352276.5	8660009.0	7695296.5	0.0	6149254.0	5213774.5	6052512.0	
sp|Q91V33|KHDR1_RAT	Q91V33	KHDR1_RAT	Khdrbs1	443	Rattus norvegicus	1:Experimental evidence at protein level	KH domain-containing, RNA-binding, signal transduction-associated protein 1	1.0	0.999	4	8	8	8	1	1	1	2	2	1	1	1	1	2	2	1	1	1	1	2	2	1	4.1151672E7	2.7915146E7	4.0617692E7	4.6499192E7	3.7730496E7	3.8081E7	1.3944027E7	1.5281755E7	1.365703E7	1.6839806E7	1.6895622E7	1.4868241E7	
sp|Q91VC0|DCTP1_RAT	Q91VC0	DCTP1_RAT	Dctpp1	170	Rattus norvegicus	2:Experimental evidence at transcript level	dCTP pyrophosphatase 1	0.9625	0.9988	1	2	2	2	0	1	1	0	0	0	0	1	1	0	0	0	0	1	1	0	0	0	0.0	2607889.2	3643677.5	0.0	0.0	2805322.5	0.0	2607889.2	3643677.5	0.0	0.0	2805322.5	
sp|Q91XU1|QKI_RAT	Q91XU1	QKI_RAT	Qki	341	Rattus norvegicus	1:Experimental evidence at protein level	KH domain-containing RNA-binding protein QKI	0.7497	0.9898	1	1	1	1	0	0	1	0	0	0	0	0	1	0	0	0	0	0	1	0	0	0	1808578.6	1866439.5	1399421.6	0.0	1204035.4	2226741.2	1808578.6	1866439.5	1399421.6	0.0	1204035.4	2226741.2	
sp|Q91Y78|UCHL3_RAT	Q91Y78	UCHL3_RAT	Uchl3	230	Rattus norvegicus	1:Experimental evidence at protein level	Ubiquitin carboxyl-terminal hydrolase isozyme L3	1.0	0.999	7	46	46	46	8	8	8	7	8	7	8	8	8	7	8	7	8	8	8	7	8	7	1.01494368E8	1.02082488E8	1.0323984E8	9.56536E7	1.03853496E8	9.868912E7	2.0002848E7	1.9743476E7	2.0309534E7	1.888788E7	1.9777366E7	1.9030306E7	
sp|Q91Y81|SEPT2_RAT	Q91Y81	SEPT2_RAT	Septin2	361	Rattus norvegicus	1:Experimental evidence at protein level	Septin-2	1.0	0.999	9	51	51	51	9	7	9	9	8	9	9	7	9	9	8	9	9	7	9	9	8	9	1.60689328E8	1.77841344E8	1.76530192E8	1.78434816E8	1.905428E8	1.74501168E8	3.1098554E7	3.2679926E7	3.244966E7	3.3926984E7	3.6708484E7	3.3909868E7	
sp|Q91ZN1|COR1A_RAT	Q91ZN1	COR1A_RAT	Coro1a	461	Rattus norvegicus	1:Experimental evidence at protein level	Coronin-1A	1.0	0.999	7	22	22	22	2	3	3	5	7	2	2	3	3	5	7	2	2	3	3	5	7	2	2.1708334E7	2.0057012E7	2.5531148E7	8.0417264E7	8.2240784E7	8.1251176E7	9728623.0	9219264.0	9157611.0	2.4282302E7	2.225521E7	2.6539518E7	
sp|Q91ZW1|TFAM_RAT	Q91ZW1	TFAM_RAT	Tfam	244	Rattus norvegicus	2:Experimental evidence at transcript level	Transcription factor A, mitochondrial	1.0	0.999	4	4	4	4	0	2	2	0	0	0	0	2	2	0	0	0	0	2	2	0	0	0	2.1731776E7	3.1522938E7	3.5296588E7	7779801.0	7478862.0	1.149496E7	8606129.0	1.2552827E7	1.4043382E7	4531557.5	4738073.0	4580670.5	
sp|Q91ZW6|TMLH_RAT	Q91ZW6	TMLH_RAT	Tmlhe	421	Rattus norvegicus	1:Experimental evidence at protein level	Trimethyllysine dioxygenase, mitochondrial	1.0	0.999	4	10	10	10	2	2	1	1	2	2	2	2	1	1	2	2	2	2	1	1	2	2	1.6122624E7	1.327585E7	1.5040498E7	2.1392756E7	2.050713E7	1.6315256E7	1.6367591E7	1.1163066E7	1.3039301E7	1.5460322E7	1.3576245E7	1.1988932E7	
sp|Q920A6|RISC_RAT	Q920A6	RISC_RAT	Scpep1	452	Rattus norvegicus	2:Experimental evidence at transcript level	Retinoid-inducible serine carboxypeptidase	1.0	0.999	8	33	33	33	4	6	4	7	6	6	4	6	4	7	6	6	4	6	4	7	6	6	1.22745936E8	1.375552E8	1.39310064E8	1.4903472E8	1.5310696E8	1.60484032E8	2.8362508E7	2.8858022E7	3.0303746E7	3.5369412E7	3.5480684E7	3.3011028E7	
sp|Q920D2|DYR_RAT	Q920D2	DYR_RAT	Dhfr	187	Rattus norvegicus	1:Experimental evidence at protein level	Dihydrofolate reductase	1.0	0.999	3	15	15	15	1	3	2	3	3	3	1	3	2	3	3	3	1	3	2	3	3	3	6333156.0	6564117.0	5822392.5	5633565.5	6852603.5	7812945.0	6333156.0	6564117.0	5822392.5	5633565.5	6852603.5	6121516.5	
sp|Q920F5|DCMC_RAT	Q920F5	DCMC_RAT	Mlycd	492	Rattus norvegicus	1:Experimental evidence at protein level	Malonyl-CoA decarboxylase, mitochondrial	1.0	0.999	5	13	13	13	4	2	1	1	2	3	4	2	1	1	2	3	4	2	1	1	2	3	9068424.0	6694548.0	8614168.0	5019937.5	7672214.0	5803490.5	3546130.0	2454156.0	2918277.5	3082913.8	3011539.0	2505958.8	
sp|Q920G2|NHRF2_RAT	Q920G2	NHRF2_RAT	Nherf2	337	Rattus norvegicus	1:Experimental evidence at protein level	Na(+)/H(+) exchange regulatory cofactor NHE-RF2	0.9989	0.999	2	2	2	2	1	1	0	0	0	0	1	1	0	0	0	0	1	1	0	0	0	0	1.7844864E7	5993392.0	6277763.0	4599333.0	1940800.6	5007974.0	8110047.5	7196590.0	7538050.0	5522668.0	2330424.2	3893589.8	
sp|Q920J4|TXNL1_RAT	Q920J4	TXNL1_RAT	Txnl1	289	Rattus norvegicus	1:Experimental evidence at protein level	Thioredoxin-like protein 1	1.0	0.999	11	92	92	92	16	18	18	13	13	14	16	18	18	13	13	14	16	18	18	13	13	14	4.82450496E8	4.90094848E8	4.85989504E8	4.3196112E8	4.73509344E8	4.6580976E8	9.262324E7	9.650348E7	9.4275504E7	8.2461848E7	9.2586624E7	8.7858208E7	
sp|Q920L2|SDHA_RAT	Q920L2	SDHA_RAT	Sdha	656	Rattus norvegicus	1:Experimental evidence at protein level	Succinate dehydrogenase [ubiquinone] flavoprotein subunit, mitochondrial	1.0	0.999	14	74	74	74	19	13	10	11	10	11	19	13	10	11	10	11	19	13	10	11	10	11	2.02349312E8	1.82375072E8	1.08530312E8	1.446912E8	1.28010664E8	1.33924552E8	2.4153254E7	2.131339E7	1.4354831E7	1.7897786E7	1.5768404E7	1.6520915E7	
sp|Q920P0|DCXR_RAT	Q920P0	DCXR_RAT	Dcxr	244	Rattus norvegicus	1:Experimental evidence at protein level	L-xylulose reductase	1.0	0.999	10	56	56	56	10	12	14	6	7	7	10	12	14	6	7	7	10	12	14	6	7	7	2.4652344E8	2.78730368E8	2.91945408E8	2.59656128E8	2.60161488E8	2.5878048E8	1.00036688E8	1.13220368E8	1.14343296E8	7.7246288E7	8.0060776E7	7.8629568E7	
sp|Q920P6|ADA_RAT	Q920P6	ADA_RAT	Ada	352	Rattus norvegicus	1:Experimental evidence at protein level	Adenosine deaminase	1.0	0.999	3	6	6	6	2	0	2	2	0	0	2	0	2	2	0	0	2	0	2	2	0	0	1.6324824E7	9152107.0	1.5766953E7	1.1747008E7	1.3880635E7	6746266.5	6023092.0	8486953.0	6899595.0	1.0529822E7	1.215791E7	7963733.5	
sp|Q921A4|CYGB_RAT	Q921A4	CYGB_RAT	Cygb	190	Rattus norvegicus	1:Experimental evidence at protein level	Cytoglobin	0.9962	0.999	2	2	2	2	0	1	0	0	1	0	0	1	0	0	1	0	0	1	0	0	1	0	6729920.0	2963455.5	4167801.0	1.0615922E7	1.0638822E7	1.0858934E7	4168815.8	2963455.5	2567293.5	6579429.0	6593850.5	6737563.0	
sp|Q923K9|A1CF_RAT	Q923K9	A1CF_RAT	A1cf	594	Rattus norvegicus	1:Experimental evidence at protein level	APOBEC1 complementation factor	1.0	0.999	6	14	14	14	3	3	2	1	2	3	3	3	2	1	2	3	3	3	2	1	2	3	2.1311436E7	2.5715994E7	1.8013374E7	1.3222028E7	2.0041936E7	2.1712488E7	6086613.5	7081307.5	5863660.5	4858921.0	6531674.0	5172198.0	
sp|Q923M1|MSRA_RAT	Q923M1	MSRA_RAT	Msra	233	Rattus norvegicus	1:Experimental evidence at protein level	Mitochondrial peptide methionine sulfoxide reductase	1.0	0.999	6	32	32	32	5	6	6	5	6	4	5	6	6	5	6	4	5	6	6	5	6	4	1.07378712E8	7.561216E7	1.07667544E8	9.9342392E7	9.81388E7	9.4105584E7	2.4209864E7	2.2853654E7	2.4985996E7	2.2343076E7	2.2184586E7	2.3273856E7	
sp|Q923V4|FBX6_RAT	Q923V4	FBX6_RAT	Fbxo6	284	Rattus norvegicus	1:Experimental evidence at protein level	F-box only protein 6	1.0	0.999	2	9	9	9	2	2	2	1	1	1	2	2	2	1	1	1	2	2	2	1	1	1	0.0	1504297.9	0.0	1879522.9	0.0	0.0	0.0	1504297.9	0.0	1879522.9	0.0	0.0	
sp|Q923V8|SEP15_RAT	Q923V8	SEP15_RAT	Selenof	162	Rattus norvegicus	1:Experimental evidence at protein level	Selenoprotein F	1.0	0.999	5	25	25	25	4	6	7	2	4	2	4	6	7	2	4	2	4	6	7	2	4	2	1.12751544E8	1.23219416E8	1.53319088E8	8.4378192E7	9.4369112E7	9.6160928E7	4.4835452E7	5.0608312E7	5.3060136E7	3.108125E7	3.6554888E7	3.2674756E7	
sp|Q923W4|HDGR3_RAT	Q923W4	HDGR3_RAT	Hdgfl3	202	Rattus norvegicus	1:Experimental evidence at protein level	Hepatoma-derived growth factor-related protein 3	0.9999	0.999	2	7	2	7	1	1	1	1	2	1	0	0	1	0	1	0	1	1	1	1	2	1	8423803.0	1.6032214E7	1.6024481E7	1.1418617E7	1.8576918E7	1.6243814E7	8423803.0	1.6032214E7	1.6024481E7	1.1418617E7	1.8576918E7	1.6243814E7	
sp|Q924K2|FAF1_RAT	Q924K2	FAF1_RAT	Faf1	649	Rattus norvegicus	1:Experimental evidence at protein level	FAS-associated factor 1	0.9685	0.999	1	1	1	1	0	1	0	0	0	0	0	1	0	0	0	0	0	1	0	0	0	0	4046962.8	4209126.0	3783055.8	0.0	4453614.0	2274251.0	4046962.8	4209126.0	3783055.8	0.0	4453614.0	2274251.0	
sp|Q924S5|LONM_RAT	Q924S5	LONM_RAT	Lonp1	950	Rattus norvegicus	2:Experimental evidence at transcript level	Lon protease homolog, mitochondrial	1.0	0.999	16	56	56	56	17	10	8	8	7	6	17	10	8	8	7	6	17	10	8	8	7	6	1.8389312E8	1.55236464E8	1.489516E8	1.2249296E8	1.16748936E8	1.16658136E8	2.2024672E7	1.9103774E7	1.8544488E7	1.5389238E7	1.4395947E7	1.5442481E7	
sp|Q925G0|RBM3_RAT	Q925G0	RBM3_RAT	Rbm3	155	Rattus norvegicus	1:Experimental evidence at protein level	RNA-binding protein 3	1.0	0.999	4	26	26	26	3	4	3	5	5	6	3	4	3	5	5	6	3	4	3	5	5	6	4.2510512E7	6.5869612E7	5.6995352E7	6.8910064E7	6.376116E7	7.115256E7	2.4621198E7	3.5383676E7	3.6162768E7	2.764729E7	3.0604002E7	3.1143292E7	
sp|Q925Q9|SH3K1_RAT	Q925Q9	SH3K1_RAT	Sh3kbp1	709	Rattus norvegicus	1:Experimental evidence at protein level	SH3 domain-containing kinase-binding protein 1	1.0	0.999	3	3	3	9	0	1	1	0	1	0	0	1	1	0	1	0	1	2	2	1	2	1	0.0	1.3237556E7	3837989.0	0.0	5413773.0	0.0	0.0	4513462.5	8303969.0	0.0	3734050.8	0.0	
sp|Q99068|AMRP_RAT	Q99068	AMRP_RAT	Lrpap1	360	Rattus norvegicus	1:Experimental evidence at protein level	Alpha-2-macroglobulin receptor-associated protein	1.0	0.999	8	26	26	26	8	4	3	2	3	6	8	4	3	2	3	6	8	4	3	2	3	6	2.34799824E8	2.3287496E8	2.5065496E8	2.49742048E8	3.6892348E7	2.4325944E8	1.20521376E8	1.36232928E8	1.38688752E8	1.06872392E8	1.02637128E8	1.29910872E8	
sp|Q99J82|ILK_RAT	Q99J82	ILK_RAT	Ilk	452	Rattus norvegicus	2:Experimental evidence at transcript level	Scaffold protein ILK	1.0	0.999	8	18	18	18	2	0	1	4	4	7	2	0	1	4	4	7	2	0	1	4	4	7	3.3392854E7	1.9694824E7	2.4936278E7	4.5370192E7	3.6991356E7	4.2752892E7	5939876.0	4128154.0	4801542.0	7694740.5	6710176.0	7187830.5	
sp|Q99JD4|CLAP2_RAT	Q99JD4	CLAP2_RAT	Clasp2	1286	Rattus norvegicus	1:Experimental evidence at protein level	CLIP-associating protein 2	0.9978	0.9987	3	4	4	4	1	0	0	1	1	1	1	0	0	1	1	1	1	0	0	1	1	1	0.0	0.0	0.0	0.0	0.0	0.0	0.0	0.0	0.0	0.0	0.0	0.0	
sp|Q99M63|SMU1_RAT	Q99M63	SMU1_RAT	Smu1	513	Rattus norvegicus	2:Experimental evidence at transcript level	WD40 repeat-containing protein SMU1	1.0	0.999	4	14	14	14	2	3	2	2	3	2	2	3	2	2	3	2	2	3	2	2	3	2	1.4490627E7	1.2177737E7	1.0626875E7	1.8033272E7	1.5500343E7	1.1798734E7	5173490.5	4446292.0	4878308.5	5588357.5	4895674.5	5354332.0	
sp|Q99MH3|HEPC_RAT	Q99MH3	HEPC_RAT	Hamp	84	Rattus norvegicus	3:Protein inferred from homology	Hepcidin	0.9999	0.999	2	4	4	4	0	0	0	1	1	2	0	0	0	1	1	2	0	0	0	1	1	2	0.0	0.0	0.0	1.1855728E7	1.4670798E7	1.3039017E7	0.0	0.0	0.0	8850098.0	1.1452317E7	9118077.0	
sp|Q99MI7|UBA3_RAT	Q99MI7	UBA3_RAT	Uba3	462	Rattus norvegicus	1:Experimental evidence at protein level	NEDD8-activating enzyme E1 catalytic subunit	1.0	0.999	3	5	5	5	2	1	0	0	0	2	2	1	0	0	0	2	2	1	0	0	0	2	7851251.0	5262470.5	6003413.0	1.1225444E7	1.0215329E7	9634804.0	4403734.0	3750299.5	3342831.0	5184511.0	4382120.0	4096333.5	
sp|Q99ML5|PCYOX_RAT	Q99ML5	PCYOX_RAT	Pcyox1	504	Rattus norvegicus	1:Experimental evidence at protein level	Prenylcysteine oxidase 1	1.0	0.999	10	44	44	44	9	8	5	8	6	8	9	8	5	8	6	8	9	8	5	8	6	8	8.5689744E7	8.4250712E7	7.5209448E7	9.9404248E7	9.0520656E7	1.0043456E8	1.3171619E7	1.3564407E7	1.1505845E7	1.7328824E7	1.440277E7	1.6684568E7	
sp|Q99MY2|NUDT4_RAT	Q99MY2	NUDT4_RAT	Nudt4	179	Rattus norvegicus	2:Experimental evidence at transcript level	Diphosphoinositol polyphosphate phosphohydrolase 2	0.9685	0.999	1	3	3	3	1	1	1	0	0	0	1	1	1	0	0	0	1	1	1	0	0	0	4468543.5	5270294.0	6137259.5	3447248.0	0.0	0.0	4468543.5	5270294.0	6137259.5	3447248.0	0.0	0.0	
sp|Q99MZ8|LASP1_RAT	Q99MZ8	LASP1_RAT	Lasp1	263	Rattus norvegicus	1:Experimental evidence at protein level	LIM and SH3 domain protein 1	1.0	0.999	9	47	47	47	9	8	8	7	7	8	9	8	8	7	7	8	9	8	8	7	7	8	1.77074688E8	1.87144592E8	1.90804208E8	2.11448336E8	2.36193552E8	2.24100272E8	4.0467912E7	4.2912416E7	4.2352952E7	4.799388E7	5.325432E7	4.9359616E7	
sp|Q99N27|SNX1_RAT	Q99N27	SNX1_RAT	Snx1	522	Rattus norvegicus	1:Experimental evidence at protein level	Sorting nexin-1	1.0	0.999	2	3	3	3	0	0	1	1	1	0	0	0	1	1	1	0	0	0	1	1	1	0	7775561.5	9733089.0	1.2020785E7	1.1635308E7	1.1899777E7	1.3195176E7	7775561.5	6519126.5	8736329.0	8728619.0	8614584.0	9980731.0	
sp|Q99N37|RHG17_RAT	Q99N37	RHG17_RAT	Arhgap17	858	Rattus norvegicus	1:Experimental evidence at protein level	Rho GTPase-activating protein 17	1.0	0.999	2	7	7	7	1	2	1	1	2	0	1	2	1	1	2	0	1	2	1	1	2	0	5998266.5	6024275.0	5047474.0	6693359.0	7905713.0	4686750.0	3547511.0	3395838.0	2934253.2	3909775.2	4608884.5	2776829.8	
sp|Q99NA5|IDH3A_RAT	Q99NA5	IDH3A_RAT	Idh3a	366	Rattus norvegicus	1:Experimental evidence at protein level	Isocitrate dehydrogenase [NAD] subunit alpha, mitochondrial	1.0	0.999	9	39	39	39	7	8	8	5	6	5	7	8	8	5	6	5	7	8	8	5	6	5	1.22281136E8	1.56836528E8	1.4599136E8	1.02648536E8	1.01917528E8	1.0680204E8	2.7953098E7	3.05276E7	3.0790732E7	1.9356144E7	1.9146018E7	1.9929024E7	
sp|Q99NA7|PITX1_RAT	Q99NA7	PITX1_RAT	Pitx1	315	Rattus norvegicus	2:Experimental evidence at transcript level	Pituitary homeobox 1	0.7172	0.988	1	1	1	1	0	0	1	0	0	0	0	0	1	0	0	0	0	0	1	0	0	0	0.0	0.0	0.0	0.0	0.0	0.0	0.0	0.0	0.0	0.0	0.0	0.0	
sp|Q99ND9|RWDD1_RAT	Q99ND9	RWDD1_RAT	Rwdd1	243	Rattus norvegicus	2:Experimental evidence at transcript level	RWD domain-containing protein 1	1.0	0.999	2	11	11	11	2	2	2	2	1	2	2	2	2	2	1	2	2	2	2	2	1	2	5.1159248E7	5.8891696E7	6.8892688E7	4.58202E7	3.7069348E7	5.4446952E7	4.2425372E7	4.980456E7	5.786128E7	3.7704068E7	3.7069348E7	4.623068E7	
sp|Q99P39|NFS1_RAT	Q99P39	NFS1_RAT	Nfs1	451	Rattus norvegicus	2:Experimental evidence at transcript level	Cysteine desulfurase	1.0	0.999	9	23	23	23	6	6	6	3	1	1	6	6	6	3	1	1	6	6	6	3	1	1	4.6933044E7	4.097574E7	4.7619168E7	2.1759304E7	2.0179152E7	1.995535E7	1.4114838E7	1.3767529E7	1.5188776E7	7964250.5	7266095.0	7668709.5	
sp|Q99P74|RB27B_RAT	Q99P74	RB27B_RAT	Rab27b	218	Rattus norvegicus	2:Experimental evidence at transcript level	Ras-related protein Rab-27B	1.0	0.999	5	25	20	25	4	6	4	3	4	4	3	5	3	2	3	4	4	6	4	3	4	4	2.6551064E7	3.0115738E7	2.81847E7	3.2949472E7	2.6302588E7	3.2511048E7	8121758.5	9040491.0	8800727.0	1.0364593E7	9689020.0	9660946.0	
sp|Q99P75|RAB9A_RAT	Q99P75	RAB9A_RAT	Rab9a	201	Rattus norvegicus	1:Experimental evidence at protein level	Ras-related protein Rab-9A	0.9685	0.999	1	1	1	1	0	0	0	1	0	0	0	0	0	1	0	0	0	0	0	1	0	0	2440902.5	2714887.0	1276642.0	2003634.5	2665341.8	0.0	2440902.5	2714887.0	1276642.0	2003634.5	2665341.8	0.0	
sp|Q99P77|GTPB4_RAT	Q99P77	GTPB4_RAT	Gtpbp4	637	Rattus norvegicus	2:Experimental evidence at transcript level	GTP-binding protein 4	0.9685	0.999	1	2	2	2	0	1	0	0	0	1	0	1	0	0	0	1	0	1	0	0	0	1	2133272.5	2139455.2	3318247.8	5298260.0	4084785.8	5452557.0	2133272.5	2139455.2	3318247.8	5298260.0	4084785.8	5452557.0	
sp|Q99PD4|ARC1A_RAT	Q99PD4	ARC1A_RAT	Arpc1a	370	Rattus norvegicus	2:Experimental evidence at transcript level	Actin-related protein 2/3 complex subunit 1A	1.0	0.999	8	22	22	26	5	3	3	4	4	3	5	3	3	4	4	3	6	3	4	5	4	4	3.1243846E7	3.3104168E7	3.7389328E7	3.9026628E7	2.8439046E7	3.7111632E7	1.1687899E7	1.1589163E7	1.0861518E7	1.1249928E7	1.1158943E7	1.013313E7	
sp|Q99PF5|FUBP2_RAT	Q99PF5	FUBP2_RAT	Khsrp	721	Rattus norvegicus	1:Experimental evidence at protein level	Far upstream element-binding protein 2	1.0	0.999	20	101	97	101	17	19	16	17	15	17	17	18	15	17	14	16	17	19	16	17	15	17	2.59311632E8	2.233544E8	2.16076864E8	2.74384096E8	2.81298816E8	2.6495864E8	2.752874E7	2.7547348E7	2.8309046E7	3.52687E7	3.58838E7	3.5033188E7	
sp|Q99PS8|HRG_RAT	Q99PS8	HRG_RAT	Hrg	525	Rattus norvegicus	1:Experimental evidence at protein level	Histidine-rich glycoprotein	1.0	0.999	8	35	35	35	4	4	2	7	9	9	4	4	2	7	9	9	4	4	2	7	9	9	1.6976926E7	3.544848E7	4.2312964E7	1.01722168E8	9.112728E7	9.680912E7	1.0656228E7	1.0552381E7	1.136361E7	2.5553934E7	2.636785E7	2.4909664E7	
sp|Q99PT0|DDX52_RAT	Q99PT0	DDX52_RAT	Ddx52	598	Rattus norvegicus	2:Experimental evidence at transcript level	Probable ATP-dependent RNA helicase DDX52	0.9865	0.996	2	2	2	2	0	0	0	1	0	1	0	0	0	1	0	1	0	0	0	1	0	1	0.0	0.0	0.0	0.0	0.0	0.0	0.0	0.0	0.0	0.0	0.0	0.0	
sp|Q9EP80|PICK1_RAT	Q9EP80	PICK1_RAT	Pick1	416	Rattus norvegicus	1:Experimental evidence at protein level	PRKCA-binding protein	1.0	0.999	3	5	5	5	2	0	0	2	0	1	2	0	0	2	0	1	2	0	0	2	0	1	6858103.0	3087816.5	5021334.0	5970913.0	5171896.0	5819171.0	4025014.5	3315945.5	2893701.2	3288813.8	3026499.8	3405598.8	
sp|Q9EPB1|DPP2_RAT	Q9EPB1	DPP2_RAT	Dpp7	500	Rattus norvegicus	1:Experimental evidence at protein level	Dipeptidyl peptidase 2	1.0	0.999	3	13	13	13	2	3	2	2	2	2	2	3	2	2	2	2	2	3	2	2	2	2	1.8480706E7	1.7596306E7	1.9344392E7	2.7253888E7	2.470033E7	2.2124628E7	8986007.0	8085400.5	9595230.0	1.2357787E7	1.1253456E7	1.0539816E7	
sp|Q9EPF2|MUC18_RAT	Q9EPF2	MUC18_RAT	Mcam	648	Rattus norvegicus	1:Experimental evidence at protein level	Cell surface glycoprotein MUC18	1.0	0.999	2	2	2	2	0	0	0	1	1	0	0	0	0	1	1	0	0	0	0	1	1	0	414509.72	0.0	0.0	2074667.2	1470322.4	1813811.5	414509.72	0.0	0.0	2074667.2	1470322.4	1813811.5	
sp|Q9EPH2|MRP_RAT	Q9EPH2	MRP_RAT	Marcksl1	199	Rattus norvegicus	2:Experimental evidence at transcript level	MARCKS-related protein	1.0	0.999	2	11	11	11	2	2	2	1	2	2	2	2	2	1	2	2	2	2	2	1	2	2	1.003621E7	1.3710766E7	1.4355368E7	1.5737912E7	1.7679152E7	1.4123158E7	5629287.0	7501804.0	7944668.5	8852442.0	9897509.0	7900487.5	
sp|Q9EPH8|PABP1_RAT	Q9EPH8	PABP1_RAT	Pabpc1	636	Rattus norvegicus	1:Experimental evidence at protein level	Polyadenylate-binding protein 1	1.0	0.999	18	128	128	128	24	23	22	20	17	22	24	23	22	20	17	22	24	23	22	20	17	22	1.00272262E9	9.8015392E8	9.5104934E8	9.0630957E8	9.2661069E8	8.8222496E8	1.62215344E8	1.62888976E8	1.71803264E8	1.49292E8	1.40466352E8	1.51905232E8	
sp|Q9EPJ0|NUCKS_RAT	Q9EPJ0	NUCKS_RAT	Nucks1	243	Rattus norvegicus	1:Experimental evidence at protein level	Nuclear ubiquitous casein and cyclin-dependent kinase substrate 1	0.9681	0.999	1	6	6	6	1	1	1	1	1	1	1	1	1	1	1	1	1	1	1	1	1	1	5.513434E7	7.0587976E7	6.6860696E7	5.3982016E7	6.5837304E7	6.7691688E7	5.513434E7	7.0587976E7	6.6860696E7	5.3982016E7	6.5837304E7	6.7691688E7	
sp|Q9EQH5|CTBP2_RAT	Q9EQH5	CTBP2_RAT	Ctbp2	445	Rattus norvegicus	1:Experimental evidence at protein level	C-terminal-binding protein 2	1.0	0.999	5	18	18	18	2	4	4	3	3	2	2	4	4	3	3	2	2	4	4	3	3	2	2.5484728E7	2.473779E7	4.0183272E7	4.3357812E7	4.544338E7	3.84151E7	1.3625075E7	1.0964894E7	1.2159216E7	1.4774866E7	1.4515527E7	1.4677585E7	
sp|Q9EQP5|PRELP_RAT	Q9EQP5	PRELP_RAT	Prelp	377	Rattus norvegicus	2:Experimental evidence at transcript level	Prolargin	1.0	0.999	2	10	10	10	2	1	1	3	1	2	2	1	1	3	1	2	2	1	1	3	1	2	1.6538596E7	1.247319E7	1.4128041E7	1.9101924E7	1.642701E7	2.0168276E7	1.293105E7	1.247319E7	1.4128041E7	1.5002752E7	1.642701E7	1.577995E7	
sp|Q9EQS0|TALDO_RAT	Q9EQS0	TALDO_RAT	Taldo1	337	Rattus norvegicus	1:Experimental evidence at protein level	Transaldolase	1.0	0.999	14	106	106	106	17	16	17	18	18	20	17	16	17	18	18	20	17	16	17	18	18	20	1.60190362E9	1.58379315E9	1.61391475E9	1.82663014E9	1.22525619E9	1.73335002E9	3.880376E8	3.8585008E8	3.9551264E8	4.33210528E8	4.48463776E8	4.48059744E8	
sp|Q9EQV6|TPP1_RAT	Q9EQV6	TPP1_RAT	Tpp1	563	Rattus norvegicus	1:Experimental evidence at protein level	Tripeptidyl-peptidase 1	0.9685	0.999	1	6	6	6	1	1	1	1	1	1	1	1	1	1	1	1	1	1	1	1	1	1	3819175.0	3741447.5	3650874.8	4337177.5	5166412.0	4229665.5	3819175.0	3741447.5	3650874.8	4337177.5	5166412.0	4229665.5	
sp|Q9EQX9|UBE2N_RAT	Q9EQX9	UBE2N_RAT	Ube2n	152	Rattus norvegicus	1:Experimental evidence at protein level	Ubiquitin-conjugating enzyme E2 N	1.0	0.999	7	46	46	46	9	9	7	7	7	7	9	9	7	7	7	7	9	9	7	7	7	7	5.3047136E8	5.9909613E8	5.0666608E8	5.28399808E8	5.3966707E8	5.30205248E8	1.15741168E8	1.31309376E8	1.34238688E8	1.1396432E8	1.15274184E8	1.14285016E8	
sp|Q9EQZ1|T22D3_RAT	Q9EQZ1	T22D3_RAT	Tsc22d3	134	Rattus norvegicus	1:Experimental evidence at protein level	TSC22 domain family protein 3	0.9582	0.9923	3	1	1	11	0	0	0	1	0	0	0	0	0	1	0	0	2	2	1	3	2	1	0.0	0.0	0.0	0.0	0.0	0.0	0.0	0.0	0.0	0.0	0.0	0.0	
sp|Q9ER24|ATX10_RAT	Q9ER24	ATX10_RAT	Atxn10	475	Rattus norvegicus	1:Experimental evidence at protein level	Ataxin-10	0.9685	0.999	1	1	1	1	0	0	0	0	0	1	0	0	0	0	0	1	0	0	0	0	0	1	2070229.0	0.0	1339288.6	3428951.2	1285550.4	3734775.2	2070229.0	0.0	1339288.6	3428951.2	1285550.4	3734775.2	
sp|Q9ER34|ACON_RAT	Q9ER34	ACON_RAT	Aco2	780	Rattus norvegicus	1:Experimental evidence at protein level	Aconitate hydratase, mitochondrial	1.0	0.999	32	199	199	199	41	38	36	29	28	27	41	38	36	29	28	27	41	38	36	29	28	27	1.52668326E9	1.39520525E9	1.47546931E9	1.09353754E9	9.940663E8	1.06352102E9	1.768996E8	1.6192848E8	1.71044512E8	1.2174516E8	1.18071432E8	1.21009792E8	
sp|Q9ERE4|GOLP3_RAT	Q9ERE4	GOLP3_RAT	Golph3	298	Rattus norvegicus	1:Experimental evidence at protein level	Golgi phosphoprotein 3	0.9685	0.999	1	3	3	3	1	1	1	0	0	0	1	1	1	0	0	0	1	1	1	0	0	0	9582430.0	7664374.0	7472275.5	7312630.5	6585562.5	7876047.0	9582430.0	7664374.0	7472275.5	7312630.5	6585562.5	7876047.0	
sp|Q9ERU2|ZNF22_RAT	Q9ERU2	ZNF22_RAT	Znf22	237	Rattus norvegicus	2:Experimental evidence at transcript level	Zinc finger protein 22	0.9683	0.999	1	4	4	4	0	1	0	1	1	1	0	1	0	1	1	1	0	1	0	1	1	1	2235999.0	2288901.8	0.0	2923861.0	2349438.0	3525435.2	2235999.0	2288901.8	0.0	2923861.0	2349438.0	3525435.2	
sp|Q9ES21|SAC1_RAT	Q9ES21	SAC1_RAT	Sacm1l	587	Rattus norvegicus	1:Experimental evidence at protein level	Phosphatidylinositol-3-phosphatase SAC1	1.0	0.999	10	38	38	38	7	3	5	7	8	8	7	3	5	7	8	8	7	3	5	7	8	8	6.0759272E7	3.359848E7	3.5817552E7	7.3333608E7	6.0474108E7	6.244496E7	2.3399516E7	1.3147325E7	1.3823994E7	3.0202082E7	2.350205E7	2.416187E7	
sp|Q9ES40|PRAF3_RAT	Q9ES40	PRAF3_RAT	Arl6ip5	188	Rattus norvegicus	1:Experimental evidence at protein level	PRA1 family protein 3	1.0	0.999	2	8	8	8	1	1	1	2	1	2	1	1	1	2	1	2	1	1	1	2	1	2	8034128.5	7456230.0	5514752.5	1.4483192E7	1.2340293E7	1.2288136E7	8034128.5	5078606.0	3855626.8	1.015541E7	8700007.0	8626618.0	
sp|Q9ES53|UFD1_RAT	Q9ES53	UFD1_RAT	Ufd1	307	Rattus norvegicus	1:Experimental evidence at protein level	Ubiquitin recognition factor in ER-associated degradation protein 1	1.0	0.999	4	11	11	11	2	2	3	2	2	0	2	2	3	2	2	0	2	2	3	2	2	0	7.7289368E7	8.6029576E7	7.4026088E7	1.24766256E8	1.55562768E8	1.37692432E8	8.2980792E7	8.8752592E7	1.06026496E8	7.5158472E7	9.6309472E7	8.3684528E7	
sp|Q9ES54|NPL4_RAT	Q9ES54	NPL4_RAT	Nploc4	608	Rattus norvegicus	1:Experimental evidence at protein level	Nuclear protein localization protein 4 homolog	1.0	0.999	3	9	9	9	2	2	3	1	0	1	2	2	3	1	0	1	2	2	3	1	0	1	2.7457264E7	1.4946346E7	1.5682662E7	8002839.5	1.394582E7	8904319.0	1.4378824E7	9620066.0	9757066.0	5156823.5	7813233.0	5712646.0	
sp|Q9ESH6|GLRX1_RAT	Q9ESH6	GLRX1_RAT	Glrx	107	Rattus norvegicus	3:Protein inferred from homology	Glutaredoxin-1	1.0	0.999	2	4	4	4	0	1	0	1	1	1	0	1	0	1	1	1	0	1	0	1	1	1	5252797.5	6177801.5	6877798.0	5573194.5	6616310.5	7197280.0	5252797.5	6177801.5	6877798.0	5573194.5	6616310.5	7197280.0	
sp|Q9ESN0|NIBA1_RAT	Q9ESN0	NIBA1_RAT	Niban1	937	Rattus norvegicus	1:Experimental evidence at protein level	Protein Niban 1	1.0	0.999	23	95	95	95	19	11	11	18	20	16	19	11	11	18	20	16	19	11	11	18	20	16	3.03008E8	1.79864368E8	1.59537216E8	3.2294224E8	2.79617472E8	2.80210016E8	3.2609796E7	2.194963E7	2.0347494E7	3.6158368E7	3.2141896E7	3.1387476E7	
sp|Q9ESS6|BCAM_RAT	Q9ESS6	BCAM_RAT	Bcam	624	Rattus norvegicus	2:Experimental evidence at transcript level	Basal cell adhesion molecule	0.9684	0.999	1	1	1	1	0	0	0	1	0	0	0	0	0	1	0	0	0	0	0	1	0	0	1584014.8	0.0	0.0	468039.56	0.0	0.0	1584014.8	0.0	0.0	468039.56	0.0	0.0	
sp|Q9EST6|AN32B_RAT	Q9EST6	AN32B_RAT	Anp32b	272	Rattus norvegicus	1:Experimental evidence at protein level	Acidic leucine-rich nuclear phosphoprotein 32 family member B	1.0	0.999	4	30	30	35	5	5	5	5	5	5	5	5	5	5	5	5	5	6	6	6	6	6	1.14423728E8	1.23583424E8	1.27870992E8	1.24671536E8	1.32141568E8	1.23406256E8	4.4195468E7	4.9685332E7	5.0410336E7	5.0995564E7	5.1798244E7	4.756586E7	
sp|Q9ESV1|LUZP1_RAT	Q9ESV1	LUZP1_RAT	Luzp1	1051	Rattus norvegicus	1:Experimental evidence at protein level	Leucine zipper protein 1	0.9993	0.999	3	3	3	3	1	0	1	0	1	0	1	0	1	0	1	0	1	0	1	0	1	0	1579041.1	1702865.1	1496956.5	3008013.5	2728135.8	1333463.0	938001.25	1013487.9	890383.2	1795025.6	1583840.0	691488.1	
sp|Q9ESW0|DDB1_RAT	Q9ESW0	DDB1_RAT	Ddb1	1140	Rattus norvegicus	1:Experimental evidence at protein level	DNA damage-binding protein 1	1.0	0.999	11	33	33	33	5	3	4	7	8	6	5	3	4	7	8	6	5	3	4	7	8	6	3.3099184E7	2.4712792E7	2.4493574E7	4.4035412E7	3.704164E7	3.346402E7	7813261.5	6273121.0	5460003.5	9388993.0	9018726.0	9489065.0	
sp|Q9ESZ0|XRCC1_RAT	Q9ESZ0	XRCC1_RAT	Xrcc1	631	Rattus norvegicus	1:Experimental evidence at protein level	DNA repair protein XRCC1	0.9685	0.999	1	3	3	3	1	0	0	0	1	1	1	0	0	0	1	1	1	0	0	0	1	1	0.0	0.0	0.0	0.0	0.0	0.0	0.0	0.0	0.0	0.0	0.0	0.0	
sp|Q9ET20|SCAM4_RAT	Q9ET20	SCAM4_RAT	Scamp4	230	Rattus norvegicus	2:Experimental evidence at transcript level	Secretory carrier-associated membrane protein 4	0.9671	0.999	1	1	1	1	1	0	0	0	0	0	1	0	0	0	0	0	1	0	0	0	0	0	688148.7	0.0	0.0	1612973.6	2674365.8	2976933.0	688148.7	0.0	0.0	1612973.6	2674365.8	2976933.0	
sp|Q9HB97|PARVA_RAT	Q9HB97	PARVA_RAT	Parva	372	Rattus norvegicus	1:Experimental evidence at protein level	Alpha-parvin	1.0	0.999	5	16	16	16	2	1	3	3	4	3	2	1	3	3	4	3	2	1	3	3	4	3	1.8741912E7	1.2023731E7	1.720276E7	3.6203424E7	2.628984E7	3.0279972E7	8148661.0	5361176.5	6368436.5	1.0640123E7	7924239.0	8813064.0	
sp|Q9JHB5|TSNAX_RAT	Q9JHB5	TSNAX_RAT	Tsnax	290	Rattus norvegicus	1:Experimental evidence at protein level	Translin-associated protein X	1.0	0.999	5	13	13	13	4	2	3	2	1	1	4	2	3	2	1	1	4	2	3	2	1	1	3.6686164E7	2.8221624E7	3.078299E7	1.9354352E7	2.0627344E7	1.171887E7	8236756.5	9829788.0	8509648.0	8263429.5	8333124.5	7568097.5	
sp|Q9JHL4|DBNL_RAT	Q9JHL4	DBNL_RAT	Dbnl	436	Rattus norvegicus	1:Experimental evidence at protein level	Drebrin-like protein	1.0	0.999	10	42	42	42	7	6	7	9	7	6	7	6	7	9	7	6	7	6	7	9	7	6	1.58339296E8	1.5699344E8	1.3231484E8	1.87480416E8	1.080566E8	1.5525864E8	6.807056E7	6.872612E7	6.4366572E7	7.632908E7	8.7587664E7	8.1328184E7	
sp|Q9JHU5|ARFP1_RAT	Q9JHU5	ARFP1_RAT	Arfip1	366	Rattus norvegicus	1:Experimental evidence at protein level	Arfaptin-1	1.0	0.999	7	19	19	22	4	6	2	2	4	1	4	6	2	2	4	1	4	7	2	3	5	1	3.1712856E7	3.208237E7	4.6292856E7	4.9669208E7	7.0681808E7	6.4621988E7	1.8251538E7	2.1145346E7	2.2290594E7	1.8459908E7	1.9640512E7	2.4259466E7	
sp|Q9JHW0|PSB7_RAT	Q9JHW0	PSB7_RAT	Psmb7	277	Rattus norvegicus	1:Experimental evidence at protein level	Proteasome subunit beta type-7	1.0	0.999	6	21	21	21	5	5	5	1	3	2	5	5	5	1	3	2	5	5	5	1	3	2	1.23594904E8	1.0405344E8	1.62841376E8	9.2078856E7	1.17490792E8	7.9008048E7	3.9865884E7	3.9726576E7	4.6268572E7	3.5177408E7	3.75054E7	3.2447954E7	
sp|Q9JHY1|JAM1_RAT	Q9JHY1	JAM1_RAT	F11r	300	Rattus norvegicus	1:Experimental evidence at protein level	Junctional adhesion molecule A	0.8437	0.9943	1	1	1	1	0	0	0	0	0	1	0	0	0	0	0	1	0	0	0	0	0	1	4101421.0	0.0	0.0	5524519.5	0.0	4997710.0	4101421.0	0.0	0.0	5524519.5	0.0	4997710.0	
sp|Q9JHZ4|GRAP1_RAT	Q9JHZ4	GRAP1_RAT	Gripap1	837	Rattus norvegicus	1:Experimental evidence at protein level	GRIP1-associated protein 1	1.0	0.9989	3	4	4	4	2	1	0	1	0	0	2	1	0	1	0	0	2	1	0	1	0	0	236562.06	1980747.8	654642.44	482956.06	1403842.2	980013.4	354439.53	930487.4	980846.9	723610.2	636839.9	654108.2	
sp|Q9JI85|NUCB2_RAT	Q9JI85	NUCB2_RAT	Nucb2	420	Rattus norvegicus	1:Experimental evidence at protein level	Nucleobindin-2	1.0	0.999	17	184	184	184	32	33	31	28	28	32	32	33	31	28	28	32	32	33	31	28	28	32	1.93663936E9	2.21802163E9	2.33055232E9	2.1687831E9	2.40958618E9	2.28956237E9	2.49148288E8	2.85426464E8	3.0775248E8	2.70162112E8	3.10199744E8	2.92644608E8	
sp|Q9JI92|SDCB1_RAT	Q9JI92	SDCB1_RAT	Sdcbp	300	Rattus norvegicus	1:Experimental evidence at protein level	Syntenin-1	1.0	0.999	3	4	4	4	0	0	0	1	1	2	0	0	0	1	1	2	0	0	0	1	1	2	1.4435586E7	1982424.4	1.8737708E7	1.0071838E7	4584550.5	2.0146812E7	5507000.0	6385907.5	7809727.5	5988778.0	1.4768036E7	1.020588E7	
sp|Q9JID1|PDCD4_RAT	Q9JID1	PDCD4_RAT	Pdcd4	469	Rattus norvegicus	1:Experimental evidence at protein level	Programmed cell death protein 4	1.0	0.999	15	56	56	56	13	7	7	10	8	11	13	7	7	10	8	11	13	7	7	10	8	11	1.28320976E8	9.6725504E7	9.764352E7	1.85548544E8	1.79223328E8	1.64647872E8	1.8283888E7	1.5500841E7	1.472857E7	2.8632462E7	2.7561796E7	2.3952506E7	
sp|Q9JIH7|WNK1_RAT	Q9JIH7	WNK1_RAT	Wnk1	2126	Rattus norvegicus	1:Experimental evidence at protein level	Serine/threonine-protein kinase WNK1	1.0	0.999	2	4	3	4	2	0	0	1	0	1	1	0	0	1	0	1	2	0	0	1	0	1	4238400.0	4660503.5	3757103.5	6896712.0	6418740.0	2672220.2	2395510.5	2501722.5	2052715.0	3689528.8	3452681.5	3361240.8	
sp|Q9JIL3|ILF3_RAT	Q9JIL3	ILF3_RAT	Ilf3	897	Rattus norvegicus	1:Experimental evidence at protein level	Interleukin enhancer-binding factor 3	1.0	0.999	5	15	9	15	1	2	2	2	6	2	1	1	1	1	4	1	1	2	2	2	6	2	1.6023977E7	1.462653E7	1.8476222E7	2.0027506E7	2.0698328E7	2.4610986E7	5376851.5	4820572.5	5730112.5	6604925.5	5547985.0	6616208.0	
sp|Q9JIT3|TLE3_RAT	Q9JIT3	TLE3_RAT	Tle3	764	Rattus norvegicus	1:Experimental evidence at protein level	Transducin-like enhancer protein 3	0.96	0.9987	1	2	2	2	0	1	0	1	0	0	0	1	0	1	0	0	0	1	0	1	0	0	0.0	7740908.5	0.0	1.3708012E7	2.107433E7	2.3134074E7	0.0	7740908.5	0.0	1.3708012E7	2.107433E7	2.3134074E7	
sp|Q9JIX3|FHIT_RAT	Q9JIX3	FHIT_RAT	Fhit	150	Rattus norvegicus	1:Experimental evidence at protein level	Bis(5'-adenosyl)-triphosphatase	0.9999	0.999	3	6	6	6	2	1	2	0	0	1	2	1	2	0	0	1	2	1	2	0	0	1	1.4702461E7	1.8667604E7	2.6384476E7	9360060.0	8816995.0	9331734.0	8596182.0	1.0544216E7	1.5361987E7	7125220.5	4817683.5	6197994.0	
sp|Q9JIY6|NAT8B_RAT	Q9JIY6	NAT8B_RAT	Nat8b	222	Rattus norvegicus	2:Experimental evidence at transcript level	N-acetyltransferase 8B	1.0	0.999	5	16	11	16	3	2	1	3	3	4	2	1	1	2	2	3	3	2	1	3	3	4	2.86479968E8	2.62562752E8	9039236.0	3.14986816E8	3.11456E7	2.2330256E7	7.0882128E7	3.8405816E7	1.0347457E7	9.600696E7	6.222236E7	5.9581316E7	
sp|Q9JJ19|NHRF1_RAT	Q9JJ19	NHRF1_RAT	Nherf1	356	Rattus norvegicus	1:Experimental evidence at protein level	Na(+)/H(+) exchange regulatory cofactor NHE-RF1	1.0	0.999	10	49	49	49	7	10	9	6	8	9	7	10	9	6	8	9	7	10	9	6	8	9	6.2024576E7	6.6082544E7	7.5826504E7	9.0158816E7	1.0217256E8	6.8585928E7	1.9590536E7	2.0727396E7	2.6052892E7	2.8988468E7	3.0205596E7	2.7896994E7	
sp|Q9JJ22|ERAP1_RAT	Q9JJ22	ERAP1_RAT	Erap1	930	Rattus norvegicus	2:Experimental evidence at transcript level	Endoplasmic reticulum aminopeptidase 1	1.0	0.999	3	6	6	6	0	2	0	1	1	2	0	2	0	1	1	2	0	2	0	1	1	2	4626783.0	3820938.5	4005117.0	1.133219E7	1.2464076E7	1.2125639E7	2769191.8	2410638.0	2516633.8	6813852.0	7393059.0	7318100.5	
sp|Q9JJ50|HGS_RAT	Q9JJ50	HGS_RAT	Hgs	776	Rattus norvegicus	1:Experimental evidence at protein level	Hepatocyte growth factor-regulated tyrosine kinase substrate	0.9685	0.999	1	1	1	1	1	0	0	0	0	0	1	0	0	0	0	0	1	0	0	0	0	0	1147810.4	0.0	0.0	0.0	0.0	966386.94	1147810.4	0.0	0.0	0.0	0.0	966386.94	
sp|Q9JJ54|HNRPD_RAT	Q9JJ54	HNRPD_RAT	Hnrnpd	353	Rattus norvegicus	1:Experimental evidence at protein level	Heterogeneous nuclear ribonucleoprotein D0	1.0	0.999	8	48	41	48	10	9	6	9	7	7	9	7	5	8	6	6	10	9	6	9	7	7	3.50804096E8	3.6955712E8	3.39481312E8	4.61143904E8	4.6053952E8	4.73643904E8	8.3118968E7	8.8726128E7	9.351024E7	1.03071504E8	1.06987688E8	1.07339112E8	
sp|Q9JJP9|UBQL1_RAT	Q9JJP9	UBQL1_RAT	Ubqln1	582	Rattus norvegicus	1:Experimental evidence at protein level	Ubiquilin-1	1.0	0.999	7	33	33	33	6	8	9	3	3	4	6	8	9	3	3	4	6	8	9	3	3	4	8.0014368E7	9.6147512E7	1.04121888E8	6.4195864E7	7.1891048E7	7.6148144E7	2.0045438E7	2.3328576E7	2.5838502E7	1.8047482E7	1.991038E7	1.87406E7	
sp|Q9JJW3|ATPMK_RAT	Q9JJW3	ATPMK_RAT	Atp5mk	58	Rattus norvegicus	1:Experimental evidence at protein level	ATP synthase F(0) complex subunit k, mitochondrial	0.9685	0.999	1	5	5	5	1	1	1	1	1	0	1	1	1	1	1	0	1	1	1	1	1	0	3.2105264E7	2.2339576E7	1.6491735E7	2.3015034E7	2.1680938E7	2.1036442E7	3.2105264E7	2.2339576E7	1.6491735E7	2.3015034E7	2.1680938E7	2.1036442E7	
sp|Q9JK11|RTN4_RAT	Q9JK11	RTN4_RAT	Rtn4	1163	Rattus norvegicus	1:Experimental evidence at protein level	Reticulon-4	0.9979	0.999	2	5	5	5	1	1	0	2	1	0	1	1	0	2	1	0	1	1	0	2	1	0	2004099.9	0.0	729386.7	3809759.0	2815049.0	2611145.2	2004099.9	0.0	729386.7	3809759.0	2815049.0	2611145.2	
sp|Q9JK25|CLIP1_RAT	Q9JK25	CLIP1_RAT	Clip1	1320	Rattus norvegicus	1:Experimental evidence at protein level	CAP-Gly domain-containing linker protein 1	1.0	0.999	7	15	15	15	2	3	4	2	2	2	2	3	4	2	2	2	2	3	4	2	2	2	1.7676566E7	8844218.0	2.5214748E7	3.1890392E7	1.3749337E7	9976374.0	9351416.0	7350207.5	8365299.5	6950166.0	8352486.0	8363685.0	
sp|Q9JK72|CCS_RAT	Q9JK72	CCS_RAT	Ccs	274	Rattus norvegicus	1:Experimental evidence at protein level	Copper chaperone for superoxide dismutase	1.0	0.999	3	15	15	15	4	3	3	1	2	2	4	3	3	1	2	2	4	3	3	1	2	2	2.2782996E7	2.5221816E7	2.5567458E7	1.7459612E7	2.0330486E7	2.1101376E7	1.3543941E7	1.4411784E7	1.4241637E7	9652074.0	1.2237799E7	1.1425622E7	
sp|Q9JKC9|SYNRG_RAT	Q9JKC9	SYNRG_RAT	Synrg	1329	Rattus norvegicus	1:Experimental evidence at protein level	Synergin gamma	1.0	0.999	3	4	4	4	0	0	0	1	1	2	0	0	0	1	1	2	0	0	0	1	1	2	0.0	0.0	0.0	0.0	6181360.5	0.0	0.0	0.0	0.0	0.0	0.0	0.0	
sp|Q9JKL7|SREK1_RAT	Q9JKL7	SREK1_RAT	Srek1	494	Rattus norvegicus	1:Experimental evidence at protein level	Splicing regulatory glutamine/lysine-rich protein 1	0.9997	0.999	2	4	4	4	1	0	0	1	0	2	1	0	0	1	0	2	1	0	0	1	0	2	1909766.0	0.0	0.0	1994021.0	0.0	2657376.8	1909766.0	0.0	0.0	1994021.0	0.0	1758817.5	
sp|Q9JLA3|UGGG1_RAT	Q9JLA3	UGGG1_RAT	Uggt1	1551	Rattus norvegicus	1:Experimental evidence at protein level	UDP-glucose:glycoprotein glucosyltransferase 1	1.0	0.999	38	158	158	158	33	23	20	29	24	29	33	23	20	29	24	29	33	23	20	29	24	29	4.53542656E8	3.07113504E8	2.92875968E8	5.309712E8	4.33896416E8	4.74898912E8	2.8714212E7	1.9251246E7	1.7985884E7	3.3528634E7	3.009792E7	2.931238E7	
sp|Q9JLD2|NEUS_RAT	Q9JLD2	NEUS_RAT	Serpini1	410	Rattus norvegicus	1:Experimental evidence at protein level	Neuroserpin	1.0	0.999	3	8	8	8	1	2	1	1	1	2	1	2	1	1	1	2	1	2	1	1	1	2	8508087.0	8997976.0	1.241803E7	1.5648299E7	3.4870572E7	3.571956E7	8508087.0	8997976.0	1.241803E7	1.5648299E7	1.9921068E7	2.0968202E7	
sp|Q9JLH7|CK5P3_RAT	Q9JLH7	CK5P3_RAT	Cdk5rap3	504	Rattus norvegicus	1:Experimental evidence at protein level	CDK5 regulatory subunit-associated protein 3	1.0	0.999	10	48	48	48	9	6	5	10	9	9	9	6	5	10	9	9	9	6	5	10	9	9	1.05177E8	1.04209784E8	1.03988728E8	1.14656256E8	1.13847936E8	1.14146168E8	3.9105736E7	3.399924E7	3.4620712E7	3.8079152E7	3.808666E7	3.68399E7	
sp|Q9JLJ3|AL9A1_RAT	Q9JLJ3	AL9A1_RAT	Aldh9a1	494	Rattus norvegicus	1:Experimental evidence at protein level	4-trimethylaminobutyraldehyde dehydrogenase	1.0	0.999	12	94	94	94	18	17	15	14	12	18	18	17	15	14	12	18	18	17	15	14	12	18	3.6219856E8	3.51970752E8	3.24501312E8	4.4255936E8	4.01408608E8	4.36671488E8	7.1410136E7	6.4095888E7	6.0555452E7	6.4965476E7	6.362054E7	6.6714008E7	
sp|Q9JLT0|MYH10_RAT	Q9JLT0	MYH10_RAT	Myh10	1976	Rattus norvegicus	1:Experimental evidence at protein level	Myosin-10	1.0	0.999	17	21	21	38	3	1	0	6	4	7	3	1	0	6	4	7	7	1	1	10	7	12	2.4925124E7	5336757.5	8395718.0	6.1580556E7	3.6343128E7	6.0432144E7	5947847.0	3364350.0	3539550.2	1.342318E7	1.2019358E7	1.21205E7	
sp|Q9JLZ1|GLRX3_RAT	Q9JLZ1	GLRX3_RAT	Glrx3	337	Rattus norvegicus	1:Experimental evidence at protein level	Glutaredoxin-3	1.0	0.999	11	60	60	60	11	11	12	9	9	8	11	11	12	9	9	8	11	11	12	9	9	8	2.18021616E8	2.08240736E8	1.95740064E8	1.8895104E8	1.79623536E8	1.90336352E8	3.4821192E7	3.3762876E7	3.004509E7	3.1061908E7	3.0131716E7	3.1316298E7	
sp|Q9JM53|AIFM1_RAT	Q9JM53	AIFM1_RAT	Aifm1	612	Rattus norvegicus	1:Experimental evidence at protein level	Apoptosis-inducing factor 1, mitochondrial	1.0	0.999	13	40	40	40	10	7	10	4	4	5	10	7	10	4	4	5	10	7	10	4	4	5	1.57881248E8	1.11999216E8	9.0241608E7	3.31433696E8	6.2988036E7	3.186803E7	3.7581024E7	3.9657248E7	3.5922028E7	2.3494698E7	2.0910944E7	2.137265E7	
sp|Q9JMB5|ADRM1_RAT	Q9JMB5	ADRM1_RAT	Adrm1	407	Rattus norvegicus	1:Experimental evidence at protein level	Proteasomal ubiquitin receptor ADRM1	1.0	0.999	3	16	16	16	3	3	3	2	3	2	3	3	3	2	3	2	3	3	3	2	3	2	2.1313166E7	2.1007252E7	2.2224146E7	2.2467244E7	2.2768104E7	1.8724078E7	1.3206093E7	1.3032964E7	1.358439E7	1.2934485E7	1.3078072E7	1.1055984E7	
sp|Q9JMJ4|PRP19_RAT	Q9JMJ4	PRP19_RAT	Prpf19	504	Rattus norvegicus	1:Experimental evidence at protein level	Pre-mRNA-processing factor 19	1.0	0.999	9	39	39	39	8	7	5	7	5	7	8	7	5	7	5	7	8	7	5	7	5	7	7.8982672E7	8.5890752E7	6.6276464E7	1.02396472E8	1.12393952E8	1.004798E8	1.7420544E7	1.6430842E7	1.5885973E7	1.9391688E7	2.1135046E7	1.9081904E7	
sp|Q9NQR8|NDUF4_RAT	Q9NQR8	NDUF4_RAT	Ndufaf4	174	Rattus norvegicus	1:Experimental evidence at protein level	NADH dehydrogenase [ubiquinone] 1 alpha subcomplex assembly factor 4	0.9685	0.999	1	1	1	1	0	1	0	0	0	0	0	1	0	0	0	0	0	1	0	0	0	0	0.0	3600058.8	2896377.5	0.0	0.0	0.0	0.0	3600058.8	2896377.5	0.0	0.0	0.0	
sp|Q9QUL6|NSF_RAT	Q9QUL6	NSF_RAT	Nsf	744	Rattus norvegicus	1:Experimental evidence at protein level	Vesicle-fusing ATPase	1.0	0.999	8	14	14	14	3	1	0	2	4	4	3	1	0	2	4	4	3	1	0	2	4	4	1.738446E7	1.5078088E7	7236660.0	3.3432446E7	3.508476E7	3.0817174E7	5766914.5	3784994.2	3310884.5	8113156.0	8211010.5	7461262.5	
sp|Q9QUR2|DCTN4_RAT	Q9QUR2	DCTN4_RAT	Dctn4	467	Rattus norvegicus	1:Experimental evidence at protein level	Dynactin subunit 4	1.0	0.999	3	6	6	6	1	1	1	0	2	1	1	1	1	0	2	1	1	1	1	0	2	1	7491395.0	8276640.0	1.0323298E7	6959337.0	2.3519298E7	7356795.0	6428696.5	6356314.0	7684545.0	5865312.0	4115461.5	6406200.5	
sp|Q9QVC8|FKBP4_RAT	Q9QVC8	FKBP4_RAT	Fkbp4	458	Rattus norvegicus	1:Experimental evidence at protein level	Peptidyl-prolyl cis-trans isomerase FKBP4	1.0	0.999	9	41	41	41	5	10	9	6	5	6	5	10	9	6	5	6	5	10	9	6	5	6	6.2739152E7	6.330552E7	6.004508E7	4.809346E7	4.516152E7	4.3990732E7	1.502777E7	1.6187137E7	1.5289287E7	1.2187554E7	1.1318353E7	1.1496168E7	
sp|Q9QWN8|SPTN2_RAT	Q9QWN8	SPTN2_RAT	Sptbn2	2388	Rattus norvegicus	1:Experimental evidence at protein level	Spectrin beta chain, non-erythrocytic 2	1.0	0.999	4	10	10	10	1	1	1	4	1	2	1	1	1	4	1	2	1	1	1	4	1	2	1.1941614E7	6883784.0	5171194.5	1.6750714E7	1.434007E7	1.5406118E7	5611758.0	3108335.8	2275159.8	7821624.0	6763043.0	7140220.5	
sp|Q9QX67|DAP1_RAT	Q9QX67	DAP1_RAT	Dap	102	Rattus norvegicus	1:Experimental evidence at protein level	Death-associated protein 1	0.9957	0.9989	2	13	13	13	1	3	2	2	3	2	1	3	2	2	3	2	1	3	2	2	3	2	2172206.0	1.65684096E8	1.4493072E8	1.43306576E8	1.36224208E8	1.61709056E8	2172206.0	1.6553472E8	1.4493072E8	1.43306576E8	1.36224208E8	1.61709056E8	
sp|Q9QX69|LANC1_RAT	Q9QX69	LANC1_RAT	Lancl1	399	Rattus norvegicus	1:Experimental evidence at protein level	Glutathione S-transferase LANCL1	1.0	0.999	4	15	15	15	3	3	3	2	2	2	3	3	3	2	2	2	3	3	3	2	2	2	1.5644538E7	1.018959E7	9207697.0	1.8291094E7	1.4154534E7	1.5513086E7	6355143.0	5748216.5	4777559.0	7741461.0	8146977.0	9306202.0	
sp|Q9QX79|FETUB_RAT	Q9QX79	FETUB_RAT	Fetub	378	Rattus norvegicus	2:Experimental evidence at transcript level	Fetuin-B	1.0	0.999	12	55	55	55	7	5	4	12	14	13	7	5	4	12	14	13	7	5	4	12	14	13	1.6135392E8	1.80104752E8	2.02168864E8	6.6284704E8	6.8341683E8	6.7129382E8	2.3061806E7	2.5420816E7	2.4960476E7	8.4172512E7	9.0557664E7	9.1249256E7	
sp|Q9QXQ0|ACTN4_RAT	Q9QXQ0	ACTN4_RAT	Actn4	911	Rattus norvegicus	1:Experimental evidence at protein level	Alpha-actinin-4	1.0	0.999	32	162	94	162	20	23	26	32	27	34	11	12	13	19	16	23	20	23	26	32	27	34	4.41793824E8	4.03482752E8	4.15542848E8	8.0465414E8	6.2500256E8	7.4721222E8	6.0510504E7	4.8909944E7	4.9669196E7	8.9515464E7	7.0670768E7	8.2691896E7	
sp|Q9QXU8|DC1L1_RAT	Q9QXU8	DC1L1_RAT	Dync1li1	523	Rattus norvegicus	1:Experimental evidence at protein level	Cytoplasmic dynein 1 light intermediate chain 1	1.0	0.999	7	18	18	18	3	2	4	1	3	5	3	2	4	1	3	5	3	2	4	1	3	5	4.1340916E7	3.1689942E7	4.2385568E7	3.7747232E7	2.7393068E7	3.843064E7	1.0324503E7	1.0529193E7	1.0417191E7	1.1889014E7	8704480.0	1.0032404E7	
sp|Q9QY17|PACN2_RAT	Q9QY17	PACN2_RAT	Pacsin2	488	Rattus norvegicus	1:Experimental evidence at protein level	Protein kinase C and casein kinase substrate in neurons 2 protein	1.0	0.999	14	61	61	61	11	10	13	9	10	8	11	10	13	9	10	8	11	10	13	9	10	8	8.4164326E8	9.3240704E8	8.9565741E8	7.6238899E8	7.9053594E8	7.8596416E8	5.9183878E8	6.2716307E8	6.0459622E8	5.23700128E8	5.4805722E8	5.4087718E8	
sp|Q9QY78|IKKB_RAT	Q9QY78	IKKB_RAT	Ikbkb	757	Rattus norvegicus	1:Experimental evidence at protein level	Inhibitor of nuclear factor kappa-B kinase subunit beta	0.7967	0.9922	1	2	2	2	0	1	0	0	1	0	0	1	0	0	1	0	0	1	0	0	1	0	0.0	0.0	0.0	0.0	0.0	0.0	0.0	0.0	0.0	0.0	0.0	0.0	
sp|Q9QYE2|SO1A6_RAT	Q9QYE2	SO1A6_RAT	Slco1a6	670	Rattus norvegicus	2:Experimental evidence at transcript level	Solute carrier organic anion transporter family member 1A6	0.6172	0.9813	1	4	4	4	1	0	1	1	0	1	1	0	1	1	0	1	1	0	1	1	0	1	0.0	0.0	0.0	0.0	0.0	0.0	0.0	0.0	0.0	0.0	0.0	0.0	
sp|Q9QYG8|UCK2_RAT	Q9QYG8	UCK2_RAT	Uck2	261	Rattus norvegicus	2:Experimental evidence at transcript level	Uridine-cytidine kinase 2	0.9994	0.999	2	4	4	4	0	0	1	1	1	1	0	0	1	1	1	1	0	0	1	1	1	1	0.0	0.0	4375027.5	2875579.0	0.0	0.0	0.0	0.0	0.0	0.0	0.0	0.0	
sp|Q9QYH7|GHRL_RAT	Q9QYH7	GHRL_RAT	Ghrl	117	Rattus norvegicus	1:Experimental evidence at protein level	Appetite-regulating hormone	0.9684	0.999	1	1	1	1	0	1	0	0	0	0	0	1	0	0	0	0	0	1	0	0	0	0	0.0	5844888.5	0.0	0.0	0.0	0.0	0.0	0.0	0.0	0.0	0.0	0.0	
sp|Q9QYL8|LYPA2_RAT	Q9QYL8	LYPA2_RAT	Lypla2	231	Rattus norvegicus	1:Experimental evidence at protein level	Acyl-protein thioesterase 2	1.0	0.999	6	24	24	24	3	5	5	4	4	3	3	5	5	4	4	3	3	5	5	4	4	3	1.13698472E8	1.1136684E8	6.86142E7	1.16906688E8	1.25996872E8	8.324412E7	2.8631004E7	2.4620898E7	1.9608616E7	2.9512782E7	3.2408988E7	2.6009608E7	
sp|Q9QYU1|PEX19_RAT	Q9QYU1	PEX19_RAT	Pex19	299	Rattus norvegicus	1:Experimental evidence at protein level	Peroxisomal biogenesis factor 19	0.9994	0.999	3	4	4	4	2	1	1	0	0	0	2	1	1	0	0	0	2	1	1	0	0	0	1.5555524E7	5485244.5	6508259.0	1.1139162E7	0.0	4620808.0	5314289.0	4881413.5	5716292.0	3870393.2	0.0	4117943.5	
sp|Q9QYU2|EFTS_RAT	Q9QYU2	EFTS_RAT	Tsfm	324	Rattus norvegicus	2:Experimental evidence at transcript level	Elongation factor Ts, mitochondrial	1.0	0.999	2	6	6	6	1	0	1	1	2	1	1	0	1	1	2	1	1	0	1	1	2	1	5647050.0	6923843.5	8088160.5	3896706.2	5443978.5	4051868.8	5647050.0	6923843.5	8088160.5	3896706.2	5443978.5	4051868.8	
sp|Q9QZ86|NOP58_RAT	Q9QZ86	NOP58_RAT	Nop58	534	Rattus norvegicus	1:Experimental evidence at protein level	Nucleolar protein 58	1.0	0.999	12	44	44	44	10	8	8	6	6	6	10	8	8	6	6	6	10	8	8	6	6	6	1.00160096E8	7.5526312E7	7.8484688E7	1.30353056E8	8.3963648E7	1.08071248E8	1.2600196E7	1.0492338E7	1.0069575E7	1.5662843E7	1.2075042E7	1.3156483E7	
sp|Q9QZA2|PDC6I_RAT	Q9QZA2	PDC6I_RAT	Pdcd6ip	873	Rattus norvegicus	1:Experimental evidence at protein level	Programmed cell death 6-interacting protein	1.0	0.999	13	49	49	49	9	5	6	10	7	12	9	5	6	10	7	12	9	5	6	10	7	12	9.9317752E7	7.42758E7	6.3270988E7	1.1824552E8	9.0985152E7	1.20935E8	1.4659024E7	1.1366025E7	1.112062E7	1.6635417E7	1.6378806E7	1.7881628E7	
sp|Q9QZM5|ABI1_RAT	Q9QZM5	ABI1_RAT	Abi1	476	Rattus norvegicus	1:Experimental evidence at protein level	Abl interactor 1	1.0	0.999	4	17	17	17	4	4	3	2	2	2	4	4	3	2	2	2	4	4	3	2	2	2	2.3776576E7	2.73733E7	3.0716064E7	3.0685262E7	2.5896122E7	2.9217474E7	8561786.0	9099219.0	9753628.0	1.0437491E7	8757516.0	9815178.0	
sp|Q9QZR6|SEPT9_RAT	Q9QZR6	SEPT9_RAT	Septin9	564	Rattus norvegicus	1:Experimental evidence at protein level	Septin-9	1.0	0.999	14	38	38	38	8	7	6	5	5	7	8	7	6	5	5	7	8	7	6	5	5	7	1.08266792E8	1.08908624E8	1.0427596E8	1.61235008E8	1.05423072E8	1.1347616E8	2.5825934E7	2.8690936E7	2.769292E7	3.0252064E7	2.9640836E7	3.3002446E7	
sp|Q9QZT0|CUZD1_RAT	Q9QZT0	CUZD1_RAT	Cuzd1	607	Rattus norvegicus	2:Experimental evidence at transcript level	CUB and zona pellucida-like domain-containing protein 1	1.0	0.999	6	33	33	33	7	3	3	8	7	5	7	3	3	8	7	5	7	3	3	8	7	5	9.2052104E7	5.2315316E7	5.3621152E7	1.44006048E8	1.39160304E8	1.26249928E8	2.0273064E7	1.2862508E7	1.2417579E7	3.1322294E7	3.0793484E7	3.0255418E7	
sp|Q9R037|WDR44_RAT	Q9R037	WDR44_RAT	Wdr44	908	Rattus norvegicus	1:Experimental evidence at protein level	WD repeat-containing protein 44	0.9969	0.9953	4	8	8	8	2	0	1	2	1	2	2	0	1	2	1	2	2	0	1	2	1	2	0.0	0.0	1094956.2	822617.44	0.0	0.0	0.0	0.0	0.0	0.0	0.0	0.0	
sp|Q9R063|PRDX5_RAT	Q9R063	PRDX5_RAT	Prdx5	213	Rattus norvegicus	1:Experimental evidence at protein level	Peroxiredoxin-5, mitochondrial	1.0	0.999	7	44	44	44	7	8	8	8	7	6	7	8	8	8	7	6	7	8	8	8	7	6	4.28969312E8	4.93905024E8	4.93818112E8	3.81683296E8	4.30046208E8	4.29552416E8	1.22802464E8	1.37979936E8	1.374192E8	1.00774304E8	1.164306E8	1.11910448E8	
sp|Q9R064|GORS2_RAT	Q9R064	GORS2_RAT	Gorasp2	454	Rattus norvegicus	1:Experimental evidence at protein level	Golgi reassembly-stacking protein 2	1.0	0.999	5	17	17	17	2	2	3	3	4	3	2	2	3	3	4	3	2	2	3	3	4	3	6.4307576E7	7.0431168E7	6.8370232E7	7.6958104E7	8.2584832E7	8.59538E7	2.0804848E7	2.2055498E7	2.209336E7	2.484318E7	2.687542E7	3.0273332E7	
sp|Q9R0D6|TCO2_RAT	Q9R0D6	TCO2_RAT	Tcn2	427	Rattus norvegicus	1:Experimental evidence at protein level	Transcobalamin-2	1.0	0.999	8	17	17	17	1	2	3	4	4	3	1	2	3	4	4	3	1	2	3	4	4	3	3.3647128E7	3.3127288E7	3.1067322E7	7.5869376E7	7.0974408E7	8.2248744E7	9752928.0	9330317.0	1.0569209E7	2.7038516E7	2.4805626E7	3.1412124E7	
sp|Q9R0J8|LGMN_RAT	Q9R0J8	LGMN_RAT	Lgmn	435	Rattus norvegicus	1:Experimental evidence at protein level	Legumain	1.0	0.999	4	10	10	10	1	1	2	3	1	2	1	1	2	3	1	2	1	1	2	3	1	2	5.8924532E7	5.7035568E7	6.1018688E7	7.856684E7	5.093588E7	8.2913672E7	2.2693208E7	2.230029E7	2.4067944E7	3.3162434E7	3.634736E7	3.4680056E7	
sp|Q9R0T3|DNJC3_RAT	Q9R0T3	DNJC3_RAT	Dnajc3	504	Rattus norvegicus	1:Experimental evidence at protein level	DnaJ homolog subfamily C member 3	1.0	0.999	12	64	64	64	13	12	12	9	9	9	13	12	12	9	9	9	13	12	12	9	9	9	3.70630528E8	4.23126848E8	4.02006592E8	2.8463664E8	2.74469536E8	2.6788544E8	5.8029348E7	6.2179968E7	5.86944E7	3.9757484E7	4.1919316E7	3.9177036E7	
sp|Q9R0T4|CADH1_RAT	Q9R0T4	CADH1_RAT	Cdh1	886	Rattus norvegicus	1:Experimental evidence at protein level	Cadherin-1	1.0	0.999	6	16	16	16	1	2	0	4	4	5	1	2	0	4	4	5	1	2	0	4	4	5	2.34699E7	2.5616046E7	1.2264365E7	5.4371912E7	7.2240632E7	4.6433232E7	1.0910527E7	6660135.5	5078181.5	1.9074626E7	1.6931246E7	1.829826E7	
sp|Q9R1D1|CTCF_RAT	Q9R1D1	CTCF_RAT	Ctcf	737	Rattus norvegicus	2:Experimental evidence at transcript level	Transcriptional repressor CTCF	1.0	0.999	2	4	4	4	0	2	0	1	1	0	0	2	0	1	1	0	0	2	0	1	1	0	6294662.5	6932027.0	7052313.0	5314340.0	6909128.0	5122158.5	3576646.5	4080659.8	4145925.5	3102740.8	3841938.2	2994600.5	
sp|Q9R1T1|BAF_RAT	Q9R1T1	BAF_RAT	Banf1	89	Rattus norvegicus	1:Experimental evidence at protein level	Barrier-to-autointegration factor	0.9999	0.999	3	17	17	17	3	3	4	2	2	3	3	3	4	2	2	3	3	3	4	2	2	3	4.2110308E7	5.0853748E7	5.224812E7	5.1684844E7	6.3103328E7	6.6464104E7	2.5177264E7	3.1472776E7	3.123338E7	3.1525486E7	3.574882E7	3.9808068E7	
sp|Q9R1T3|CATZ_RAT	Q9R1T3	CATZ_RAT	Ctsz	306	Rattus norvegicus	1:Experimental evidence at protein level	Cathepsin Z	1.0	0.999	5	15	15	15	0	2	1	4	3	5	0	2	1	4	3	5	0	2	1	4	3	5	5514693.0	9399366.0	2.0840176E7	5.265298E7	5.5985272E7	5.8825808E7	5541096.5	9522004.0	8808189.0	1.3741464E7	1.5844531E7	1.796439E7	
sp|Q9WTR7|SC11C_RAT	Q9WTR7	SC11C_RAT	Sec11c	192	Rattus norvegicus	2:Experimental evidence at transcript level	Signal peptidase complex catalytic subunit SEC11C	1.0	0.999	6	31	31	31	7	3	4	6	6	5	7	3	4	6	6	5	7	3	4	6	6	5	1.54145488E8	9.0304304E7	9.6364496E7	1.98722096E8	1.60763456E8	1.41119664E8	5.7313976E7	3.7460784E7	4.0937688E7	7.3096504E7	5.9500212E7	5.6558796E7	
sp|Q9WTT2|CLPB_RAT	Q9WTT2	CLPB_RAT	Clpb	677	Rattus norvegicus	2:Experimental evidence at transcript level	Mitochondrial disaggregase	1.0	0.999	4	6	6	6	1	2	2	0	1	0	1	2	2	0	1	0	1	2	2	0	1	0	3.2196818E7	1.3838564E7	2.4476126E7	7563764.0	2.2731766E7	2.1164184E7	1.8974904E7	8874702.0	1.4409537E7	6030505.5	1.5713173E7	2.1164184E7	
sp|Q9WTT6|GUAD_RAT	Q9WTT6	GUAD_RAT	Gda	454	Rattus norvegicus	1:Experimental evidence at protein level	Guanine deaminase	1.0	0.999	19	106	106	106	16	13	16	20	21	20	16	13	16	20	21	20	16	13	16	20	21	20	3.48977056E8	3.34606752E8	3.33532416E8	6.0600531E8	5.9958355E8	5.9766054E8	4.408874E7	4.245608E7	4.2411888E7	7.1335752E7	7.0649712E7	7.1702048E7	
sp|Q9WTV0|SEC12_RAT	Q9WTV0	SEC12_RAT	Preb	417	Rattus norvegicus	1:Experimental evidence at protein level	Guanine nucleotide-exchange factor SEC12	1.0	0.999	5	15	15	15	2	1	0	4	4	4	2	1	0	4	4	4	2	1	0	4	4	4	1.3266988E7	5161931.0	3550862.2	2.4863194E7	2.33978E7	2.283466E7	5167861.5	2494734.5	1824031.4	8638535.0	7509481.5	7761024.0	
sp|Q9WTV1|CH3L1_RAT	Q9WTV1	CH3L1_RAT	Chi3l1	381	Rattus norvegicus	2:Experimental evidence at transcript level	Chitinase-3-like protein 1	0.9584	0.9987	1	1	1	1	0	0	0	1	0	0	0	0	0	1	0	0	0	0	0	1	0	0	0.0	0.0	0.0	0.0	0.0	0.0	0.0	0.0	0.0	0.0	0.0	0.0	
sp|Q9WTV5|PSMD9_RAT	Q9WTV5	PSMD9_RAT	Psmd9	222	Rattus norvegicus	1:Experimental evidence at protein level	26S proteasome non-ATPase regulatory subunit 9	1.0	0.999	4	10	10	10	2	2	2	3	0	1	2	2	2	3	0	1	2	2	2	3	0	1	1.4216582E7	2.2637652E7	2.384802E7	2.2275244E7	2.2509932E7	2.163451E7	7889441.0	9950345.0	1.0808211E7	9134108.0	1.016107E7	9921819.0	
sp|Q9WU49|CHSP1_RAT	Q9WU49	CHSP1_RAT	Carhsp1	147	Rattus norvegicus	1:Experimental evidence at protein level	Calcium-regulated heat stable protein 1	1.0	0.999	7	71	71	71	12	16	14	10	10	9	12	16	14	10	10	9	12	16	14	10	10	9	3.6026752E8	4.63711008E8	4.3189728E8	4.0188256E8	4.81492416E8	4.92294976E8	1.15387808E8	1.4016032E8	1.36803648E8	1.16174352E8	1.43495664E8	1.35604608E8	
sp|Q9WU74|LSR_RAT	Q9WU74	LSR_RAT	Lsr	593	Rattus norvegicus	1:Experimental evidence at protein level	Lipolysis-stimulated lipoprotein receptor	0.9684	0.999	1	1	1	1	0	0	0	1	0	0	0	0	0	1	0	0	0	0	0	1	0	0	0.0	0.0	0.0	428708.12	1117956.6	0.0	0.0	0.0	0.0	428708.12	1117956.6	0.0	
sp|Q9WU82|CTNB1_RAT	Q9WU82	CTNB1_RAT	Ctnnb1	781	Rattus norvegicus	1:Experimental evidence at protein level	Catenin beta-1	1.0	0.999	13	37	31	37	11	1	3	10	8	4	10	1	3	7	7	3	11	1	3	10	8	4	7.6108248E7	5.2958372E7	4.3183708E7	1.5878856E8	1.39449056E8	1.52428144E8	1.0015363E7	8068256.5	6333860.0	1.9071872E7	1.7170252E7	1.9131252E7	
sp|Q9WUC4|ATOX1_RAT	Q9WUC4	ATOX1_RAT	Atox1	68	Rattus norvegicus	1:Experimental evidence at protein level	Copper transport protein ATOX1	1.0	0.999	3	19	19	19	4	4	4	3	2	2	4	4	4	3	2	2	4	4	4	3	2	2	1.05532104E8	1.2692852E8	1.31457216E8	1.0010652E8	1.27314096E8	1.18078288E8	4.6860636E7	5.29426E7	5.7140332E7	4.01679E7	5.2471008E7	4.8684356E7	
sp|Q9WUC8|PLRG1_RAT	Q9WUC8	PLRG1_RAT	Plrg1	514	Rattus norvegicus	2:Experimental evidence at transcript level	Pleiotropic regulator 1	1.0	0.999	8	19	19	19	2	6	3	2	3	3	2	6	3	2	3	3	2	6	3	2	3	3	1.4072862E7	2.2608058E7	2.3243886E7	1.838403E7	1.5334596E7	2.158698E7	4879712.5	5784212.5	8586769.0	4585638.0	6139542.0	6181485.0	
sp|Q9WUF4|VAMP8_RAT	Q9WUF4	VAMP8_RAT	Vamp8	100	Rattus norvegicus	1:Experimental evidence at protein level	Vesicle-associated membrane protein 8	0.9999	0.999	2	5	5	5	1	0	1	2	1	0	1	0	1	2	1	0	1	0	1	2	1	0	4.006616E7	3.759746E7	2.6972628E7	4.6964636E7	4.28629E7	3.6105004E7	4.006616E7	3.759746E7	2.6972628E7	4.4082136E7	3.823328E7	3.5699276E7	
sp|Q9WUH4|FHL1_RAT	Q9WUH4	FHL1_RAT	Fhl1	280	Rattus norvegicus	2:Experimental evidence at transcript level	Four and a half LIM domains protein 1	1.0	0.999	7	36	36	36	6	6	5	6	5	8	6	6	5	6	5	8	6	6	5	6	5	8	9.5488904E7	1.08105928E8	1.18405376E8	9.8301328E7	1.13402032E8	1.12035536E8	2.7514506E7	3.0522032E7	2.9948888E7	2.7671918E7	3.1913298E7	3.3496628E7	
sp|Q9WUL0|TOP1_RAT	Q9WUL0	TOP1_RAT	Top1	767	Rattus norvegicus	1:Experimental evidence at protein level	DNA topoisomerase 1	1.0	0.999	9	37	37	37	6	6	7	6	6	6	6	6	7	6	6	6	6	6	7	6	6	6	5.215024E7	5.8036192E7	6.3069152E7	5.9174864E7	6.475042E7	6.3301792E7	1.318274E7	1.4394832E7	1.5586512E7	1.4554546E7	1.5738705E7	1.6516791E7	
sp|Q9WUW3|CFAI_RAT	Q9WUW3	CFAI_RAT	Cfi	604	Rattus norvegicus	2:Experimental evidence at transcript level	Complement factor I	1.0	0.999	6	14	14	14	1	0	0	5	4	4	1	0	0	5	4	4	1	0	0	5	4	4	3291058.0	7747859.5	4193403.5	3.0979166E7	2.9109294E7	2.6801078E7	2882281.0	3488396.5	2496297.5	8295214.5	8077565.0	8399688.0	
sp|Q9WV25|PUF60_RAT	Q9WV25	PUF60_RAT	Puf60	564	Rattus norvegicus	2:Experimental evidence at transcript level	Poly(U)-binding-splicing factor PUF60	1.0	0.999	7	28	28	28	5	4	5	4	5	5	5	4	5	4	5	5	5	4	5	4	5	5	4.0520336E7	3.873382E7	4.3964284E7	4.2221888E7	4.5451976E7	4.7585956E7	1.4772361E7	1.3853979E7	1.4338565E7	1.6109817E7	1.5386605E7	1.5892749E7	
sp|Q9WV63|KIF2A_RAT	Q9WV63	KIF2A_RAT	Kif2a	705	Rattus norvegicus	1:Experimental evidence at protein level	Kinesin-like protein KIF2A	0.9996	0.9989	2	7	1	7	1	1	1	2	1	1	0	0	0	1	0	0	1	1	1	2	1	1	7.7509736E7	7.887208E7	7.255724E7	5.859898E7	7.3141344E7	5.230012E7	7.7509736E7	7.887208E7	7.255724E7	5.7309328E7	7.3141344E7	5.230012E7	
sp|Q9WV78|PLVAP_RAT	Q9WV78	PLVAP_RAT	Plvap	438	Rattus norvegicus	1:Experimental evidence at protein level	Plasmalemma vesicle-associated protein	0.9611	0.9988	1	1	1	1	0	0	0	1	0	0	0	0	0	1	0	0	0	0	0	1	0	0	0.0	0.0	0.0	3540977.2	0.0	3073087.5	0.0	0.0	0.0	3540977.2	0.0	3073087.5	
sp|Q9WV97|TIM9_RAT	Q9WV97	TIM9_RAT	Timm9	89	Rattus norvegicus	1:Experimental evidence at protein level	Mitochondrial import inner membrane translocase subunit Tim9	1.0	0.999	3	15	15	15	4	4	4	1	1	1	4	4	4	1	1	1	4	4	4	1	1	1	2.3615604E7	3.8064004E7	3.0043256E7	6983355.5	8927055.0	9522026.0	1.5355691E7	2.4487036E7	1.7755692E7	5995429.5	8927055.0	9522026.0	
sp|Q9WVA1|TIM8A_RAT	Q9WVA1	TIM8A_RAT	Timm8a	97	Rattus norvegicus	1:Experimental evidence at protein level	Mitochondrial import inner membrane translocase subunit Tim8 A	1.0	0.999	3	25	25	25	4	3	5	4	6	3	4	3	5	4	6	3	4	3	5	4	6	3	1.21658016E8	1.78859856E8	1.87113104E8	5.3452552E7	8.7089208E7	7.8144888E7	4.788442E7	6.94992E7	7.3446128E7	2.3187662E7	3.5304544E7	3.316424E7	
sp|Q9WVB1|RAB6A_RAT	Q9WVB1	RAB6A_RAT	Rab6a	208	Rattus norvegicus	1:Experimental evidence at protein level	Ras-related protein Rab-6A	0.9999	0.999	3	5	5	10	1	0	1	1	1	1	1	0	1	1	1	1	2	1	2	1	2	2	2.2326642E7	2.3238258E7	2.5171676E7	2.6001718E7	2.7037242E7	2.5003522E7	1.4213348E7	1.4871219E7	1.6470802E7	1.6468389E7	1.75402E7	1.6302173E7	
sp|Q9WVC0|SEPT7_RAT	Q9WVC0	SEPT7_RAT	Septin7	436	Rattus norvegicus	1:Experimental evidence at protein level	Septin-7	1.0	0.999	13	55	41	55	9	6	8	11	9	12	7	5	6	8	6	9	9	6	8	11	9	12	1.63923072E8	1.4728312E8	1.75369104E8	1.8435728E8	1.6780936E8	2.0219E8	2.8143968E7	2.9995592E7	3.0271144E7	3.3281724E7	3.316776E7	3.4562136E7	
sp|Q9WVE9|ITSN1_RAT	Q9WVE9	ITSN1_RAT	Itsn1	1713	Rattus norvegicus	1:Experimental evidence at protein level	Intersectin-1	0.9685	0.999	1	1	1	1	0	0	1	0	0	0	0	0	1	0	0	0	0	0	1	0	0	0	0.0	0.0	1.574056E8	0.0	0.0	0.0	0.0	0.0	0.0	0.0	0.0	0.0	
sp|Q9WVH8|FBLN5_RAT	Q9WVH8	FBLN5_RAT	Fbln5	448	Rattus norvegicus	2:Experimental evidence at transcript level	Fibulin-5	0.9652	0.9989	1	1	1	1	1	0	0	0	0	0	1	0	0	0	0	0	1	0	0	0	0	0	6182389.5	4341365.0	4305387.5	5346919.5	4993845.0	4620157.0	6182389.5	4341365.0	4305387.5	5346919.5	4993845.0	4620157.0	
sp|Q9WVK3|PECR_RAT	Q9WVK3	PECR_RAT	Pecr	303	Rattus norvegicus	2:Experimental evidence at transcript level	Peroxisomal trans-2-enoyl-CoA reductase	1.0	0.999	9	68	68	68	19	16	16	5	5	7	19	16	16	5	5	7	19	16	16	5	5	7	4.644272E8	4.33243328E8	4.254464E8	2.16944592E8	1.91281568E8	2.08579584E8	9.4814776E7	8.5401104E7	8.460124E7	4.7261716E7	4.2890372E7	4.8066304E7	
sp|Q9WVK7|HCDH_RAT	Q9WVK7	HCDH_RAT	Hadh	314	Rattus norvegicus	2:Experimental evidence at transcript level	Hydroxyacyl-coenzyme A dehydrogenase, mitochondrial	1.0	0.999	11	73	73	73	10	20	15	7	10	11	10	20	15	7	10	11	10	20	15	7	10	11	5.3225216E8	6.3116442E8	5.03015328E8	3.77776224E8	3.59240224E8	4.05383136E8	7.9515008E7	9.772116E7	9.8412216E7	5.8256956E7	6.9226248E7	6.2665748E7	
sp|Q9WVR6|LAT2_RAT	Q9WVR6	LAT2_RAT	Slc7a8	533	Rattus norvegicus	1:Experimental evidence at protein level	Large neutral amino acids transporter small subunit 2	0.9999	0.999	3	7	7	7	1	0	0	3	1	2	1	0	0	3	1	2	1	0	0	3	1	2	8625865.0	5274520.0	3970493.0	1.28613984E8	1.1450366E7	1.04089128E8	1.1982795E7	7325044.5	5141753.5	2.2044138E7	1.617264E7	1.6985662E7	
sp|Q9WVR7|PPM1F_RAT	Q9WVR7	PPM1F_RAT	Ppm1f	450	Rattus norvegicus	2:Experimental evidence at transcript level	Protein phosphatase 1F	0.9685	0.999	1	2	2	2	0	1	1	0	0	0	0	1	1	0	0	0	0	1	1	0	0	0	0.0	0.0	0.0	0.0	0.0	0.0	0.0	0.0	0.0	0.0	0.0	0.0	
sp|Q9WVS2|OSGEP_RAT	Q9WVS2	OSGEP_RAT	Osgep	335	Rattus norvegicus	2:Experimental evidence at transcript level	tRNA N6-adenosine threonylcarbamoyltransferase	1.0	0.999	7	25	25	25	5	3	4	5	4	4	5	3	4	5	4	4	5	3	4	5	4	4	3.4189552E7	3.3844484E7	3.0337934E7	4.0237656E7	3.9661924E7	4.3583276E7	8619820.0	8058346.0	7595615.5	1.0145617E7	9735924.0	1.0911703E7	
sp|Q9Z0J5|TRXR2_RAT	Q9Z0J5	TRXR2_RAT	Txnrd2	526	Rattus norvegicus	1:Experimental evidence at protein level	Thioredoxin reductase 2, mitochondrial	0.9676	0.999	2	1	1	6	0	1	0	0	0	0	0	1	0	0	0	0	1	2	1	1	1	0	1.26031928E8	1.0669256E8	1.13667608E8	1.35863744E8	0.0	1.21881088E8	1.26031928E8	1.0669256E8	1.13667608E8	1.35863744E8	0.0	1.21881088E8	
sp|Q9Z0T0|TPMT_RAT	Q9Z0T0	TPMT_RAT	Tpmt	240	Rattus norvegicus	2:Experimental evidence at transcript level	Thiopurine S-methyltransferase	0.9685	0.999	1	1	1	1	1	0	0	0	0	0	1	0	0	0	0	0	1	0	0	0	0	0	1896784.4	1371645.6	2031855.9	0.0	0.0	0.0	1896784.4	1371645.6	2031855.9	0.0	0.0	0.0	
sp|Q9Z0V5|PRDX4_RAT	Q9Z0V5	PRDX4_RAT	Prdx4	273	Rattus norvegicus	2:Experimental evidence at transcript level	Peroxiredoxin-4	1.0	0.999	13	360	271	360	65	69	68	53	53	52	50	51	52	40	39	39	65	69	68	53	53	52	9.279788E9	9.7565286E9	9.9722547E9	7.7625175E9	8.3526159E9	8.1498004E9	1.02951053E9	1.08010688E9	1.1201152E9	8.9488122E8	9.2509293E8	9.2619674E8	
sp|Q9Z0V6|PRDX3_RAT	Q9Z0V6	PRDX3_RAT	Prdx3	257	Rattus norvegicus	1:Experimental evidence at protein level	Thioredoxin-dependent peroxide reductase, mitochondrial	1.0	0.999	8	91	91	91	19	16	18	12	11	15	19	16	18	12	11	15	19	16	18	12	11	15	4.35308512E8	4.42733728E8	4.52862336E8	3.77789088E8	3.929032E8	4.11289408E8	9.8838192E7	1.02988696E8	1.05992488E8	8.3221048E7	8.3802856E7	9.2962424E7	
sp|Q9Z0W7|CLIC4_RAT	Q9Z0W7	CLIC4_RAT	Clic4	253	Rattus norvegicus	1:Experimental evidence at protein level	Chloride intracellular channel protein 4	1.0	0.999	5	23	17	23	5	5	3	4	3	3	4	4	2	3	2	2	5	5	3	4	3	3	4.390896E7	4.403238E7	4.3298048E7	6.2312588E7	5.6711112E7	5.7993184E7	1.3751822E7	1.3722601E7	1.3690251E7	1.9577936E7	1.7283858E7	1.980332E7	
sp|Q9Z118|PTBP3_RAT	Q9Z118	PTBP3_RAT	Ptbp3	523	Rattus norvegicus	2:Experimental evidence at transcript level	Polypyrimidine tract-binding protein 3	1.0	0.999	6	7	7	25	1	1	1	2	1	1	1	1	1	2	1	1	4	4	5	5	3	4	1.603068E7	9138742.0	9135645.0	1.0664948E7	1.6354327E7	4736878.5	6373936.5	4526788.5	3723165.5	5489947.0	6377015.0	8503695.0	
sp|Q9Z142|TMM33_RAT	Q9Z142	TMM33_RAT	Tmem33	247	Rattus norvegicus	2:Experimental evidence at transcript level	Transmembrane protein 33	1.0	0.999	2	12	12	12	2	2	2	2	2	2	2	2	2	2	2	2	2	2	2	2	2	2	1.3202992E7	7259743.0	6972400.0	1.5950514E7	1.0404358E7	1.4788701E7	7106989.5	3971878.0	3794419.5	8652923.0	5680380.0	8092152.0	
sp|Q9Z144|LEG2_RAT	Q9Z144	LEG2_RAT	Lgals2	130	Rattus norvegicus	2:Experimental evidence at transcript level	Galectin-2	1.0	0.999	8	74	74	74	12	14	13	11	12	12	12	14	13	11	12	12	12	14	13	11	12	12	6.5467718E8	5.8638886E8	8.1954746E8	4.15362144E8	4.72670944E8	7.7519066E8	1.215278E8	1.51957808E8	1.60149792E8	1.11032992E8	1.32019952E8	1.30489056E8	
sp|Q9Z158|STX17_RAT	Q9Z158	STX17_RAT	Stx17	301	Rattus norvegicus	1:Experimental evidence at protein level	Syntaxin-17	1.0	0.999	2	5	5	5	2	1	2	0	0	0	2	1	2	0	0	0	2	1	2	0	0	0	5593369.0	4745736.5	5198772.0	3748988.8	4262626.5	5593367.0	5593369.0	4745736.5	5198772.0	3748988.8	4262626.5	5593367.0	
sp|Q9Z1A6|VIGLN_RAT	Q9Z1A6	VIGLN_RAT	Hdlbp	1268	Rattus norvegicus	1:Experimental evidence at protein level	Vigilin	1.0	0.999	43	469	469	469	85	88	77	74	70	75	85	88	77	74	70	75	85	88	77	74	70	75	4.3898373E9	3.71471181E9	3.69913267E9	4.10864026E9	3.74712806E9	3.9375529E9	2.63891024E8	2.2500136E8	2.25254096E8	2.4681504E8	2.25989808E8	2.35241952E8	
sp|Q9Z1B2|GSTM5_RAT	Q9Z1B2	GSTM5_RAT	Gstm5	225	Rattus norvegicus	1:Experimental evidence at protein level	Glutathione S-transferase Mu 5	0.9879	0.997	4	2	2	11	0	0	1	0	0	1	0	0	1	0	0	1	2	1	2	2	1	3	0.0	858794.7	407121.53	0.0	0.0	2027913.0	0.0	858794.7	407121.53	0.0	0.0	2027913.0	
sp|Q9Z1H9|CAVN3_RAT	Q9Z1H9	CAVN3_RAT	Cavin3	263	Rattus norvegicus	1:Experimental evidence at protein level	Caveolae-associated protein 3	0.9685	0.999	1	1	1	1	0	0	0	1	0	0	0	0	0	1	0	0	0	0	0	1	0	0	2321852.5	3955656.8	3684350.5	6812127.0	7408059.0	6174951.5	2321852.5	3955656.8	3684350.5	6812127.0	7408059.0	6174951.5	
sp|Q9Z1M9|SMC1A_RAT	Q9Z1M9	SMC1A_RAT	Smc1a	1233	Rattus norvegicus	1:Experimental evidence at protein level	Structural maintenance of chromosomes protein 1A	1.0	0.999	4	12	12	12	2	2	2	1	2	3	2	2	2	1	2	3	2	2	2	1	2	3	1.4765724E7	5676768.0	7747075.5	7760671.0	8277589.0	1.7206132E7	4259066.0	4369072.5	4546599.5	5922714.0	6186918.0	6172233.0	
sp|Q9Z1N1|F16P2_RAT	Q9Z1N1	F16P2_RAT	Fbp2	339	Rattus norvegicus	1:Experimental evidence at protein level	Fructose-1,6-bisphosphatase isozyme 2	1.0	0.999	8	49	41	49	9	8	9	7	9	7	7	7	7	7	7	6	9	8	9	7	9	7	4.07424896E8	2.67955472E8	4.1278864E8	3.24010304E8	3.3988976E8	3.25455456E8	8.7432576E7	7.6685032E7	8.7404856E7	6.908324E7	7.3936608E7	7.4573488E7	
sp|Q9Z1N4|BPNT1_RAT	Q9Z1N4	BPNT1_RAT	Bpnt1	308	Rattus norvegicus	1:Experimental evidence at protein level	3'(2'),5'-bisphosphate nucleotidase 1	1.0	0.999	7	21	21	21	6	4	3	2	3	3	6	4	3	2	3	3	6	4	3	2	3	3	3.2347176E7	3.4098416E7	2.7402978E7	2.394046E7	2.6083172E7	2.4611148E7	1.1567257E7	1.2216094E7	8922866.0	8087194.0	8834454.0	8518086.0	
sp|Q9Z1P2|ACTN1_RAT	Q9Z1P2	ACTN1_RAT	Actn1	892	Rattus norvegicus	1:Experimental evidence at protein level	Alpha-actinin-1	1.0	0.999	28	77	77	145	11	12	7	16	15	16	11	12	7	16	15	16	20	23	20	29	26	27	1.78647936E8	1.3572752E8	1.37517296E8	2.55936496E8	2.37878992E8	2.57664576E8	2.659075E7	2.2635158E7	2.2533654E7	3.8096844E7	3.6644668E7	4.1284272E7	
sp|Q9Z1W6|LYRIC_RAT	Q9Z1W6	LYRIC_RAT	Mtdh	581	Rattus norvegicus	1:Experimental evidence at protein level	Protein LYRIC	1.0	0.999	7	19	19	19	5	4	3	4	2	1	5	4	3	4	2	1	5	4	3	4	2	1	3.847922E7	5.455124E7	5.271138E7	3.5031744E7	5.2821168E7	3.624494E7	1.748513E7	1.289251E7	1.2845913E7	1.5548825E7	1.4959132E7	1.6026888E7	
sp|Q9Z1X1|ESYT1_RAT	Q9Z1X1	ESYT1_RAT	Esyt1	1088	Rattus norvegicus	1:Experimental evidence at protein level	Extended synaptotagmin-1	1.0	0.999	7	23	23	23	4	0	3	5	6	5	4	0	3	5	6	5	4	0	3	5	6	5	1.4559644E7	3.1323144E7	3.3805692E7	3.4803652E7	3.3388164E7	3.042402E7	9456982.0	7149444.5	5962172.0	1.5999901E7	1.6205059E7	1.6215746E7	
sp|Q9Z1Z3|EPN2_RAT	Q9Z1Z3	EPN2_RAT	Epn2	583	Rattus norvegicus	1:Experimental evidence at protein level	Epsin-2	0.9558	0.9986	1	1	1	1	0	0	0	0	1	0	0	0	0	0	1	0	0	0	0	0	1	0	0.0	0.0	0.0	0.0	0.0	0.0	0.0	0.0	0.0	0.0	0.0	0.0	
sp|Q9Z1Z6|ILKAP_RAT	Q9Z1Z6	ILKAP_RAT	Ilkap	392	Rattus norvegicus	2:Experimental evidence at transcript level	Integrin-linked kinase-associated serine/threonine phosphatase 2C	0.9672	0.999	1	1	1	1	0	0	0	0	1	0	0	0	0	0	1	0	0	0	0	0	1	0	0.0	0.0	0.0	0.0	0.0	0.0	0.0	0.0	0.0	0.0	0.0	0.0	
sp|Q9Z1Z9|PDLI7_RAT	Q9Z1Z9	PDLI7_RAT	Pdlim7	457	Rattus norvegicus	1:Experimental evidence at protein level	PDZ and LIM domain protein 7	0.9685	0.999	1	1	1	1	0	1	0	0	0	0	0	1	0	0	0	0	0	1	0	0	0	0	2491252.0	1994585.4	2360349.5	3199351.0	3414062.5	0.0	2491252.0	1994585.4	2360349.5	3199351.0	3414062.5	0.0	
sp|Q9Z244|GMPR1_RAT	Q9Z244	GMPR1_RAT	Gmpr	345	Rattus norvegicus	2:Experimental evidence at transcript level	GMP reductase 1	0.7522	0.99	1	1	1	1	0	0	0	1	0	0	0	0	0	1	0	0	0	0	0	1	0	0	0.0	0.0	0.0	0.0	0.0	0.0	0.0	0.0	0.0	0.0	0.0	0.0	
sp|Q9Z254|GIPC1_RAT	Q9Z254	GIPC1_RAT	Gipc1	333	Rattus norvegicus	1:Experimental evidence at protein level	PDZ domain-containing protein GIPC1	0.9685	0.999	1	1	1	1	1	0	0	0	0	0	1	0	0	0	0	0	1	0	0	0	0	0	3180415.0	4478288.0	4056726.2	3761583.2	5048787.0	4360701.0	3180415.0	4478288.0	4056726.2	3761583.2	5048787.0	4360701.0	
sp|Q9Z269|VAPB_RAT	Q9Z269	VAPB_RAT	Vapb	243	Rattus norvegicus	1:Experimental evidence at protein level	Vesicle-associated membrane protein-associated protein B	0.8904	0.9962	2	2	2	8	1	0	0	0	1	0	1	0	0	0	1	0	2	1	1	1	2	1	2425756.8	2802186.2	0.0	3523472.2	3868134.5	3831057.8	2425756.8	2802186.2	0.0	3523472.2	3868134.5	3831057.8	
sp|Q9Z270|VAPA_RAT	Q9Z270	VAPA_RAT	Vapa	249	Rattus norvegicus	1:Experimental evidence at protein level	Vesicle-associated membrane protein-associated protein A	1.0	0.999	5	20	14	20	4	2	2	5	3	4	3	1	1	4	2	3	4	2	2	5	3	4	5.2763572E7	3.7501928E7	3.7161568E7	8.3669752E7	6.6847232E7	7.0659672E7	1.719291E7	1.2887522E7	1.1903762E7	2.2678286E7	2.0312744E7	1.9458422E7	
sp|Q9Z2F5|CTBP1_RAT	Q9Z2F5	CTBP1_RAT	Ctbp1	430	Rattus norvegicus	1:Experimental evidence at protein level	C-terminal-binding protein 1	1.0	0.999	4	7	7	7	0	2	1	2	1	1	0	2	1	2	1	1	0	2	1	2	1	1	2.028516E7	2.6856454E7	2.74834E7	1.4763623E7	2.5377484E7	2.6485222E7	1.0196294E7	9882236.0	1.0003235E7	8837605.0	9381192.0	9844565.0	
sp|Q9Z2G8|NP1L1_RAT	Q9Z2G8	NP1L1_RAT	Nap1l1	390	Rattus norvegicus	1:Experimental evidence at protein level	Nucleosome assembly protein 1-like 1	1.0	0.999	3	13	13	23	3	4	3	1	1	1	3	4	3	1	1	1	4	6	4	3	4	2	4.9694176E7	5.0410336E7	5.7218024E7	5.2678416E7	5.4330824E7	4.8898344E7	3.2910318E7	3.286751E7	3.5510976E7	3.430698E7	3.6018368E7	3.0270264E7	
sp|Q9Z2J4|NEXN_RAT	Q9Z2J4	NEXN_RAT	Nexn	656	Rattus norvegicus	1:Experimental evidence at protein level	Nexilin	0.9664	0.9989	2	3	3	6	1	1	1	0	0	0	1	1	1	0	0	0	1	1	1	1	1	1	2066502.4	2249495.8	2485355.8	1439809.6	1587266.4	1635109.8	2066502.4	2249495.8	2485355.8	1439809.6	1587266.4	1635109.8	
sp|Q9Z2L0|VDAC1_RAT	Q9Z2L0	VDAC1_RAT	Vdac1	283	Rattus norvegicus	1:Experimental evidence at protein level	Non-selective voltage-gated ion channel VDAC1	1.0	0.999	5	19	19	19	4	4	3	3	2	3	4	4	3	3	2	3	4	4	3	3	2	3	2.577106E7	2.2918032E7	1.7441052E7	2.2516154E7	2.4742698E7	2.2536334E7	7482503.0	9843625.0	1.2573003E7	6724227.0	7308667.0	6817106.5	
sp|Q9Z2P6|SNP29_RAT	Q9Z2P6	SNP29_RAT	Snap29	257	Rattus norvegicus	1:Experimental evidence at protein level	Synaptosomal-associated protein 29	1.0	0.999	2	3	3	3	0	0	2	0	0	1	0	0	2	0	0	1	0	0	2	0	0	1	9523715.0	1.0814716E7	1.2430052E7	8038483.0	1.0525185E7	1.0382828E7	6541512.5	7094599.5	7858565.5	5633199.0	7247912.0	7278934.0	
sp|Q9Z2Q1|SC31A_RAT	Q9Z2Q1	SC31A_RAT	Sec31a	1249	Rattus norvegicus	1:Experimental evidence at protein level	Protein transport protein Sec31A	1.0	0.999	22	104	104	104	21	13	10	23	17	20	21	13	10	23	17	20	21	13	10	23	17	20	3.6808192E8	2.47387648E8	2.1346008E8	4.57905888E8	3.91895104E8	3.91972032E8	3.2676104E7	2.2597806E7	1.8772862E7	4.2674472E7	3.5807916E7	3.57839E7	
sp|Q9Z2Q4|METH_RAT	Q9Z2Q4	METH_RAT	Mtr	1253	Rattus norvegicus	1:Experimental evidence at protein level	Methionine synthase	0.9999	0.9988	2	3	3	3	1	1	0	0	1	0	1	1	0	0	1	0	1	1	0	0	1	0	1.0244664E7	3234118.0	3833203.2	8496640.0	3.0471274E7	4338319.5	6202768.0	3826118.8	4534866.0	1.0051938E7	1.0727954E7	5132443.0	
sp|Q9Z339|GSTO1_RAT	Q9Z339	GSTO1_RAT	Gsto1	241	Rattus norvegicus	1:Experimental evidence at protein level	Glutathione S-transferase omega-1	1.0	0.999	7	54	49	54	9	10	7	10	10	8	9	9	6	9	9	7	9	10	7	10	10	8	3.28887808E8	3.19808096E8	3.07069184E8	2.85626848E8	2.57012352E8	2.7708E8	7.0719104E7	7.1855624E7	6.6141012E7	6.0450596E7	5.7318376E7	6.215408E7	
